state,district,year,iso_week,dm_kg,dm_tonnes
Haryana,Ambala,2012,40,743327.1593655815,743.3271593655815
Haryana,Ambala,2012,41,2320947.3058329015,2320.9473058329013
Haryana,Ambala,2012,42,4552921.6247071335,4552.921624707134
Haryana,Ambala,2012,43,5796382.312401188,5796.382312401188
Haryana,Ambala,2012,44,7896431.1342685595,7896.43113426856
Haryana,Ambala,2012,45,5010231.857744021,5010.231857744021
Haryana,Ambala,2012,46,1097877.8081677814,1097.8778081677815
Haryana,Ambala,2012,47,268529.78129830916,268.52978129830916
Haryana,Ambala,2012,48,53926.6373274984,53.9266373274984
Haryana,Ambala,2013,40,264734.308097505,264.734308097505
Haryana,Ambala,2013,41,697860.1963539119,697.8601963539119
Haryana,Ambala,2013,42,4395136.752489673,4395.136752489673
Haryana,Ambala,2013,43,10682167.075483747,10682.167075483747
Haryana,Ambala,2013,44,18014497.24822326,18014.49724822326
Haryana,Ambala,2013,45,11288224.747191284,11288.224747191283
Haryana,Ambala,2013,46,1562243.961507539,1562.243961507539
Haryana,Ambala,2013,47,282831.88667583,282.83188667583
Haryana,Ambala,2013,48,46820.20621141391,46.82020621141391
Haryana,Ambala,2014,40,1402911.6233275533,1402.9116233275533
Haryana,Ambala,2014,41,3341821.1310782484,3341.8211310782485
Haryana,Ambala,2014,42,2603902.544091162,2603.902544091162
Haryana,Ambala,2014,43,5910938.028391739,5910.938028391739
Haryana,Ambala,2014,44,12509863.785685332,12509.863785685333
Haryana,Ambala,2014,45,10252351.118340183,10252.351118340182
Haryana,Ambala,2014,46,2585817.376213912,2585.8173762139118
Haryana,Ambala,2014,47,514134.42163802,514.1344216380201
Haryana,Ambala,2014,48,105902.23568863719,105.90223568863719
Haryana,Ambala,2015,40,357678.1917310158,357.67819173101583
Haryana,Ambala,2015,41,1675442.0818491671,1675.4420818491672
Haryana,Ambala,2015,42,3121028.5985649955,3121.0285985649953
Haryana,Ambala,2015,43,14605812.731955208,14605.812731955208
Haryana,Ambala,2015,44,7619654.658514822,7619.654658514822
Haryana,Ambala,2015,45,8801354.868075892,8801.354868075892
Haryana,Ambala,2015,46,1946076.777029497,1946.0767770294972
Haryana,Ambala,2015,47,199241.05830004578,199.24105830004578
Haryana,Ambala,2015,48,74877.11947500269,74.87711947500269
Haryana,Ambala,2015,49,4009.8483577437496,4.00984835774375
Haryana,Ambala,2016,39,213127.04381517664,213.12704381517665
Haryana,Ambala,2016,40,1284499.8987462223,1284.4998987462222
Haryana,Ambala,2016,41,6978514.040229508,6978.514040229507
Haryana,Ambala,2016,42,9127668.761123084,9127.668761123083
Haryana,Ambala,2016,43,6949616.110455168,6949.616110455168
Haryana,Ambala,2016,44,4532894.869391659,4532.894869391659
Haryana,Ambala,2016,45,1600239.5939999563,1600.2395939999562
Haryana,Ambala,2016,46,663534.104317732,663.534104317732
Haryana,Ambala,2016,47,296776.4743993279,296.77647439932787
Haryana,Ambala,2016,48,14764.719582083408,14.764719582083409
Haryana,Ambala,2017,39,29210.451498507013,29.210451498507013
Haryana,Ambala,2017,40,889325.9780218422,889.3259780218422
Haryana,Ambala,2017,41,3096728.2674569357,3096.7282674569356
Haryana,Ambala,2017,42,11521416.472241107,11521.416472241108
Haryana,Ambala,2017,43,11567859.397030726,11567.859397030727
Haryana,Ambala,2017,44,4639461.695782411,4639.461695782411
Haryana,Ambala,2017,45,1662996.6924479057,1662.9966924479056
Haryana,Ambala,2017,46,741028.6254670027,741.0286254670027
Haryana,Ambala,2017,47,399785.1826825795,399.7851826825795
Haryana,Ambala,2017,48,105982.08208827378,105.98208208827377
Haryana,Ambala,2018,40,273223.4073387077,273.2234073387077
Haryana,Ambala,2018,41,1214144.7314127358,1214.1447314127358
Haryana,Ambala,2018,42,5759278.271907408,5759.2782719074075
Haryana,Ambala,2018,43,5915215.213396532,5915.215213396533
Haryana,Ambala,2018,44,3285803.7038168916,3285.803703816892
Haryana,Ambala,2018,45,1361275.4326559487,1361.2754326559486
Haryana,Ambala,2018,46,340583.6574756039,340.5836574756039
Haryana,Ambala,2018,47,110090.22870795512,110.09022870795512
Haryana,Ambala,2018,48,39210.62813022023,39.210628130220236
Haryana,Bhiwani,2012,40,15.262990772044578,0.015262990772044578
Haryana,Bhiwani,2012,41,24.67735258706366,0.024677352587063658
Haryana,Bhiwani,2012,42,31.26573425644092,0.03126573425644092
Haryana,Bhiwani,2012,43,30.19873166047863,0.03019873166047863
Haryana,Bhiwani,2012,44,153.43558485742983,0.15343558485742984
Haryana,Bhiwani,2012,45,50815.73665780539,50.81573665780539
Haryana,Bhiwani,2012,46,172035.1873639909,172.0351873639909
Haryana,Bhiwani,2012,47,24296.97109882683,24.29697109882683
Haryana,Bhiwani,2012,48,27067.61994873153,27.067619948731533
Haryana,Bhiwani,2013,40,3005.8770518588194,3.0058770518588194
Haryana,Bhiwani,2013,41,7239.6539925987545,7.239653992598755
Haryana,Bhiwani,2013,42,13155.453188708292,13.155453188708291
Haryana,Bhiwani,2013,43,38720.07412558773,38.72007412558773
Haryana,Bhiwani,2013,44,201013.48286917826,201.01348286917826
Haryana,Bhiwani,2013,45,454164.5930960983,454.16459309609826
Haryana,Bhiwani,2013,46,588715.2859685934,588.7152859685934
Haryana,Bhiwani,2013,47,575739.5669257421,575.7395669257421
Haryana,Bhiwani,2013,48,323829.361706778,323.829361706778
Haryana,Bhiwani,2014,40,1.5216912218620443e-05,1.5216912218620443e-08
Haryana,Bhiwani,2014,41,0.0010666425301203144,1.0666425301203145e-06
Haryana,Bhiwani,2014,42,0.013752734386683335,1.3752734386683335e-05
Haryana,Bhiwani,2014,43,0.5040961714925016,0.0005040961714925016
Haryana,Bhiwani,2014,44,6.4581940508291975,0.006458194050829197
Haryana,Bhiwani,2014,45,69.35489392817261,0.06935489392817261
Haryana,Bhiwani,2014,46,24645.960498649874,24.645960498649874
Haryana,Bhiwani,2014,47,5159.939881731487,5.1599398817314865
Haryana,Bhiwani,2014,48,2323458.319751583,2323.458319751583
Haryana,Bhiwani,2015,40,9591.351737305533,9.591351737305533
Haryana,Bhiwani,2015,41,48145.03402996351,48.14503402996351
Haryana,Bhiwani,2015,42,59254.671438872814,59.25467143887281
Haryana,Bhiwani,2015,43,126446.50979798604,126.44650979798604
Haryana,Bhiwani,2015,44,152722.4691275797,152.7224691275797
Haryana,Bhiwani,2015,45,202561.26155716705,202.56126155716706
Haryana,Bhiwani,2015,46,122761.49038566778,122.76149038566778
Haryana,Bhiwani,2015,47,64179.12181528539,64.17912181528538
Haryana,Bhiwani,2015,48,41201.87586784188,41.201875867841885
Haryana,Bhiwani,2015,49,2324.7515476188314,2.3247515476188316
Haryana,Bhiwani,2016,39,728.050051592972,0.728050051592972
Haryana,Bhiwani,2016,40,2914.793246111486,2.914793246111486
Haryana,Bhiwani,2016,41,10731.512628696319,10.731512628696319
Haryana,Bhiwani,2016,42,43069.79721497216,43.06979721497216
Haryana,Bhiwani,2016,43,314409.5112979354,314.4095112979354
Haryana,Bhiwani,2016,44,1078146.895465193,1078.146895465193
Haryana,Bhiwani,2016,45,10994209.623171097,10994.209623171097
Haryana,Bhiwani,2016,46,4231155.8778188,4231.155877818799
Haryana,Bhiwani,2016,47,289494.2356537399,289.4942356537399
Haryana,Bhiwani,2016,48,8559.088718354706,8.559088718354706
Haryana,Bhiwani,2017,39,33.119901878220986,0.03311990187822099
Haryana,Bhiwani,2017,40,1971.8865376643573,1.9718865376643573
Haryana,Bhiwani,2017,41,8154.054198730315,8.154054198730314
Haryana,Bhiwani,2017,42,38548.82457104426,38.54882457104426
Haryana,Bhiwani,2017,43,82651.7896590321,82.6517896590321
Haryana,Bhiwani,2017,44,159199.62143466616,159.19962143466617
Haryana,Bhiwani,2017,45,4808375.496322556,4808.3754963225565
Haryana,Bhiwani,2017,46,266959.5213804143,266.9595213804143
Haryana,Bhiwani,2017,47,520157.0690069277,520.1570690069277
Haryana,Bhiwani,2017,48,125495.31080820045,125.49531080820044
Haryana,Bhiwani,2018,40,0.5802683577189867,0.0005802683577189867
Haryana,Bhiwani,2018,41,6.979275419265759,0.006979275419265759
Haryana,Bhiwani,2018,42,93.60604818365223,0.09360604818365223
Haryana,Bhiwani,2018,43,812.6933691467215,0.8126933691467214
Haryana,Bhiwani,2018,44,7807.018463786402,7.807018463786402
Haryana,Bhiwani,2018,45,139631.34140564906,139.63134140564907
Haryana,Bhiwani,2018,46,569034.8863810607,569.0348863810607
Haryana,Bhiwani,2018,47,472160.13748314715,472.16013748314714
Haryana,Bhiwani,2018,48,66070.71943666687,66.07071943666686
Haryana,Faridabad,2012,40,402.2334724009253,0.4022334724009253
Haryana,Faridabad,2012,41,1225.3715884558337,1.2253715884558338
Haryana,Faridabad,2012,42,2184.307305506766,2.184307305506766
Haryana,Faridabad,2012,43,3149.2875713505628,3.1492875713505626
Haryana,Faridabad,2012,44,5137.7346805737625,5.137734680573763
Haryana,Faridabad,2012,45,15657.631867047545,15.657631867047545
Haryana,Faridabad,2012,46,53194.65688716762,53.19465688716762
Haryana,Faridabad,2012,47,143155.19134304335,143.15519134304336
Haryana,Faridabad,2012,48,47097.25747559468,47.097257475594674
Haryana,Faridabad,2013,40,19735.113924018206,19.735113924018204
Haryana,Faridabad,2013,41,29165.382244066823,29.165382244066823
Haryana,Faridabad,2013,42,19344.995681726363,19.344995681726363
Haryana,Faridabad,2013,43,19417.986489413775,19.417986489413774
Haryana,Faridabad,2013,44,78630.54059517878,78.63054059517879
Haryana,Faridabad,2013,45,55324.12347470323,55.32412347470323
Haryana,Faridabad,2013,46,35614.908804349805,35.6149088043498
Haryana,Faridabad,2013,47,5808.31056236222,5.8083105623622195
Haryana,Faridabad,2013,48,929.2425479956277,0.9292425479956277
Haryana,Faridabad,2014,40,145.17317339543118,0.14517317339543118
Haryana,Faridabad,2014,41,1416.9892193590358,1.4169892193590359
Haryana,Faridabad,2014,42,1055.919457657235,1.055919457657235
Haryana,Faridabad,2014,43,2794.054894128036,2.7940548941280356
Haryana,Faridabad,2014,44,623938.5352284812,623.9385352284812
Haryana,Faridabad,2014,45,118489.0160356674,118.4890160356674
Haryana,Faridabad,2014,46,269830.22192965826,269.83022192965825
Haryana,Faridabad,2014,47,7791.192411690324,7.791192411690324
Haryana,Faridabad,2014,48,703.931860657038,0.7039318606570379
Haryana,Faridabad,2015,40,1.5571542142935944,0.0015571542142935944
Haryana,Faridabad,2015,41,87.11693812472602,0.08711693812472601
Haryana,Faridabad,2015,42,698.6207003769496,0.6986207003769496
Haryana,Faridabad,2015,43,8034.828876441447,8.034828876441447
Haryana,Faridabad,2015,44,24644.019786482615,24.644019786482616
Haryana,Faridabad,2015,45,48196.830697613324,48.19683069761332
Haryana,Faridabad,2015,46,22424.631044316735,22.424631044316733
Haryana,Faridabad,2015,47,5708.886285959783,5.708886285959783
Haryana,Faridabad,2015,48,1161.4007765787048,1.1614007765787049
Haryana,Faridabad,2015,49,20.181377354029635,0.020181377354029636
Haryana,Faridabad,2016,39,11.804293672139474,0.011804293672139475
Haryana,Faridabad,2016,40,301.72499501762474,0.30172499501762473
Haryana,Faridabad,2016,41,5144.974288738041,5.144974288738041
Haryana,Faridabad,2016,42,25075.161149888838,25.07516114988884
Haryana,Faridabad,2016,43,145013.4381279306,145.01343812793058
Haryana,Faridabad,2016,44,609508.335021051,609.508335021051
Haryana,Faridabad,2016,45,298331.9578291259,298.33195782912594
Haryana,Faridabad,2016,46,176516.78712324283,176.51678712324284
Haryana,Faridabad,2016,47,57959.18972570442,57.95918972570442
Haryana,Faridabad,2016,48,2447.4764790428458,2.447476479042846
Haryana,Faridabad,2017,39,221.37575411194825,0.22137575411194826
Haryana,Faridabad,2017,40,9548.652129027223,9.548652129027223
Haryana,Faridabad,2017,41,26281.892237590782,26.28189223759078
Haryana,Faridabad,2017,42,84469.91437195615,84.46991437195615
Haryana,Faridabad,2017,43,119900.5517922697,119.90055179226971
Haryana,Faridabad,2017,44,148705.33264806305,148.70533264806306
Haryana,Faridabad,2017,45,86254.64022215734,86.25464022215733
Haryana,Faridabad,2017,46,20149.185816444493,20.149185816444493
Haryana,Faridabad,2017,47,3914.325834300173,3.9143258343001732
Haryana,Faridabad,2017,48,1470.5528537297896,1.4705528537297896
Haryana,Faridabad,2018,40,9614.11448503811,9.61411448503811
Haryana,Faridabad,2018,41,51223.35683366658,51.22335683366658
Haryana,Faridabad,2018,42,152487.37602250598,152.48737602250597
Haryana,Faridabad,2018,43,94983.63568390996,94.98363568390997
Haryana,Faridabad,2018,44,60128.04782976083,60.12804782976083
Haryana,Faridabad,2018,45,4350.345361349112,4.350345361349112
Haryana,Faridabad,2018,46,1642.7195700559566,1.6427195700559567
Haryana,Faridabad,2018,47,2165.928987965547,2.1659289879655472
Haryana,Faridabad,2018,48,1242.781618366528,1.242781618366528
Haryana,Fatehabad,2012,40,174151.85420345183,174.15185420345182
Haryana,Fatehabad,2012,41,2453162.805748917,2453.162805748917
Haryana,Fatehabad,2012,42,14928415.390288444,14928.415390288445
Haryana,Fatehabad,2012,43,44311215.56079574,44311.21556079574
Haryana,Fatehabad,2012,44,129217780.7404729,129217.7807404729
Haryana,Fatehabad,2012,45,149368652.1763232,149368.6521763232
Haryana,Fatehabad,2012,46,62299005.15899637,62299.00515899638
Haryana,Fatehabad,2012,47,23653013.789272897,23653.013789272896
Haryana,Fatehabad,2012,48,1604053.3465689386,1604.0533465689387
Haryana,Fatehabad,2013,40,1661365.155538922,1661.365155538922
Haryana,Fatehabad,2013,41,8936087.842599249,8936.087842599249
Haryana,Fatehabad,2013,42,28804940.272298124,28804.940272298125
Haryana,Fatehabad,2013,43,64288188.458863586,64288.18845886359
Haryana,Fatehabad,2013,44,162538617.7054902,162538.6177054902
Haryana,Fatehabad,2013,45,168523194.20578313,168523.19420578313
Haryana,Fatehabad,2013,46,58811317.05679506,58811.31705679506
Haryana,Fatehabad,2013,47,6710003.128444817,6710.003128444817
Haryana,Fatehabad,2013,48,197365.4390708955,197.3654390708955
Haryana,Fatehabad,2014,40,13073.227314923995,13.073227314923995
Haryana,Fatehabad,2014,41,148006.600084715,148.006600084715
Haryana,Fatehabad,2014,42,965135.5498400284,965.1355498400284
Haryana,Fatehabad,2014,43,18361402.227059644,18361.402227059643
Haryana,Fatehabad,2014,44,93009459.62274002,93009.45962274002
Haryana,Fatehabad,2014,45,187634178.40263078,187634.1784026308
Haryana,Fatehabad,2014,46,83864326.41821013,83864.32641821014
Haryana,Fatehabad,2014,47,8239518.9537504,8239.5189537504
Haryana,Fatehabad,2014,48,265075.61161192274,265.07561161192274
Haryana,Fatehabad,2015,40,152283.34903366564,152.28334903366564
Haryana,Fatehabad,2015,41,1892657.6024300065,1892.6576024300066
Haryana,Fatehabad,2015,42,4603172.900721935,4603.172900721935
Haryana,Fatehabad,2015,43,21976011.493119504,21976.011493119506
Haryana,Fatehabad,2015,44,62513159.85639892,62513.15985639892
Haryana,Fatehabad,2015,45,171987047.70904258,171987.04770904258
Haryana,Fatehabad,2015,46,126148294.28405404,126148.29428405403
Haryana,Fatehabad,2015,47,38005031.43579567,38005.031435795674
Haryana,Fatehabad,2015,48,8127650.968702754,8127.650968702754
Haryana,Fatehabad,2015,49,146652.0891066555,146.6520891066555
Haryana,Fatehabad,2016,39,1010.1472434685224,1.0101472434685224
Haryana,Fatehabad,2016,40,40880.578219213276,40.88057821921328
Haryana,Fatehabad,2016,41,1515585.3698984105,1515.5853698984106
Haryana,Fatehabad,2016,42,12494744.446740767,12494.744446740768
Haryana,Fatehabad,2016,43,79374918.85485353,79374.91885485353
Haryana,Fatehabad,2016,44,177121359.6828641,177121.3596828641
Haryana,Fatehabad,2016,45,147187589.57367846,147187.58957367847
Haryana,Fatehabad,2016,46,56785984.32147535,56785.98432147535
Haryana,Fatehabad,2016,47,10395451.56701339,10395.45156701339
Haryana,Fatehabad,2016,48,208210.4750808327,208.21047508083268
Haryana,Fatehabad,2017,39,16671.876237951274,16.671876237951274
Haryana,Fatehabad,2017,40,584358.0099921813,584.3580099921813
Haryana,Fatehabad,2017,41,2441343.0073784636,2441.3430073784634
Haryana,Fatehabad,2017,42,11990402.634295208,11990.40263429521
Haryana,Fatehabad,2017,43,46719301.84270749,46719.30184270749
Haryana,Fatehabad,2017,44,121882191.75906478,121882.19175906478
Haryana,Fatehabad,2017,45,119523847.18803808,119523.84718803808
Haryana,Fatehabad,2017,46,74005530.41306928,74005.53041306928
Haryana,Fatehabad,2017,47,34871829.0969827,34871.8290969827
Haryana,Fatehabad,2017,48,6555206.568758,6555.206568758
Haryana,Fatehabad,2018,40,496033.9199006773,496.0339199006773
Haryana,Fatehabad,2018,41,1996786.217390543,1996.786217390543
Haryana,Fatehabad,2018,42,9881120.579959102,9881.120579959103
Haryana,Fatehabad,2018,43,32003170.61360577,32003.170613605773
Haryana,Fatehabad,2018,44,80590303.5835384,80590.30358353839
Haryana,Fatehabad,2018,45,131836024.37041603,131836.02437041604
Haryana,Fatehabad,2018,46,102956529.78466406,102956.52978466406
Haryana,Fatehabad,2018,47,40890403.04286635,40890.40304286635
Haryana,Fatehabad,2018,48,6913667.9593146015,6913.667959314602
Haryana,Gurgaon,2012,40,175.2910159451868,0.1752910159451868
Haryana,Gurgaon,2012,41,302.2031633829299,0.3022031633829299
Haryana,Gurgaon,2012,42,406.651873229712,0.406651873229712
Haryana,Gurgaon,2012,43,416.3060037669251,0.41630600376692506
Haryana,Gurgaon,2012,44,660.0053966477569,0.6600053966477569
Haryana,Gurgaon,2012,45,812.9509289419074,0.8129509289419073
Haryana,Gurgaon,2012,46,4481.5041607535695,4.48150416075357
Haryana,Gurgaon,2012,47,3472.044969800677,3.472044969800677
Haryana,Gurgaon,2012,48,530.569092332252,0.530569092332252
Haryana,Gurgaon,2013,40,0.00026141009326641505,2.61410093266415e-07
Haryana,Gurgaon,2013,41,0.024019204078253916,2.4019204078253918e-05
Haryana,Gurgaon,2013,42,5.206013552964806,0.005206013552964806
Haryana,Gurgaon,2013,43,152.37822250693267,0.15237822250693267
Haryana,Gurgaon,2013,44,169574.0429423224,169.57404294232242
Haryana,Gurgaon,2013,45,87416.2997155642,87.4162997155642
Haryana,Gurgaon,2013,46,48857.43079770237,48.85743079770237
Haryana,Gurgaon,2013,47,8402.533223207123,8.402533223207124
Haryana,Gurgaon,2013,48,77.96233486488383,0.07796233486488383
Haryana,Gurgaon,2014,40,0.0,0.0
Haryana,Gurgaon,2014,41,9.416534494961827e-34,9.416534494961828e-37
Haryana,Gurgaon,2014,42,0.0015319306805293687,1.5319306805293687e-06
Haryana,Gurgaon,2014,43,4.7656498092273445,0.004765649809227344
Haryana,Gurgaon,2014,44,6.5135709588052005e-09,6.5135709588052005e-12
Haryana,Gurgaon,2014,45,0.0,0.0
Haryana,Gurgaon,2014,46,0.0,0.0
Haryana,Gurgaon,2014,47,0.0,0.0
Haryana,Gurgaon,2014,48,0.0,0.0
Haryana,Gurgaon,2015,40,0.0,0.0
Haryana,Gurgaon,2015,41,2.337440188899586e-13,2.3374401888995856e-16
Haryana,Gurgaon,2015,42,7257.175188266299,7.2571751882663
Haryana,Gurgaon,2015,43,2829.156325426877,2.8291563254268772
Haryana,Gurgaon,2015,44,2.2638612317273573e-19,2.2638612317273574e-22
Haryana,Gurgaon,2015,45,0.0,0.0
Haryana,Gurgaon,2015,46,0.0,0.0
Haryana,Gurgaon,2015,47,0.0,0.0
Haryana,Gurgaon,2015,48,0.0,0.0
Haryana,Gurgaon,2015,49,0.0,0.0
Haryana,Gurgaon,2016,39,0.0,0.0
Haryana,Gurgaon,2016,40,0.0,0.0
Haryana,Gurgaon,2016,41,8.213143858319685e-32,8.213143858319685e-35
Haryana,Gurgaon,2016,42,0.5734163379063342,0.0005734163379063342
Haryana,Gurgaon,2016,43,1122.4635567583184,1.1224635567583183
Haryana,Gurgaon,2016,44,3.2919002297116285e-06,3.2919002297116285e-09
Haryana,Gurgaon,2016,45,0.0,0.0
Haryana,Gurgaon,2016,46,2.8294706430377692e-24,2.8294706430377693e-27
Haryana,Gurgaon,2016,47,185.86468012315066,0.18586468012315066
Haryana,Gurgaon,2016,48,2986.45491585334,2.98645491585334
Haryana,Gurgaon,2017,39,0.5075670374854329,0.0005075670374854328
Haryana,Gurgaon,2017,40,6.550085876100059,0.0065500858761000594
Haryana,Gurgaon,2017,41,4.532889082616804,0.004532889082616804
Haryana,Gurgaon,2017,42,4.773616437689573,0.0047736164376895734
Haryana,Gurgaon,2017,43,22465.103123771132,22.465103123771133
Haryana,Gurgaon,2017,44,7862.019887258937,7.8620198872589375
Haryana,Gurgaon,2017,45,24.336869290577877,0.024336869290577875
Haryana,Gurgaon,2017,46,161.61099859320325,0.16161099859320324
Haryana,Gurgaon,2017,47,691.7021540477622,0.6917021540477621
Haryana,Gurgaon,2017,48,545.7260379747596,0.5457260379747596
Haryana,Gurgaon,2018,40,1.4515459996297534e-22,1.4515459996297535e-25
Haryana,Gurgaon,2018,41,13617.850602465742,13.617850602465742
Haryana,Gurgaon,2018,42,340852.5624807254,340.8525624807254
Haryana,Gurgaon,2018,43,1.1847364187922068e-07,1.1847364187922067e-10
Haryana,Gurgaon,2018,44,0.0,0.0
Haryana,Gurgaon,2018,45,0.0,0.0
Haryana,Gurgaon,2018,46,0.0,0.0
Haryana,Gurgaon,2018,47,0.0,0.0
Haryana,Gurgaon,2018,48,0.0,0.0
Haryana,Hisar,2012,40,75983.57349019869,75.9835734901987
Haryana,Hisar,2012,41,369887.02124102204,369.88702124102207
Haryana,Hisar,2012,42,1379040.8593083709,1379.040859308371
Haryana,Hisar,2012,43,2328209.9923816784,2328.2099923816786
Haryana,Hisar,2012,44,3954496.9187257905,3954.4969187257902
Haryana,Hisar,2012,45,2193267.785396464,2193.267785396464
Haryana,Hisar,2012,46,1357711.8485528023,1357.7118485528024
Haryana,Hisar,2012,47,335478.9589653152,335.4789589653152
Haryana,Hisar,2012,48,72997.76770803481,72.99776770803481
Haryana,Hisar,2013,40,123784.01408014155,123.78401408014156
Haryana,Hisar,2013,41,531053.5954699964,531.0535954699965
Haryana,Hisar,2013,42,1784264.7043489972,1784.2647043489972
Haryana,Hisar,2013,43,3881048.7950559477,3881.0487950559477
Haryana,Hisar,2013,44,12569145.863724414,12569.145863724414
Haryana,Hisar,2013,45,8983366.554833826,8983.366554833825
Haryana,Hisar,2013,46,4074762.008494502,4074.762008494502
Haryana,Hisar,2013,47,1105390.8724105428,1105.390872410543
Haryana,Hisar,2013,48,386620.9092437353,386.6209092437353
Haryana,Hisar,2014,40,16771.208706487967,16.77120870648797
Haryana,Hisar,2014,41,73381.42576400368,73.38142576400368
Haryana,Hisar,2014,42,152158.79259650456,152.15879259650455
Haryana,Hisar,2014,43,1218328.014384664,1218.328014384664
Haryana,Hisar,2014,44,2554215.0368079143,2554.215036807914
Haryana,Hisar,2014,45,3594237.1235615923,3594.2371235615924
Haryana,Hisar,2014,46,1707137.0460507264,1707.1370460507264
Haryana,Hisar,2014,47,207964.87629872025,207.96487629872024
Haryana,Hisar,2014,48,20989.039119945293,20.989039119945293
Haryana,Hisar,2015,40,167216.39368784893,167.21639368784892
Haryana,Hisar,2015,41,953984.3430878145,953.9843430878145
Haryana,Hisar,2015,42,1247843.6261341716,1247.8436261341717
Haryana,Hisar,2015,43,3124984.0140184914,3124.9840140184915
Haryana,Hisar,2015,44,4040447.06790791,4040.44706790791
Haryana,Hisar,2015,45,4721648.197617653,4721.648197617653
Haryana,Hisar,2015,46,1954786.057556463,1954.786057556463
Haryana,Hisar,2015,47,677214.4972488912,677.2144972488911
Haryana,Hisar,2015,48,274987.2487855555,274.9872487855555
Haryana,Hisar,2015,49,10367.045960866963,10.367045960866962
Haryana,Hisar,2016,39,48117.36919836195,48.11736919836195
Haryana,Hisar,2016,40,235489.9961515198,235.4899961515198
Haryana,Hisar,2016,41,938924.9157772536,938.9249157772535
Haryana,Hisar,2016,42,2364613.907256115,2364.6139072561155
Haryana,Hisar,2016,43,9740804.237878675,9740.804237878674
Haryana,Hisar,2016,44,13768460.027114157,13768.460027114157
Haryana,Hisar,2016,45,7260729.091964609,7260.729091964609
Haryana,Hisar,2016,46,2727153.8404187406,2727.153840418741
Haryana,Hisar,2016,47,653958.3044653742,653.9583044653742
Haryana,Hisar,2016,48,23762.65296958413,23.76265296958413
Haryana,Hisar,2017,39,16708.25653198814,16.70825653198814
Haryana,Hisar,2017,40,318342.15069859667,318.3421506985967
Haryana,Hisar,2017,41,511450.1057046787,511.45010570467866
Haryana,Hisar,2017,42,1626829.2976441323,1626.8292976441323
Haryana,Hisar,2017,43,3795928.827854021,3795.928827854021
Haryana,Hisar,2017,44,6566912.359022429,6566.912359022429
Haryana,Hisar,2017,45,4961269.132127451,4961.269132127451
Haryana,Hisar,2017,46,1645667.8454920896,1645.6678454920896
Haryana,Hisar,2017,47,521687.37388732657,521.6873738873265
Haryana,Hisar,2017,48,112691.64169931566,112.69164169931565
Haryana,Hisar,2018,40,110156.557050908,110.15655705090799
Haryana,Hisar,2018,41,327923.72544256266,327.92372544256267
Haryana,Hisar,2018,42,1216130.5951015179,1216.1305951015179
Haryana,Hisar,2018,43,2575142.873470611,2575.142873470611
Haryana,Hisar,2018,44,3600176.621232634,3600.176621232634
Haryana,Hisar,2018,45,4211570.914277961,4211.570914277961
Haryana,Hisar,2018,46,4405614.649907101,4405.614649907101
Haryana,Hisar,2018,47,3477869.4615686033,3477.869461568603
Haryana,Hisar,2018,48,353094.5620494122,353.0945620494122
Haryana,Jhajjar,2012,40,6.602814934459925,0.006602814934459925
Haryana,Jhajjar,2012,41,11.383307636543138,0.011383307636543138
Haryana,Jhajjar,2012,42,15.317653608437293,0.015317653608437294
Haryana,Jhajjar,2012,43,15.681307496737896,0.015681307496737896
Haryana,Jhajjar,2012,44,24.863181354706224,0.024863181354706224
Haryana,Jhajjar,2012,45,30.869532491795184,0.030869532491795183
Haryana,Jhajjar,2012,46,24093.11929845695,24.09311929845695
Haryana,Jhajjar,2012,47,5592.952454339657,5.592952454339658
Haryana,Jhajjar,2012,48,10842.263777695965,10.842263777695965
Haryana,Jhajjar,2013,40,17667.578425291893,17.667578425291893
Haryana,Jhajjar,2013,41,20324.799542760516,20.324799542760516
Haryana,Jhajjar,2013,42,10542.618144957607,10.542618144957608
Haryana,Jhajjar,2013,43,10256.933630134405,10.256933630134405
Haryana,Jhajjar,2013,44,21279.130886616713,21.279130886616713
Haryana,Jhajjar,2013,45,36054.45207123065,36.05445207123065
Haryana,Jhajjar,2013,46,185308.29215138522,185.30829215138522
Haryana,Jhajjar,2013,47,334269.6678703711,334.26966787037105
Haryana,Jhajjar,2013,48,180272.93437879853,180.27293437879854
Haryana,Jhajjar,2014,40,5.841268108916964e-05,5.8412681089169636e-08
Haryana,Jhajjar,2014,41,0.022026554500619452,2.202655450061945e-05
Haryana,Jhajjar,2014,42,0.9740336727441178,0.0009740336727441178
Haryana,Jhajjar,2014,43,93.50562097952711,0.09350562097952711
Haryana,Jhajjar,2014,44,2346.012894066796,2.346012894066796
Haryana,Jhajjar,2014,45,35032.427238342345,35.03242723834234
Haryana,Jhajjar,2014,46,245104.67735118917,245.10467735118917
Haryana,Jhajjar,2014,47,535049.8856931208,535.0498856931208
Haryana,Jhajjar,2014,48,1865424.4219012195,1865.4244219012196
Haryana,Jhajjar,2015,40,0.08571241458530669,8.571241458530669e-05
Haryana,Jhajjar,2015,41,0.8498299178957259,0.000849829917895726
Haryana,Jhajjar,2015,42,2.138419604723056,0.002138419604723056
Haryana,Jhajjar,2015,43,11.561867224490877,0.011561867224490877
Haryana,Jhajjar,2015,44,33.00821175973441,0.03300821175973441
Haryana,Jhajjar,2015,45,92.34801331792245,0.09234801331792244
Haryana,Jhajjar,2015,46,128.40436163003184,0.12840436163003185
Haryana,Jhajjar,2015,47,204.44307344200828,0.2044430734420083
Haryana,Jhajjar,2015,48,451.58393297549617,0.45158393297549615
Haryana,Jhajjar,2015,49,280.51017560220396,0.280510175602204
Haryana,Jhajjar,2016,39,0.13099612928863613,0.00013099612928863614
Haryana,Jhajjar,2016,40,1.3878653177260436,0.0013878653177260437
Haryana,Jhajjar,2016,41,11.886816068127567,0.011886816068127568
Haryana,Jhajjar,2016,42,15226.445920861295,15.226445920861295
Haryana,Jhajjar,2016,43,3914.433854731669,3.914433854731669
Haryana,Jhajjar,2016,44,587.147364427918,0.5871473644279179
Haryana,Jhajjar,2016,45,984.5570813145988,0.9845570813145988
Haryana,Jhajjar,2016,46,2187.068661331998,2.187068661331998
Haryana,Jhajjar,2016,47,13520.72711769365,13.52072711769365
Haryana,Jhajjar,2016,48,95825.18182654613,95.82518182654613
Haryana,Jhajjar,2017,39,101.0985223111334,0.10109852231113339
Haryana,Jhajjar,2017,40,2201.17290181183,2.20117290181183
Haryana,Jhajjar,2017,41,3258.096548902634,3.258096548902634
Haryana,Jhajjar,2017,42,6697.80440275318,6.69780440275318
Haryana,Jhajjar,2017,43,13167.138202476413,13.167138202476414
Haryana,Jhajjar,2017,44,26834.350898078294,26.834350898078295
Haryana,Jhajjar,2017,45,3059362.421843418,3059.362421843418
Haryana,Jhajjar,2017,46,33359.48345899642,33.35948345899642
Haryana,Jhajjar,2017,47,43050.23536868536,43.050235368685364
Haryana,Jhajjar,2017,48,24283.54421977436,24.283544219774363
Haryana,Jhajjar,2018,40,0.00016041270603976164,1.6041270603976165e-07
Haryana,Jhajjar,2018,41,1938.3234549251047,1.9383234549251047
Haryana,Jhajjar,2018,42,48515.94853267254,48.51594853267254
Haryana,Jhajjar,2018,43,3.4109281395135818,0.003410928139513582
Haryana,Jhajjar,2018,44,45.80270297079902,0.04580270297079902
Haryana,Jhajjar,2018,45,516.4430217140933,0.5164430217140933
Haryana,Jhajjar,2018,46,2107.3687077069762,2.1073687077069763
Haryana,Jhajjar,2018,47,4175.391517029306,4.175391517029306
Haryana,Jhajjar,2018,48,3028.646464242168,3.028646464242168
Haryana,Jind,2012,40,109437.29651960105,109.43729651960105
Haryana,Jind,2012,41,1158879.2634158765,1158.8792634158765
Haryana,Jind,2012,42,5291232.6140410835,5291.232614041083
Haryana,Jind,2012,43,10718988.085800122,10718.988085800123
Haryana,Jind,2012,44,19526137.89253225,19526.137892532253
Haryana,Jind,2012,45,14286839.772528326,14286.839772528327
Haryana,Jind,2012,46,3904934.0550481654,3904.934055048165
Haryana,Jind,2012,47,1174381.4994224852,1174.3814994224851
Haryana,Jind,2012,48,92440.76710845633,92.44076710845633
Haryana,Jind,2013,40,164815.95026485802,164.81595026485803
Haryana,Jind,2013,41,1243477.9519151263,1243.4779519151264
Haryana,Jind,2013,42,5675971.810130404,5675.971810130404
Haryana,Jind,2013,43,15223440.169201517,15223.440169201518
Haryana,Jind,2013,44,36488711.81530934,36488.71181530934
Haryana,Jind,2013,45,29834500.697102193,29834.500697102194
Haryana,Jind,2013,46,5429440.744159195,5429.440744159195
Haryana,Jind,2013,47,1424396.3439635683,1424.3963439635684
Haryana,Jind,2013,48,1428110.1452947874,1428.1101452947873
Haryana,Jind,2014,40,673.0617988887078,0.6730617988887078
Haryana,Jind,2014,41,39274.58762749224,39.27458762749224
Haryana,Jind,2014,42,269590.8441056558,269.5908441056558
Haryana,Jind,2014,43,3182366.045675988,3182.366045675988
Haryana,Jind,2014,44,15926858.942826573,15926.858942826573
Haryana,Jind,2014,45,37904850.827902876,37904.850827902876
Haryana,Jind,2014,46,11384959.049518997,11384.959049518997
Haryana,Jind,2014,47,1294751.6007548287,1294.7516007548286
Haryana,Jind,2014,48,400828.66947267845,400.8286694726784
Haryana,Jind,2015,40,156127.34836536678,156.12734836536677
Haryana,Jind,2015,41,1596650.673797778,1596.6506737977782
Haryana,Jind,2015,42,3737047.273896825,3737.047273896825
Haryana,Jind,2015,43,12884445.582126083,12884.445582126084
Haryana,Jind,2015,44,18133856.131929062,18133.856131929064
Haryana,Jind,2015,45,27421718.500112507,27421.718500112507
Haryana,Jind,2015,46,10785852.178687006,10785.852178687006
Haryana,Jind,2015,47,2066796.7057886552,2066.7967057886553
Haryana,Jind,2015,48,518647.54112935555,518.6475411293555
Haryana,Jind,2015,49,13821.67888146693,13.82167888146693
Haryana,Jind,2016,39,6317.304158300856,6.317304158300856
Haryana,Jind,2016,40,177474.19524597176,177.47419524597177
Haryana,Jind,2016,41,3144132.3027327824,3144.1323027327826
Haryana,Jind,2016,42,11591168.670836346,11591.168670836347
Haryana,Jind,2016,43,33064258.42562531,33064.25842562531
Haryana,Jind,2016,44,35620472.85309206,35620.47285309206
Haryana,Jind,2016,45,11905819.304068401,11905.819304068402
Haryana,Jind,2016,46,1931376.434857077,1931.376434857077
Haryana,Jind,2016,47,506469.4752354119,506.4694752354119
Haryana,Jind,2016,48,42808.80863580281,42.808808635802805
Haryana,Jind,2017,39,4408.203320631222,4.4082033206312214
Haryana,Jind,2017,40,189872.67136155002,189.87267136155003
Haryana,Jind,2017,41,1156666.716890686,1156.6667168906858
Haryana,Jind,2017,42,5860331.22061697,5860.33122061697
Haryana,Jind,2017,43,16077161.357489098,16077.161357489098
Haryana,Jind,2017,44,27180110.463493347,27180.110463493347
Haryana,Jind,2017,45,14785537.369756874,14785.537369756874
Haryana,Jind,2017,46,3638297.0232786685,3638.2970232786683
Haryana,Jind,2017,47,848315.8087203464,848.3158087203465
Haryana,Jind,2017,48,158325.6148002539,158.3256148002539
Haryana,Jind,2018,40,225705.44115869098,225.70544115869097
Haryana,Jind,2018,41,696184.0205833673,696.1840205833673
Haryana,Jind,2018,42,3432410.55233478,3432.41055233478
Haryana,Jind,2018,43,10274984.896802928,10274.98489680293
Haryana,Jind,2018,44,21631230.93986827,21631.23093986827
Haryana,Jind,2018,45,31104551.655899797,31104.551655899795
Haryana,Jind,2018,46,20477079.472411875,20477.079472411875
Haryana,Jind,2018,47,5851364.83856895,5851.36483856895
Haryana,Jind,2018,48,744776.337369113,744.776337369113
Haryana,Kaithal,2012,40,2999741.2177051245,2999.7412177051247
Haryana,Kaithal,2012,41,15366967.461632445,15366.967461632445
Haryana,Kaithal,2012,42,35978236.86002446,35978.23686002446
Haryana,Kaithal,2012,43,42610591.29846603,42610.591298466024
Haryana,Kaithal,2012,44,54573291.68268347,54573.29168268347
Haryana,Kaithal,2012,45,29626524.45712685,29626.52445712685
Haryana,Kaithal,2012,46,4309374.619566559,4309.374619566559
Haryana,Kaithal,2012,47,536085.4778399204,536.0854778399205
Haryana,Kaithal,2012,48,22120.24275615384,22.12024275615384
Haryana,Kaithal,2013,40,174383.23652425827,174.38323652425828
Haryana,Kaithal,2013,41,1773438.0422064343,1773.4380422064344
Haryana,Kaithal,2013,42,24564660.70592105,24564.66070592105
Haryana,Kaithal,2013,43,67106035.61447911,67106.03561447911
Haryana,Kaithal,2013,44,77784534.14825152,77784.53414825152
Haryana,Kaithal,2013,45,51987397.576487094,51987.39757648709
Haryana,Kaithal,2013,46,8042726.625591511,8042.726625591511
Haryana,Kaithal,2013,47,399859.87908137374,399.8598790813737
Haryana,Kaithal,2013,48,3603.8832386088156,3.6038832386088155
Haryana,Kaithal,2014,40,133221.64837645428,133.22164837645428
Haryana,Kaithal,2014,41,1627543.2456452947,1627.5432456452947
Haryana,Kaithal,2014,42,5357480.324663005,5357.4803246630045
Haryana,Kaithal,2014,43,35994698.20829332,35994.69820829332
Haryana,Kaithal,2014,44,72768692.75086112,72768.69275086113
Haryana,Kaithal,2014,45,73905511.1102693,73905.51111026929
Haryana,Kaithal,2014,46,13096572.936777387,13096.572936777387
Haryana,Kaithal,2014,47,1119572.7128466188,1119.5727128466187
Haryana,Kaithal,2014,48,67431.25377611471,67.43125377611472
Haryana,Kaithal,2015,40,1518944.020935509,1518.944020935509
Haryana,Kaithal,2015,41,15085786.85555482,15085.78685555482
Haryana,Kaithal,2015,42,24376034.90662319,24376.03490662319
Haryana,Kaithal,2015,43,51490095.68763466,51490.09568763466
Haryana,Kaithal,2015,44,43408182.05910737,43408.18205910737
Haryana,Kaithal,2015,45,59904805.09765659,59904.805097656594
Haryana,Kaithal,2015,46,22076426.31941084,22076.42631941084
Haryana,Kaithal,2015,47,2280916.9307375196,2280.9169307375196
Haryana,Kaithal,2015,48,433764.64280228235,433.76464280228237
Haryana,Kaithal,2015,49,11622.337096471421,11.622337096471421
Haryana,Kaithal,2016,39,863687.4540755836,863.6874540755836
Haryana,Kaithal,2016,40,9827703.441350123,9827.703441350122
Haryana,Kaithal,2016,41,61589619.414633006,61589.61941463301
Haryana,Kaithal,2016,42,68610432.00283456,68610.43200283455
Haryana,Kaithal,2016,43,53737637.43080134,53737.63743080134
Haryana,Kaithal,2016,44,36390065.09840892,36390.06509840892
Haryana,Kaithal,2016,45,12044118.21615842,12044.11821615842
Haryana,Kaithal,2016,46,1726136.8385535183,1726.1368385535184
Haryana,Kaithal,2016,47,230671.4219172354,230.6714219172354
Haryana,Kaithal,2016,48,4818.058427723895,4.818058427723895
Haryana,Kaithal,2017,39,95432.9336612107,95.4329336612107
Haryana,Kaithal,2017,40,7607847.154446362,7607.847154446362
Haryana,Kaithal,2017,41,31232845.69676098,31232.845696760978
Haryana,Kaithal,2017,42,66963290.33890504,66963.29033890503
Haryana,Kaithal,2017,43,66206947.338428065,66206.94733842807
Haryana,Kaithal,2017,44,55341492.65021567,55341.492650215674
Haryana,Kaithal,2017,45,11934661.510536099,11934.6615105361
Haryana,Kaithal,2017,46,1808175.8231712622,1808.1758231712622
Haryana,Kaithal,2017,47,190566.2581131128,190.5662581131128
Haryana,Kaithal,2017,48,14473.656407466397,14.473656407466397
Haryana,Kaithal,2018,40,5532276.369789693,5532.276369789693
Haryana,Kaithal,2018,41,13814281.258242318,13814.281258242318
Haryana,Kaithal,2018,42,36799826.69203257,36799.82669203257
Haryana,Kaithal,2018,43,39101278.99940177,39101.27899940177
Haryana,Kaithal,2018,44,38166390.298809335,38166.39029880933
Haryana,Kaithal,2018,45,26243140.08368239,26243.140083682392
Haryana,Kaithal,2018,46,9338717.712221747,9338.717712221747
Haryana,Kaithal,2018,47,1751331.8229569886,1751.3318229569886
Haryana,Kaithal,2018,48,150983.57446305078,150.9835744630508
Haryana,Karnal,2012,40,7572445.145646409,7572.445145646409
Haryana,Karnal,2012,41,22669767.62372134,22669.767623721338
Haryana,Karnal,2012,42,30686075.108410407,30686.07510841041
Haryana,Karnal,2012,43,20171530.842715055,20171.530842715056
Haryana,Karnal,2012,44,12299617.768029101,12299.617768029102
Haryana,Karnal,2012,45,4521785.696093146,4521.785696093146
Haryana,Karnal,2012,46,1214090.9586327095,1214.0909586327095
Haryana,Karnal,2012,47,708575.6366287804,708.5756366287804
Haryana,Karnal,2012,48,395516.8566575312,395.5168566575312
Haryana,Karnal,2013,40,1784511.2526811291,1784.5112526811292
Haryana,Karnal,2013,41,5621570.669818916,5621.570669818916
Haryana,Karnal,2013,42,15680314.245833872,15680.314245833872
Haryana,Karnal,2013,43,20177328.355679173,20177.328355679172
Haryana,Karnal,2013,44,22974790.885872327,22974.790885872328
Haryana,Karnal,2013,45,10037167.826221542,10037.167826221543
Haryana,Karnal,2013,46,1231451.7305447757,1231.4517305447757
Haryana,Karnal,2013,47,158055.5274140044,158.05552741400442
Haryana,Karnal,2013,48,27088.717300566044,27.088717300566046
Haryana,Karnal,2014,40,5274242.090056129,5274.242090056129
Haryana,Karnal,2014,41,14103283.205083491,14103.283205083491
Haryana,Karnal,2014,42,12419443.658579875,12419.443658579874
Haryana,Karnal,2014,43,23746179.81160847,23746.179811608472
Haryana,Karnal,2014,44,20688418.473716367,20688.418473716367
Haryana,Karnal,2014,45,18820682.676412996,18820.682676412995
Haryana,Karnal,2014,46,11028227.978762152,11028.227978762152
Haryana,Karnal,2014,47,3906719.490794899,3906.719490794899
Haryana,Karnal,2014,48,996663.0843479644,996.6630843479644
Haryana,Karnal,2015,40,3830223.2816903368,3830.223281690337
Haryana,Karnal,2015,41,14762740.538939754,14762.740538939754
Haryana,Karnal,2015,42,13582144.209226752,13582.144209226752
Haryana,Karnal,2015,43,26663827.837947883,26663.827837947883
Haryana,Karnal,2015,44,14115663.568574896,14115.663568574895
Haryana,Karnal,2015,45,11532638.372967744,11532.638372967744
Haryana,Karnal,2015,46,4199140.550287917,4199.140550287917
Haryana,Karnal,2015,47,1433992.8574506133,1433.9928574506132
Haryana,Karnal,2015,48,694799.5450542658,694.7995450542658
Haryana,Karnal,2015,49,31158.24763141852,31.15824763141852
Haryana,Karnal,2016,39,1560836.3340577853,1560.8363340577853
Haryana,Karnal,2016,40,12749347.212234443,12749.347212234443
Haryana,Karnal,2016,41,59430190.75971858,59430.190759718585
Haryana,Karnal,2016,42,37171109.64727567,37171.10964727567
Haryana,Karnal,2016,43,19432466.860344622,19432.466860344623
Haryana,Karnal,2016,44,6978428.655221638,6978.428655221638
Haryana,Karnal,2016,45,1687932.4939082637,1687.9324939082637
Haryana,Karnal,2016,46,752066.6309247608,752.0666309247608
Haryana,Karnal,2016,47,519140.806760862,519.140806760862
Haryana,Karnal,2016,48,193552.74359626762,193.55274359626762
Haryana,Karnal,2017,39,227583.22738464153,227.58322738464153
Haryana,Karnal,2017,40,13038401.770798283,13038.401770798282
Haryana,Karnal,2017,41,33949500.32048354,33949.500320483545
Haryana,Karnal,2017,42,49648881.57441009,49648.88157441009
Haryana,Karnal,2017,43,24119909.57616043,24119.90957616043
Haryana,Karnal,2017,44,7755002.435924001,7755.0024359240015
Haryana,Karnal,2017,45,3159332.031188166,3159.3320311881657
Haryana,Karnal,2017,46,1481357.7388573722,1481.3577388573722
Haryana,Karnal,2017,47,768871.0422182584,768.8710422182584
Haryana,Karnal,2017,48,305295.4593505968,305.29545935059684
Haryana,Karnal,2018,40,2466864.528201208,2466.864528201208
Haryana,Karnal,2018,41,6058071.473961897,6058.071473961897
Haryana,Karnal,2018,42,16602397.623748332,16602.397623748333
Haryana,Karnal,2018,43,11032827.57368223,11032.82757368223
Haryana,Karnal,2018,44,4240874.018955467,4240.874018955467
Haryana,Karnal,2018,45,1917333.7224375103,1917.3337224375102
Haryana,Karnal,2018,46,1038238.7624841472,1038.2387624841472
Haryana,Karnal,2018,47,555807.0800500512,555.8070800500512
Haryana,Karnal,2018,48,249357.78685067705,249.35778685067706
Haryana,Kurukshetra,2012,40,4182004.327260445,4182.004327260445
Haryana,Kurukshetra,2012,41,13116203.61938541,13116.203619385411
Haryana,Kurukshetra,2012,42,23009591.98139754,23009.591981397538
Haryana,Kurukshetra,2012,43,22053533.551522672,22053.533551522672
Haryana,Kurukshetra,2012,44,20740388.951691322,20740.388951691322
Haryana,Kurukshetra,2012,45,9443963.449071357,9443.963449071358
Haryana,Kurukshetra,2012,46,1584439.9743059762,1584.4399743059762
Haryana,Kurukshetra,2012,47,336726.27383623517,336.7262738362352
Haryana,Kurukshetra,2012,48,47063.33462125617,47.06333462125617
Haryana,Kurukshetra,2013,40,849328.9990591324,849.3289990591325
Haryana,Kurukshetra,2013,41,3618924.5685677957,3618.9245685677956
Haryana,Kurukshetra,2013,42,19100053.649129633,19100.053649129633
Haryana,Kurukshetra,2013,43,28637727.416836973,28637.727416836973
Haryana,Kurukshetra,2013,44,24797922.60290278,24797.92260290278
Haryana,Kurukshetra,2013,45,14301314.364295416,14301.314364295416
Haryana,Kurukshetra,2013,46,2312116.2311928915,2312.1162311928915
Haryana,Kurukshetra,2013,47,106067.37779990425,106.06737779990425
Haryana,Kurukshetra,2013,48,1469.5103241567176,1.4695103241567176
Haryana,Kurukshetra,2014,40,5653552.228557657,5653.552228557657
Haryana,Kurukshetra,2014,41,12431061.660356915,12431.061660356914
Haryana,Kurukshetra,2014,42,9314363.434073633,9314.363434073633
Haryana,Kurukshetra,2014,43,17168200.73962354,17168.20073962354
Haryana,Kurukshetra,2014,44,18115030.44198425,18115.03044198425
Haryana,Kurukshetra,2014,45,13219080.676889349,13219.080676889349
Haryana,Kurukshetra,2014,46,3678962.5061486633,3678.962506148663
Haryana,Kurukshetra,2014,47,1038293.0609345608,1038.2930609345608
Haryana,Kurukshetra,2014,48,278747.10072410555,278.74710072410556
Haryana,Kurukshetra,2015,40,2065123.6231016642,2065.123623101664
Haryana,Kurukshetra,2015,41,10210978.608970257,10210.978608970256
Haryana,Kurukshetra,2015,42,12352931.71773464,12352.93171773464
Haryana,Kurukshetra,2015,43,22746159.888284832,22746.159888284834
Haryana,Kurukshetra,2015,44,13833707.718503933,13833.707718503934
Haryana,Kurukshetra,2015,45,9666439.159303114,9666.439159303114
Haryana,Kurukshetra,2015,46,2474453.5161458934,2474.4535161458934
Haryana,Kurukshetra,2015,47,299757.4312092653,299.7574312092653
Haryana,Kurukshetra,2015,48,108589.91762196843,108.58991762196843
Haryana,Kurukshetra,2015,49,5400.652163528701,5.400652163528701
Haryana,Kurukshetra,2016,39,397646.5188070187,397.6465188070187
Haryana,Kurukshetra,2016,40,5078183.077686589,5078.183077686589
Haryana,Kurukshetra,2016,41,28317039.3878763,28317.0393878763
Haryana,Kurukshetra,2016,42,27475349.692629203,27475.349692629203
Haryana,Kurukshetra,2016,43,12101567.677708598,12101.567677708597
Haryana,Kurukshetra,2016,44,4065965.114487894,4065.965114487894
Haryana,Kurukshetra,2016,45,649552.5139651783,649.5525139651783
Haryana,Kurukshetra,2016,46,145708.04152863263,145.70804152863263
Haryana,Kurukshetra,2016,47,63225.1183439428,63.225118343942796
Haryana,Kurukshetra,2016,48,10741.271213947564,10.741271213947565
Haryana,Kurukshetra,2017,39,28034.348134395255,28.034348134395255
Haryana,Kurukshetra,2017,40,2693051.020684517,2693.051020684517
Haryana,Kurukshetra,2017,41,15118799.999526149,15118.799999526149
Haryana,Kurukshetra,2017,42,38650270.79877751,38650.270798777514
Haryana,Kurukshetra,2017,43,22705304.117095493,22705.304117095493
Haryana,Kurukshetra,2017,44,8562847.11136422,8562.847111364219
Haryana,Kurukshetra,2017,45,1007227.3517377399,1007.2273517377399
Haryana,Kurukshetra,2017,46,263091.2462132014,263.0912462132014
Haryana,Kurukshetra,2017,47,137480.38723446676,137.48038723446678
Haryana,Kurukshetra,2017,48,40375.44095370099,40.375440953700995
Haryana,Kurukshetra,2018,40,1660932.8695319365,1660.9328695319364
Haryana,Kurukshetra,2018,41,5267299.148249779,5267.299148249779
Haryana,Kurukshetra,2018,42,18588838.424704053,18588.838424704052
Haryana,Kurukshetra,2018,43,16076378.116263347,16076.378116263346
Haryana,Kurukshetra,2018,44,7733453.2489355095,7733.45324893551
Haryana,Kurukshetra,2018,45,3077371.6382519095,3077.3716382519096
Haryana,Kurukshetra,2018,46,818365.8442510635,818.3658442510635
Haryana,Kurukshetra,2018,47,151730.23452496156,151.73023452496156
Haryana,Kurukshetra,2018,48,27201.111577306452,27.201111577306452
Haryana,Mahendragarh,2012,40,0.0,0.0
Haryana,Mahendragarh,2012,41,0.0,0.0
Haryana,Mahendragarh,2012,42,0.0,0.0
Haryana,Mahendragarh,2012,43,0.0,0.0
Haryana,Mahendragarh,2012,44,0.0002678633050876675,2.678633050876675e-07
Haryana,Mahendragarh,2012,45,149074.95827578034,149.07495827578035
Haryana,Mahendragarh,2012,46,60.74704076633498,0.060747040766334984
Haryana,Mahendragarh,2012,47,6630.180415848349,6.630180415848349
Haryana,Mahendragarh,2012,48,12915.030173990057,12.915030173990058
Haryana,Mahendragarh,2013,40,0.0,0.0
Haryana,Mahendragarh,2013,41,0.0,0.0
Haryana,Mahendragarh,2013,42,0.0,0.0
Haryana,Mahendragarh,2013,43,0.0,0.0
Haryana,Mahendragarh,2013,44,0.0,0.0
Haryana,Mahendragarh,2013,45,0.0,0.0
Haryana,Mahendragarh,2013,46,0.0,0.0
Haryana,Mahendragarh,2013,47,0.0,0.0
Haryana,Mahendragarh,2013,48,0.0,0.0
Haryana,Mahendragarh,2014,40,0.0,0.0
Haryana,Mahendragarh,2014,41,0.0,0.0
Haryana,Mahendragarh,2014,42,0.0,0.0
Haryana,Mahendragarh,2014,43,0.0,0.0
Haryana,Mahendragarh,2014,44,0.0,0.0
Haryana,Mahendragarh,2014,45,0.0,0.0
Haryana,Mahendragarh,2014,46,3.743453504729219e-37,3.743453504729219e-40
Haryana,Mahendragarh,2014,47,0.2013893878473881,0.0002013893878473881
Haryana,Mahendragarh,2014,48,32165.396688799156,32.165396688799156
Haryana,Mahendragarh,2015,40,201.54544348069396,0.20154544348069398
Haryana,Mahendragarh,2015,41,1947.2044759690698,1.9472044759690699
Haryana,Mahendragarh,2015,42,4315.873229087066,4.315873229087066
Haryana,Mahendragarh,2015,43,17375.778978143415,17.375778978143416
Haryana,Mahendragarh,2015,44,33090.59730469115,33.09059730469115
Haryana,Mahendragarh,2015,45,57648.331418991766,57.648331418991766
Haryana,Mahendragarh,2015,46,43449.02572925875,43.44902572925875
Haryana,Mahendragarh,2015,47,29155.24374037289,29.155243740372892
Haryana,Mahendragarh,2015,48,22511.124487428835,22.511124487428834
Haryana,Mahendragarh,2015,49,1311.8116720470528,1.3118116720470527
Haryana,Mahendragarh,2016,39,1792.1554412729845,1.7921554412729845
Haryana,Mahendragarh,2016,40,6840.512953627934,6.840512953627933
Haryana,Mahendragarh,2016,41,17826.040934759367,17.826040934759366
Haryana,Mahendragarh,2016,42,34685.82658484913,34.68582658484913
Haryana,Mahendragarh,2016,43,24830.870714196793,24.830870714196795
Haryana,Mahendragarh,2016,44,147151.90117712636,147.15190117712635
Haryana,Mahendragarh,2016,45,6899.066880824707,6.899066880824708
Haryana,Mahendragarh,2016,46,2178.151882274939,2.178151882274939
Haryana,Mahendragarh,2016,47,548.6591336074652,0.5486591336074651
Haryana,Mahendragarh,2016,48,22.008740948813436,0.022008740948813436
Haryana,Mahendragarh,2017,39,0.0,0.0
Haryana,Mahendragarh,2017,40,0.0,0.0
Haryana,Mahendragarh,2017,41,0.0,0.0
Haryana,Mahendragarh,2017,42,0.0,0.0
Haryana,Mahendragarh,2017,43,7.105525881498368e-23,7.105525881498368e-26
Haryana,Mahendragarh,2017,44,15386.732417419262,15.386732417419262
Haryana,Mahendragarh,2017,45,536642.151160022,536.642151160022
Haryana,Mahendragarh,2017,46,1.8049370046080747e-07,1.8049370046080746e-10
Haryana,Mahendragarh,2017,47,0.0,0.0
Haryana,Mahendragarh,2017,48,0.0,0.0
Haryana,Mahendragarh,2018,40,0.0,0.0
Haryana,Mahendragarh,2018,41,0.0,0.0
Haryana,Mahendragarh,2018,42,0.0,0.0
Haryana,Mahendragarh,2018,43,0.0,0.0
Haryana,Mahendragarh,2018,44,1.1991748687069918e-05,1.1991748687069918e-08
Haryana,Mahendragarh,2018,45,9550.621435143918,9.550621435143917
Haryana,Mahendragarh,2018,46,4.781719979080931,0.004781719979080931
Haryana,Mahendragarh,2018,47,5.291882787244294e-31,5.291882787244294e-34
Haryana,Mahendragarh,2018,48,0.0,0.0
Haryana,Mewat,2012,40,317.3033205382638,0.31730332053826377
Haryana,Mewat,2012,41,5962.6835687958965,5.962683568795897
Haryana,Mewat,2012,42,74583.45593714749,74.58345593714749
Haryana,Mewat,2012,43,713368.3404858838,713.3683404858838
Haryana,Mewat,2012,44,2326077.4935594774,2326.0774935594773
Haryana,Mewat,2012,45,2359850.424944747,2359.850424944747
Haryana,Mewat,2012,46,2184595.8696704055,2184.5958696704056
Haryana,Mewat,2012,47,879542.1634000007,879.5421634000006
Haryana,Mewat,2012,48,165165.49882479585,165.16549882479586
Haryana,Mewat,2013,40,591.1332523616582,0.5911332523616581
Haryana,Mewat,2013,41,49730.10429036759,49.73010429036759
Haryana,Mewat,2013,42,883734.9089151673,883.7349089151674
Haryana,Mewat,2013,43,3271444.037577867,3271.444037577867
Haryana,Mewat,2013,44,5665263.1473066285,5665.2631473066285
Haryana,Mewat,2013,45,4242006.850593502,4242.006850593501
Haryana,Mewat,2013,46,2225181.8726774766,2225.181872677477
Haryana,Mewat,2013,47,342486.06405050226,342.48606405050225
Haryana,Mewat,2013,48,49208.255113463456,49.20825511346346
Haryana,Mewat,2014,40,302.8814309167578,0.3028814309167578
Haryana,Mewat,2014,41,9046.33349350952,9.04633349350952
Haryana,Mewat,2014,42,44169.624997818864,44.169624997818865
Haryana,Mewat,2014,43,846694.9812300743,846.6949812300743
Haryana,Mewat,2014,44,3685131.376107899,3685.131376107899
Haryana,Mewat,2014,45,7513660.511058845,7513.660511058844
Haryana,Mewat,2014,46,2095745.5115745906,2095.7455115745906
Haryana,Mewat,2014,47,83222.64189465735,83.22264189465736
Haryana,Mewat,2014,48,1277.8629126059104,1.2778629126059105
Haryana,Mewat,2015,40,20.83450783317992,0.02083450783317992
Haryana,Mewat,2015,41,3960.0377319862373,3.960037731986237
Haryana,Mewat,2015,42,110145.94876251312,110.14594876251311
Haryana,Mewat,2015,43,1226431.3358324168,1226.4313358324168
Haryana,Mewat,2015,44,3036119.4806230254,3036.1194806230255
Haryana,Mewat,2015,45,5661436.963855294,5661.4369638552935
Haryana,Mewat,2015,46,2035020.3641656034,2035.0203641656035
Haryana,Mewat,2015,47,287813.3909606421,287.8133909606421
Haryana,Mewat,2015,48,10666.471623935267,10.666471623935267
Haryana,Mewat,2015,49,56.54024317266674,0.05654024317266674
Haryana,Mewat,2016,39,57.17722285258596,0.05717722285258596
Haryana,Mewat,2016,40,2712.3919460864195,2.7123919460864196
Haryana,Mewat,2016,41,205335.14411607155,205.33514411607155
Haryana,Mewat,2016,42,2248880.868886004,2248.880868886004
Haryana,Mewat,2016,43,6769712.166555221,6769.712166555221
Haryana,Mewat,2016,44,9012304.249561092,9012.304249561092
Haryana,Mewat,2016,45,5126361.4031333765,5126.361403133376
Haryana,Mewat,2016,46,1435107.3123103199,1435.10731231032
Haryana,Mewat,2016,47,52398.302670309204,52.39830267030921
Haryana,Mewat,2016,48,1021.3381685703608,1.0213381685703609
Haryana,Mewat,2017,39,26.383697704668787,0.026383697704668786
Haryana,Mewat,2017,40,12110.47976686705,12.110479766867051
Haryana,Mewat,2017,41,436151.9625219858,436.1519625219858
Haryana,Mewat,2017,42,3604680.671193655,3604.680671193655
Haryana,Mewat,2017,43,7054771.9108983185,7054.771910898318
Haryana,Mewat,2017,44,5515833.653924386,5515.833653924386
Haryana,Mewat,2017,45,1124193.9911990904,1124.1939911990903
Haryana,Mewat,2017,46,58234.3818433146,58.2343818433146
Haryana,Mewat,2017,47,1671.1577130163444,1.6711577130163444
Haryana,Mewat,2017,48,27.547633736329402,0.027547633736329402
Haryana,Mewat,2018,40,74625.28412840048,74.62528412840048
Haryana,Mewat,2018,41,1016934.3161239127,1016.9343161239127
Haryana,Mewat,2018,42,4287441.759564428,4287.441759564427
Haryana,Mewat,2018,43,4320509.240910545,4320.509240910545
Haryana,Mewat,2018,44,1017531.5097390215,1017.5315097390215
Haryana,Mewat,2018,45,172068.3312331293,172.0683312331293
Haryana,Mewat,2018,46,3399.6957304571506,3.3996957304571507
Haryana,Mewat,2018,47,46.75008237760378,0.04675008237760378
Haryana,Mewat,2018,48,0.13522465848600773,0.00013522465848600772
Haryana,Palwal,2012,40,7788.0199695429765,7.788019969542977
Haryana,Palwal,2012,41,55466.52989574283,55.46652989574283
Haryana,Palwal,2012,42,461521.1806613448,461.5211806613448
Haryana,Palwal,2012,43,4118865.146507399,4118.865146507399
Haryana,Palwal,2012,44,13297944.19834577,13297.94419834577
Haryana,Palwal,2012,45,13602839.729688501,13602.839729688501
Haryana,Palwal,2012,46,12725335.815170899,12725.3358151709
Haryana,Palwal,2012,47,4953483.293367569,4953.48329336757
Haryana,Palwal,2012,48,955008.9826273111,955.0089826273112
Haryana,Palwal,2013,40,214839.4495017952,214.8394495017952
Haryana,Palwal,2013,41,619901.7000134493,619.9017000134493
Haryana,Palwal,2013,42,5368009.346256934,5368.009346256934
Haryana,Palwal,2013,43,19083052.752053224,19083.052752053223
Haryana,Palwal,2013,44,32688828.74701231,32688.82874701231
Haryana,Palwal,2013,45,24083286.454750985,24083.286454750985
Haryana,Palwal,2013,46,12314505.064510707,12314.505064510708
Haryana,Palwal,2013,47,1904851.5991755722,1904.8515991755721
Haryana,Palwal,2013,48,300227.8672387778,300.22786723877783
Haryana,Palwal,2014,40,7090.283798453631,7.090283798453631
Haryana,Palwal,2014,41,103844.17830256057,103.84417830256056
Haryana,Palwal,2014,42,290266.039392101,290.266039392101
Haryana,Palwal,2014,43,4887540.754903379,4887.540754903379
Haryana,Palwal,2014,44,21358142.061122645,21358.142061122646
Haryana,Palwal,2014,45,44257524.19019486,44257.52419019486
Haryana,Palwal,2014,46,13093268.132652458,13093.268132652458
Haryana,Palwal,2014,47,660553.9976944583,660.5539976944583
Haryana,Palwal,2014,48,41354.76674040545,41.35476674040545
Haryana,Palwal,2015,40,1999.5690634568869,1.9995690634568868
Haryana,Palwal,2015,41,49154.464486667275,49.15446448666727
Haryana,Palwal,2015,42,364220.4207929446,364.2204207929446
Haryana,Palwal,2015,43,7097468.195723012,7097.468195723012
Haryana,Palwal,2015,44,17648540.600077298,17648.540600077296
Haryana,Palwal,2015,45,32894491.897429254,32894.49189742925
Haryana,Palwal,2015,46,11833946.235587327,11833.946235587327
Haryana,Palwal,2015,47,1700958.9250484395,1700.9589250484396
Haryana,Palwal,2015,48,73253.19231203436,73.25319231203436
Haryana,Palwal,2015,49,539.1748238402259,0.539174823840226
Haryana,Palwal,2016,39,600.4437989095,0.6004437989095
Haryana,Palwal,2016,40,19972.291854189512,19.972291854189514
Haryana,Palwal,2016,41,1256847.653481537,1256.847653481537
Haryana,Palwal,2016,42,13192474.414310783,13192.474414310784
Haryana,Palwal,2016,43,40363103.97289885,40363.10397289885
Haryana,Palwal,2016,44,55120236.50214232,55120.23650214232
Haryana,Palwal,2016,45,32805367.0002158,32805.367000215796
Haryana,Palwal,2016,46,6768932.284353992,6768.932284353992
Haryana,Palwal,2016,47,1142592.6128110571,1142.592612811057
Haryana,Palwal,2016,48,78080.18594429705,78.08018594429704
Haryana,Palwal,2017,39,2515.6951684758537,2.5156951684758537
Haryana,Palwal,2017,40,171870.96654177594,171.87096654177594
Haryana,Palwal,2017,41,2791545.5178737515,2791.5455178737516
Haryana,Palwal,2017,42,21618978.553146686,21618.978553146688
Haryana,Palwal,2017,43,40880398.46703236,40880.398467032355
Haryana,Palwal,2017,44,33133458.260509983,33133.458260509986
Haryana,Palwal,2017,45,7532911.969139134,7532.911969139133
Haryana,Palwal,2017,46,554544.7154639531,554.5447154639531
Haryana,Palwal,2017,47,40153.0783739387,40.1530783739387
Haryana,Palwal,2017,48,2339.3594329559933,2.3393594329559932
Haryana,Palwal,2018,40,530117.946867966,530.117946867966
Haryana,Palwal,2018,41,6338767.24776803,6338.76724776803
Haryana,Palwal,2018,42,25912426.911764164,25912.426911764163
Haryana,Palwal,2018,43,25827183.776968703,25827.183776968704
Haryana,Palwal,2018,44,6487801.750979449,6487.801750979449
Haryana,Palwal,2018,45,1066315.0533326059,1066.3150533326059
Haryana,Palwal,2018,46,79137.96880240274,79.13796880240274
Haryana,Palwal,2018,47,80351.87111392025,80.35187111392025
Haryana,Palwal,2018,48,45954.69406995659,45.95469406995659
Haryana,Panchkula,2012,40,123260.49416765719,123.26049416765719
Haryana,Panchkula,2012,41,442252.6228273362,442.2526228273362
Haryana,Panchkula,2012,42,310962.82499485026,310.9628249948503
Haryana,Panchkula,2012,43,212285.6266875404,212.2856266875404
Haryana,Panchkula,2012,44,185435.41189794423,185.43541189794422
Haryana,Panchkula,2012,45,86688.26249221696,86.68826249221696
Haryana,Panchkula,2012,46,27518.899039582902,27.5188990395829
Haryana,Panchkula,2012,47,54515.62829574014,54.51562829574014
Haryana,Panchkula,2012,48,28647.42972085033,28.64742972085033
Haryana,Panchkula,2013,40,23290.979672390175,23.290979672390176
Haryana,Panchkula,2013,41,61428.387710484974,61.42838771048498
Haryana,Panchkula,2013,42,143602.97588356902,143.602975883569
Haryana,Panchkula,2013,43,303149.702689639,303.149702689639
Haryana,Panchkula,2013,44,694770.9752656008,694.7709752656008
Haryana,Panchkula,2013,45,699900.3806797407,699.9003806797407
Haryana,Panchkula,2013,46,152646.44688833354,152.64644688833354
Haryana,Panchkula,2013,47,15102.982296016939,15.102982296016938
Haryana,Panchkula,2013,48,1838.8899088882854,1.8388899088882853
Haryana,Panchkula,2014,40,152540.99726781834,152.54099726781834
Haryana,Panchkula,2014,41,391403.1144821224,391.4031144821224
Haryana,Panchkula,2014,42,567654.2955668493,567.6542955668493
Haryana,Panchkula,2014,43,552916.1439395563,552.9161439395564
Haryana,Panchkula,2014,44,367051.80557060573,367.0518055706057
Haryana,Panchkula,2014,45,260530.34152736855,260.53034152736853
Haryana,Panchkula,2014,46,61783.664508395195,61.7836645083952
Haryana,Panchkula,2014,47,5555.110968172381,5.555110968172381
Haryana,Panchkula,2014,48,209.80470673108698,0.20980470673108698
Haryana,Panchkula,2015,40,341040.6092044478,341.04060920444783
Haryana,Panchkula,2015,41,469542.15276783553,469.54215276783555
Haryana,Panchkula,2015,42,263789.5177796895,263.7895177796895
Haryana,Panchkula,2015,43,560820.4012783649,560.8204012783649
Haryana,Panchkula,2015,44,111200.62920984294,111.20062920984294
Haryana,Panchkula,2015,45,65982.95519314564,65.98295519314564
Haryana,Panchkula,2015,46,17493.677247343396,17.493677247343395
Haryana,Panchkula,2015,47,2743.618974886591,2.7436189748865907
Haryana,Panchkula,2015,48,427.43891818802774,0.42743891818802776
Haryana,Panchkula,2015,49,6.83237971534082,0.00683237971534082
Haryana,Panchkula,2016,39,7135.94424080894,7.13594424080894
Haryana,Panchkula,2016,40,29121.206465646643,29.121206465646644
Haryana,Panchkula,2016,41,1305917.8221059777,1305.9178221059776
Haryana,Panchkula,2016,42,140715.14400626367,140.71514400626367
Haryana,Panchkula,2016,43,132154.88866573636,132.15488866573637
Haryana,Panchkula,2016,44,126938.3127372457,126.9383127372457
Haryana,Panchkula,2016,45,73347.9795272334,73.3479795272334
Haryana,Panchkula,2016,46,43481.303045873596,43.481303045873595
Haryana,Panchkula,2016,47,284274.2153131009,284.2742153131009
Haryana,Panchkula,2016,48,1974.9147541521697,1.9749147541521697
Haryana,Panchkula,2017,39,954.9894544443794,0.9549894544443793
Haryana,Panchkula,2017,40,28584.740259527065,28.584740259527067
Haryana,Panchkula,2017,41,75801.54531390767,75.80154531390767
Haryana,Panchkula,2017,42,371443.0084216138,371.4430084216138
Haryana,Panchkula,2017,43,690153.0048774463,690.1530048774464
Haryana,Panchkula,2017,44,371733.2538579725,371.7332538579725
Haryana,Panchkula,2017,45,64549.870457547,64.549870457547
Haryana,Panchkula,2017,46,17903.111384875923,17.903111384875924
Haryana,Panchkula,2017,47,8916.63509797374,8.91663509797374
Haryana,Panchkula,2017,48,2345.2201698947056,2.3452201698947057
Haryana,Panchkula,2018,40,78666.03627751963,78.66603627751962
Haryana,Panchkula,2018,41,91234.7004274781,91.2347004274781
Haryana,Panchkula,2018,42,301555.9515550541,301.5559515550541
Haryana,Panchkula,2018,43,456432.79115775984,456.4327911577598
Haryana,Panchkula,2018,44,348922.2980884205,348.92229808842046
Haryana,Panchkula,2018,45,184581.7136447152,184.5817136447152
Haryana,Panchkula,2018,46,24524.395700289628,24.524395700289627
Haryana,Panchkula,2018,47,4012.222048955238,4.012222048955238
Haryana,Panchkula,2018,48,1244.5751344667708,1.2445751344667708
Haryana,Panipat,2012,40,2798018.8856448233,2798.0188856448235
Haryana,Panipat,2012,41,4250405.58577462,4250.40558577462
Haryana,Panipat,2012,42,4662543.44065489,4662.543440654889
Haryana,Panipat,2012,43,3617451.7133846525,3617.4517133846525
Haryana,Panipat,2012,44,3810157.7616051473,3810.1577616051472
Haryana,Panipat,2012,45,2901014.8266737643,2901.014826673764
Haryana,Panipat,2012,46,1401546.2490140395,1401.5462490140396
Haryana,Panipat,2012,47,1187089.775145347,1187.089775145347
Haryana,Panipat,2012,48,339382.69305817626,339.38269305817624
Haryana,Panipat,2013,40,556979.6930874839,556.9796930874838
Haryana,Panipat,2013,41,650549.6070446604,650.5496070446603
Haryana,Panipat,2013,42,368391.6282646275,368.39162826462746
Haryana,Panipat,2013,43,426456.8657843202,426.4568657843202
Haryana,Panipat,2013,44,1059489.8747830521,1059.489874783052
Haryana,Panipat,2013,45,1426589.341325129,1426.589341325129
Haryana,Panipat,2013,46,1002837.8812457565,1002.8378812457565
Haryana,Panipat,2013,47,367892.2454395264,367.8922454395264
Haryana,Panipat,2013,48,85117.29745051725,85.11729745051724
Haryana,Panipat,2014,40,11160.954687243135,11.160954687243136
Haryana,Panipat,2014,41,29873.009907810265,29.873009907810264
Haryana,Panipat,2014,42,24834.3572300835,24.8343572300835
Haryana,Panipat,2014,43,42955.79435217263,42.955794352172624
Haryana,Panipat,2014,44,174496.14751820383,174.49614751820383
Haryana,Panipat,2014,45,982205.8477502353,982.2058477502353
Haryana,Panipat,2014,46,184547.88634682712,184.5478863468271
Haryana,Panipat,2014,47,90128.48118221096,90.12848118221096
Haryana,Panipat,2014,48,152284.98890004554,152.28498890004553
Haryana,Panipat,2015,40,111477.0512268618,111.4770512268618
Haryana,Panipat,2015,41,423103.6723983568,423.10367239835676
Haryana,Panipat,2015,42,463709.74788688537,463.70974788688534
Haryana,Panipat,2015,43,1147969.75456847,1147.9697545684699
Haryana,Panipat,2015,44,1473108.1335781673,1473.1081335781673
Haryana,Panipat,2015,45,1615454.2533617807,1615.4542533617807
Haryana,Panipat,2015,46,825861.6251752487,825.8616251752487
Haryana,Panipat,2015,47,520972.969637495,520.972969637495
Haryana,Panipat,2015,48,482221.4441585813,482.22144415858133
Haryana,Panipat,2015,49,34770.429438714214,34.77042943871422
Haryana,Panipat,2016,39,85641.63924352682,85.64163924352682
Haryana,Panipat,2016,40,297754.7809105677,297.75478091056766
Haryana,Panipat,2016,41,913920.7994813897,913.9207994813897
Haryana,Panipat,2016,42,1174636.5849890409,1174.6365849890408
Haryana,Panipat,2016,43,1667717.618926903,1667.717618926903
Haryana,Panipat,2016,44,1438390.9867430222,1438.3909867430223
Haryana,Panipat,2016,45,739295.1883175047,739.2951883175048
Haryana,Panipat,2016,46,423168.16799021844,423.1681679902184
Haryana,Panipat,2016,47,235366.1054088457,235.3661054088457
Haryana,Panipat,2016,48,56560.9830742776,56.5609830742776
Haryana,Panipat,2017,39,8763.22356277519,8.76322356277519
Haryana,Panipat,2017,40,176069.10240751415,176.06910240751415
Haryana,Panipat,2017,41,238467.88992461632,238.46788992461632
Haryana,Panipat,2017,42,371750.37010456115,371.75037010456117
Haryana,Panipat,2017,43,510157.09847132897,510.157098471329
Haryana,Panipat,2017,44,940565.6596223529,940.5656596223529
Haryana,Panipat,2017,45,1240607.2228647592,1240.6072228647593
Haryana,Panipat,2017,46,1062616.5538649282,1062.6165538649282
Haryana,Panipat,2017,47,909318.9858483189,909.3189858483189
Haryana,Panipat,2017,48,386936.59489271947,386.9365948927195
Haryana,Panipat,2018,40,83184.70581324672,83.18470581324672
Haryana,Panipat,2018,41,85347.30357695058,85.34730357695058
Haryana,Panipat,2018,42,158528.00538036818,158.52800538036817
Haryana,Panipat,2018,43,187273.18114095263,187.27318114095263
Haryana,Panipat,2018,44,298694.25959285523,298.69425959285525
Haryana,Panipat,2018,45,441919.81487242394,441.91981487242396
Haryana,Panipat,2018,46,405246.1236754477,405.24612367544773
Haryana,Panipat,2018,47,149090.9868477493,149.0909868477493
Haryana,Panipat,2018,48,26984.213379169483,26.984213379169482
Haryana,Rewari,2012,40,0.23420997075443883,0.00023420997075443884
Haryana,Rewari,2012,41,0.4037799294856468,0.00040377992948564676
Haryana,Rewari,2012,42,0.5433360222303156,0.0005433360222303156
Haryana,Rewari,2012,43,0.5562351067532055,0.0005562351067532055
Haryana,Rewari,2012,44,0.8818469321609717,0.0008818469321609716
Haryana,Rewari,2012,45,1.0862006376403006,0.0010862006376403006
Haryana,Rewari,2012,46,0.9561397261378729,0.0009561397261378729
Haryana,Rewari,2012,47,13618.264796197382,13.618264796197382
Haryana,Rewari,2012,48,26524.942905741114,26.524942905741113
Haryana,Rewari,2013,40,0.0,0.0
Haryana,Rewari,2013,41,0.0,0.0
Haryana,Rewari,2013,42,0.0,0.0
Haryana,Rewari,2013,43,0.0,0.0
Haryana,Rewari,2013,44,0.0,0.0
Haryana,Rewari,2013,45,1.8960494025717908e-12,1.896049402571791e-15
Haryana,Rewari,2013,46,77384.4736154483,77.3844736154483
Haryana,Rewari,2013,47,12403.603722620664,12.403603722620664
Haryana,Rewari,2013,48,1.1252059031285071e-18,1.1252059031285071e-21
Haryana,Rewari,2014,40,0.0,0.0
Haryana,Rewari,2014,41,1.6750311854329643e-29,1.6750311854329644e-32
Haryana,Rewari,2014,42,27.250276258013518,0.027250276258013517
Haryana,Rewari,2014,43,84772.29126680769,84.77229126680768
Haryana,Rewari,2014,44,0.00011586464734310341,1.1586464734310342e-07
Haryana,Rewari,2014,45,0.0,0.0
Haryana,Rewari,2014,46,4.592659589073593e-37,4.592659589073593e-40
Haryana,Rewari,2014,47,0.24707476720800653,0.00024707476720800656
Haryana,Rewari,2014,48,39462.148348455325,39.46214834845532
Haryana,Rewari,2015,40,0.0,0.0
Haryana,Rewari,2015,41,0.0,0.0
Haryana,Rewari,2015,42,0.0,0.0
Haryana,Rewari,2015,43,0.0,0.0
Haryana,Rewari,2015,44,0.0,0.0
Haryana,Rewari,2015,45,0.0,0.0
Haryana,Rewari,2015,46,0.0,0.0
Haryana,Rewari,2015,47,0.0,0.0
Haryana,Rewari,2015,48,0.0,0.0
Haryana,Rewari,2015,49,0.0,0.0
Haryana,Rewari,2016,39,0.0,0.0
Haryana,Rewari,2016,40,0.0,0.0
Haryana,Rewari,2016,41,7.505744473125119e-13,7.505744473125119e-16
Haryana,Rewari,2016,42,49154.57404448919,49.154574044489195
Haryana,Rewari,2016,43,19976101.57292035,19976.10157292035
Haryana,Rewari,2016,44,0.05855695157333218,5.855695157333218e-05
Haryana,Rewari,2016,45,0.0,0.0
Haryana,Rewari,2016,46,0.0,0.0
Haryana,Rewari,2016,47,0.0,0.0
Haryana,Rewari,2016,48,0.0,0.0
Haryana,Rewari,2017,39,9028.699644631219,9.028699644631219
Haryana,Rewari,2017,40,116514.1816030805,116.5141816030805
Haryana,Rewari,2017,41,80631.87832448578,80.63187832448578
Haryana,Rewari,2017,42,84911.41785782001,84.91141785782001
Haryana,Rewari,2017,43,80815.43109289037,80.81543109289038
Haryana,Rewari,2017,44,86403.11146527051,86.40311146527051
Haryana,Rewari,2017,45,62045.4760283113,62.0454760283113
Haryana,Rewari,2017,46,27410.713079080186,27.410713079080185
Haryana,Rewari,2017,47,12160.19371697907,12.160193716979071
Haryana,Rewari,2017,48,2787.6105335698808,2.7876105335698806
Haryana,Rewari,2018,40,2.3390675942491172e-23,2.339067594249117e-26
Haryana,Rewari,2018,41,2194.424076525995,2.194424076525995
Haryana,Rewari,2018,42,54926.06990697154,54.92606990697154
Haryana,Rewari,2018,43,1.909122031552655e-08,1.9091220315526547e-11
Haryana,Rewari,2018,44,0.0,0.0
Haryana,Rewari,2018,45,0.0,0.0
Haryana,Rewari,2018,46,0.0,0.0
Haryana,Rewari,2018,47,0.0,0.0
Haryana,Rewari,2018,48,0.0,0.0
Haryana,Rohtak,2012,40,0.002258172407002332,2.258172407002332e-06
Haryana,Rohtak,2012,41,0.1570594464527727,0.0001570594464527727
Haryana,Rohtak,2012,42,5.012846842058847,0.005012846842058848
Haryana,Rohtak,2012,43,66.21670237936041,0.0662167023793604
Haryana,Rohtak,2012,44,934.2566200530031,0.934256620053003
Haryana,Rohtak,2012,45,6847.935462407786,6.847935462407786
Haryana,Rohtak,2012,46,50693.82173982897,50.69382173982897
Haryana,Rohtak,2012,47,44439.78284346618,44.439782843466176
Haryana,Rohtak,2012,48,27163.265219159417,27.163265219159417
Haryana,Rohtak,2013,40,179461.92398253738,179.46192398253737
Haryana,Rohtak,2013,41,210197.13829304685,210.19713829304686
Haryana,Rohtak,2013,42,113326.14899008324,113.32614899008324
Haryana,Rohtak,2013,43,115036.61968665784,115.03661968665784
Haryana,Rohtak,2013,44,249842.5987554254,249.8425987554254
Haryana,Rohtak,2013,45,392296.3110114236,392.2963110114236
Haryana,Rohtak,2013,46,618781.8235836008,618.7818235836008
Haryana,Rohtak,2013,47,1078457.4472478088,1078.457447247809
Haryana,Rohtak,2013,48,809540.7749048729,809.5407749048728
Haryana,Rohtak,2014,40,6.584606449185521e-05,6.584606449185521e-08
Haryana,Rohtak,2014,41,0.004919175996071081,4.919175996071081e-06
Haryana,Rohtak,2014,42,0.0754103983131937,7.541039831319369e-05
Haryana,Rohtak,2014,43,4.165110537335666,0.004165110537335666
Haryana,Rohtak,2014,44,149.86744641138708,0.14986744641138708
Haryana,Rohtak,2014,45,4782.08199425315,4.78208199425315
Haryana,Rohtak,2014,46,53884.64558525079,53.884645585250794
Haryana,Rohtak,2014,47,117599.86642647459,117.59986642647459
Haryana,Rohtak,2014,48,275611.60164598416,275.61160164598414
Haryana,Rohtak,2015,40,316.3309665610141,0.3163309665610141
Haryana,Rohtak,2015,41,1671.8827605135364,1.6718827605135365
Haryana,Rohtak,2015,42,2244.6233995812863,2.2446233995812865
Haryana,Rohtak,2015,43,5780.423499280708,5.780423499280708
Haryana,Rohtak,2015,44,9168.663971798445,9.168663971798445
Haryana,Rohtak,2015,45,16928.446418269854,16.928446418269854
Haryana,Rohtak,2015,46,16810.402704630105,16.810402704630107
Haryana,Rohtak,2015,47,117697.64437626404,117.69764437626404
Haryana,Rohtak,2015,48,29736.313440864895,29.736313440864894
Haryana,Rohtak,2015,49,3156.2075113651385,3.1562075113651384
Haryana,Rohtak,2016,39,109.01404910404385,0.10901404910404384
Haryana,Rohtak,2016,40,798.5594160736548,0.7985594160736548
Haryana,Rohtak,2016,41,4734.621554782635,4.734621554782635
Haryana,Rohtak,2016,42,11737.271932281807,11.737271932281807
Haryana,Rohtak,2016,43,54586.142818038265,54.58614281803826
Haryana,Rohtak,2016,44,144568.0448434071,144.56804484340708
Haryana,Rohtak,2016,45,311059.4855003073,311.0594855003073
Haryana,Rohtak,2016,46,324273.03494978574,324.2730349497857
Haryana,Rohtak,2016,47,163582.02315823047,163.58202315823047
Haryana,Rohtak,2016,48,20873.187876990072,20.873187876990073
Haryana,Rohtak,2017,39,1386.0422593453177,1.3860422593453177
Haryana,Rohtak,2017,40,30682.14231721045,30.682142317210452
Haryana,Rohtak,2017,41,46331.80148168459,46.33180148168459
Haryana,Rohtak,2017,42,96750.11016769875,96.75011016769875
Haryana,Rohtak,2017,43,197035.5043912713,197.0355043912713
Haryana,Rohtak,2017,44,467169.1214312948,467.16912143129485
Haryana,Rohtak,2017,45,1321770.995569893,1321.7709955698929
Haryana,Rohtak,2017,46,1533425.1341796922,1533.4251341796923
Haryana,Rohtak,2017,47,1975984.273421305,1975.984273421305
Haryana,Rohtak,2017,48,704573.4934433278,704.5734934433278
Haryana,Rohtak,2018,40,780.9663573780849,0.780966357378085
Haryana,Rohtak,2018,41,2251.261290935208,2.251261290935208
Haryana,Rohtak,2018,42,9228.036217855275,9.228036217855275
Haryana,Rohtak,2018,43,24520.595995222204,24.520595995222205
Haryana,Rohtak,2018,44,75367.35794068767,75.36735794068767
Haryana,Rohtak,2018,45,252156.09520395484,252.15609520395483
Haryana,Rohtak,2018,46,488107.68017628934,488.10768017628936
Haryana,Rohtak,2018,47,536215.5808340171,536.2155808340171
Haryana,Rohtak,2018,48,267416.6907738319,267.41669077383193
Haryana,Sirsa,2012,40,327036.7320313494,327.0367320313494
Haryana,Sirsa,2012,41,2648211.090218128,2648.211090218128
Haryana,Sirsa,2012,42,4819091.972119633,4819.091972119633
Haryana,Sirsa,2012,43,10628701.641063701,10628.7016410637
Haryana,Sirsa,2012,44,32467423.503087126,32467.423503087124
Haryana,Sirsa,2012,45,56141230.329713754,56141.230329713755
Haryana,Sirsa,2012,46,46101913.43169343,46101.91343169343
Haryana,Sirsa,2012,47,37579756.78039744,37579.75678039744
Haryana,Sirsa,2012,48,5801310.191881686,5801.3101918816865
Haryana,Sirsa,2013,40,797315.3308135985,797.3153308135985
Haryana,Sirsa,2013,41,2055179.5296104194,2055.179529610419
Haryana,Sirsa,2013,42,5366274.925102436,5366.274925102436
Haryana,Sirsa,2013,43,16501204.533990065,16501.204533990065
Haryana,Sirsa,2013,44,69917715.25405353,69917.71525405353
Haryana,Sirsa,2013,45,138248455.52438095,138248.45552438096
Haryana,Sirsa,2013,46,109193045.65155733,109193.04565155733
Haryana,Sirsa,2013,47,30051084.29782224,30051.08429782224
Haryana,Sirsa,2013,48,2033236.9368122106,2033.2369368122106
Haryana,Sirsa,2014,40,370898.3699193796,370.8983699193796
Haryana,Sirsa,2014,41,1593796.5912696528,1593.796591269653
Haryana,Sirsa,2014,42,2979631.109891777,2979.6311098917768
Haryana,Sirsa,2014,43,10951090.130697034,10951.090130697034
Haryana,Sirsa,2014,44,26187724.34950496,26187.72434950496
Haryana,Sirsa,2014,45,59771518.74391497,59771.51874391497
Haryana,Sirsa,2014,46,104563245.07241032,104563.24507241031
Haryana,Sirsa,2014,47,67660762.2981916,67660.7622981916
Haryana,Sirsa,2014,48,13173386.993830636,13173.386993830636
Haryana,Sirsa,2015,40,133211.94683950272,133.21194683950273
Haryana,Sirsa,2015,41,764747.1751172859,764.7471751172859
Haryana,Sirsa,2015,42,1967930.2920822965,1967.9302920822965
Haryana,Sirsa,2015,43,6594789.4507598905,6594.78945075989
Haryana,Sirsa,2015,44,14161631.019927567,14161.631019927567
Haryana,Sirsa,2015,45,69002218.40867049,69002.21840867048
Haryana,Sirsa,2015,46,140784593.81500396,140784.59381500396
Haryana,Sirsa,2015,47,139645290.09631515,139645.29009631515
Haryana,Sirsa,2015,48,39936104.56530047,39936.10456530047
Haryana,Sirsa,2015,49,912136.057005714,912.1360570057141
Haryana,Sirsa,2016,39,178426.76081882883,178.42676081882882
Haryana,Sirsa,2016,40,937051.6839797713,937.0516839797714
Haryana,Sirsa,2016,41,6303174.170287208,6303.174170287208
Haryana,Sirsa,2016,42,12492731.9051604,12492.731905160399
Haryana,Sirsa,2016,43,33467931.95571629,33467.93195571629
Haryana,Sirsa,2016,44,105825658.4473962,105825.6584473962
Haryana,Sirsa,2016,45,182946826.91819507,182946.82691819506
Haryana,Sirsa,2016,46,128290697.30405971,128290.69730405971
Haryana,Sirsa,2016,47,30589521.712694433,30589.521712694434
Haryana,Sirsa,2016,48,920500.0351045409,920.5000351045409
Haryana,Sirsa,2017,39,18879.310687412482,18.87931068741248
Haryana,Sirsa,2017,40,641799.5096796709,641.7995096796709
Haryana,Sirsa,2017,41,2315812.262141797,2315.8122621417974
Haryana,Sirsa,2017,42,8122941.660893734,8122.941660893734
Haryana,Sirsa,2017,43,20806045.27295846,20806.04527295846
Haryana,Sirsa,2017,44,56594714.45150842,56594.714451508415
Haryana,Sirsa,2017,45,68384763.71241947,68384.76371241946
Haryana,Sirsa,2017,46,99635644.59567112,99635.64459567111
Haryana,Sirsa,2017,47,115991334.60355434,115991.33460355434
Haryana,Sirsa,2017,48,25286945.83647929,25286.94583647929
Haryana,Sirsa,2018,40,162307.01669082485,162.30701669082484
Haryana,Sirsa,2018,41,339707.3198385235,339.7073198385235
Haryana,Sirsa,2018,42,1966050.8184771677,1966.0508184771677
Haryana,Sirsa,2018,43,8692007.119276673,8692.007119276672
Haryana,Sirsa,2018,44,31433062.545311257,31433.06254531126
Haryana,Sirsa,2018,45,126996934.44508427,126996.93444508428
Haryana,Sirsa,2018,46,106665245.93871221,106665.2459387122
Haryana,Sirsa,2018,47,63152864.96171595,63152.86496171595
Haryana,Sirsa,2018,48,11647374.800664524,11647.374800664524
Haryana,Sonipat,2012,40,55353.92197306327,55.353921973063265
Haryana,Sonipat,2012,41,86288.71406952082,86.28871406952082
Haryana,Sonipat,2012,42,106081.45280342457,106.08145280342457
Haryana,Sonipat,2012,43,99935.88425555285,99.93588425555285
Haryana,Sonipat,2012,44,121140.36484390883,121.14036484390883
Haryana,Sonipat,2012,45,102274.74156946599,102.27474156946599
Haryana,Sonipat,2012,46,163790.37912624964,163.79037912624963
Haryana,Sonipat,2012,47,266042.64935245016,266.04264935245016
Haryana,Sonipat,2012,48,366154.4830402782,366.1544830402782
Haryana,Sonipat,2013,40,92116.13730489212,92.11613730489212
Haryana,Sonipat,2013,41,110459.82587679873,110.45982587679873
Haryana,Sonipat,2013,42,67307.7162294829,67.3077162294829
Haryana,Sonipat,2013,43,97799.73566248662,97.79973566248663
Haryana,Sonipat,2013,44,322790.362689538,322.790362689538
Haryana,Sonipat,2013,45,514842.8613594978,514.8428613594979
Haryana,Sonipat,2013,46,980067.3217862125,980.0673217862125
Haryana,Sonipat,2013,47,1028597.1632255949,1028.5971632255948
Haryana,Sonipat,2013,48,137293.77656823938,137.29377656823937
Haryana,Sonipat,2014,40,352.5015215700686,0.3525015215700686
Haryana,Sonipat,2014,41,1873.0944271015976,1.8730944271015977
Haryana,Sonipat,2014,42,2808.8571564195513,2.8088571564195512
Haryana,Sonipat,2014,43,10105.54216889212,10.10554216889212
Haryana,Sonipat,2014,44,50348.56677136323,50.34856677136323
Haryana,Sonipat,2014,45,271899.83008964855,271.89983008964856
Haryana,Sonipat,2014,46,171185.00247823552,171.1850024782355
Haryana,Sonipat,2014,47,259852.5944265487,259.8525944265487
Haryana,Sonipat,2014,48,188330.95443318615,188.33095443318615
Haryana,Sonipat,2015,40,6330.573964377176,6.330573964377176
Haryana,Sonipat,2015,41,22405.305428421623,22.405305428421624
Haryana,Sonipat,2015,42,32974.247414787445,32.97424741478745
Haryana,Sonipat,2015,43,154762.33058530386,154.76233058530386
Haryana,Sonipat,2015,44,308080.68369626167,308.08068369626164
Haryana,Sonipat,2015,45,524308.1215554825,524.3081215554826
Haryana,Sonipat,2015,46,396046.2058158808,396.0462058158808
Haryana,Sonipat,2015,47,513316.1953929852,513.3161953929852
Haryana,Sonipat,2015,48,106454.53270910698,106.45453270910697
Haryana,Sonipat,2015,49,4769.34640930509,4.76934640930509
Haryana,Sonipat,2016,39,1957.8123655412194,1.9578123655412194
Haryana,Sonipat,2016,40,9153.794274269127,9.153794274269126
Haryana,Sonipat,2016,41,51640.05028889081,51.640050288890805
Haryana,Sonipat,2016,42,136258.39578754856,136.25839578754855
Haryana,Sonipat,2016,43,491448.52900816116,491.4485290081612
Haryana,Sonipat,2016,44,828993.3271982595,828.9933271982595
Haryana,Sonipat,2016,45,677442.3413594654,677.4423413594653
Haryana,Sonipat,2016,46,425634.2012791232,425.6342012791232
Haryana,Sonipat,2016,47,161653.8117512638,161.6538117512638
Haryana,Sonipat,2016,48,8986.664307573023,8.986664307573022
Haryana,Sonipat,2017,39,447.4173539248726,0.4474173539248726
Haryana,Sonipat,2017,40,9502.807179268506,9.502807179268506
Haryana,Sonipat,2017,41,14057.835462593805,14.057835462593804
Haryana,Sonipat,2017,42,30839.44269981016,30.83944269981016
Haryana,Sonipat,2017,43,82331.26283847008,82.33126283847008
Haryana,Sonipat,2017,44,316316.23863712687,316.31623863712684
Haryana,Sonipat,2017,45,851507.962970522,851.507962970522
Haryana,Sonipat,2017,46,1438660.2014970153,1438.6602014970154
Haryana,Sonipat,2017,47,1632216.412922338,1632.216412922338
Haryana,Sonipat,2017,48,642699.521588086,642.699521588086
Haryana,Sonipat,2018,40,2341.518567623667,2.341518567623667
Haryana,Sonipat,2018,41,3810.3381329055214,3.8103381329055215
Haryana,Sonipat,2018,42,14171.800022535952,14.171800022535951
Haryana,Sonipat,2018,43,38281.75556280459,38.28175556280459
Haryana,Sonipat,2018,44,103904.16184806499,103.90416184806499
Haryana,Sonipat,2018,45,258082.42876941187,258.0824287694119
Haryana,Sonipat,2018,46,679286.5415743204,679.2865415743204
Haryana,Sonipat,2018,47,326981.6876430895,326.9816876430895
Haryana,Sonipat,2018,48,77234.64531260633,77.23464531260633
Haryana,Yamunanagar,2012,40,313400.92118179856,313.40092118179854
Haryana,Yamunanagar,2012,41,627841.1067610072,627.8411067610073
Haryana,Yamunanagar,2012,42,875522.1458634638,875.5221458634637
Haryana,Yamunanagar,2012,43,751070.6323890346,751.0706323890346
Haryana,Yamunanagar,2012,44,772325.0010228544,772.3250010228544
Haryana,Yamunanagar,2012,45,613973.5934402971,613.973593440297
Haryana,Yamunanagar,2012,46,400172.6621453375,400.1726621453375
Haryana,Yamunanagar,2012,47,424916.47861069685,424.91647861069686
Haryana,Yamunanagar,2012,48,188619.22489529688,188.61922489529687
Haryana,Yamunanagar,2013,40,170809.00849162135,170.80900849162134
Haryana,Yamunanagar,2013,41,307133.7595324199,307.1337595324199
Haryana,Yamunanagar,2013,42,667200.4574668631,667.2004574668631
Haryana,Yamunanagar,2013,43,1047695.5782658055,1047.6955782658056
Haryana,Yamunanagar,2013,44,9731570.211807279,9731.570211807279
Haryana,Yamunanagar,2013,45,14430114.137456877,14430.114137456878
Haryana,Yamunanagar,2013,46,2221199.77713534,2221.19977713534
Haryana,Yamunanagar,2013,47,138043.9807520897,138.0439807520897
Haryana,Yamunanagar,2013,48,20846.783937722772,20.846783937722773
Haryana,Yamunanagar,2014,40,367682.5344912702,367.6825344912702
Haryana,Yamunanagar,2014,41,1100686.9269642397,1100.6869269642398
Haryana,Yamunanagar,2014,42,1033514.656711674,1033.514656711674
Haryana,Yamunanagar,2014,43,2380685.7672829316,2380.6857672829315
Haryana,Yamunanagar,2014,44,4136732.17071606,4136.73217071606
Haryana,Yamunanagar,2014,45,4083519.6081765243,4083.5196081765243
Haryana,Yamunanagar,2014,46,2542921.740844703,2542.921740844703
Haryana,Yamunanagar,2014,47,1152419.9508241054,1152.4199508241054
Haryana,Yamunanagar,2014,48,355857.5469515902,355.8575469515902
Haryana,Yamunanagar,2015,40,656868.2989993802,656.8682989993802
Haryana,Yamunanagar,2015,41,2056527.96579654,2056.5279657965402
Haryana,Yamunanagar,2015,42,1962826.5304809238,1962.8265304809238
Haryana,Yamunanagar,2015,43,3735651.9402027,3735.6519402027
Haryana,Yamunanagar,2015,44,2846342.356525044,2846.342356525044
Haryana,Yamunanagar,2015,45,2631572.105918933,2631.572105918933
Haryana,Yamunanagar,2015,46,1183971.9402823576,1183.9719402823575
Haryana,Yamunanagar,2015,47,612180.7214136038,612.1807214136038
Haryana,Yamunanagar,2015,48,434716.978496784,434.716978496784
Haryana,Yamunanagar,2015,49,28329.33417091136,28.32933417091136
Haryana,Yamunanagar,2016,39,138474.42677520003,138.47442677520004
Haryana,Yamunanagar,2016,40,511968.4363171182,511.9684363171182
Haryana,Yamunanagar,2016,41,1375237.0759936231,1375.2370759936232
Haryana,Yamunanagar,2016,42,1339673.5650707327,1339.6735650707328
Haryana,Yamunanagar,2016,43,2567764.629134082,2567.7646291340816
Haryana,Yamunanagar,2016,44,2056839.6462501795,2056.8396462501796
Haryana,Yamunanagar,2016,45,1070518.721620407,1070.518721620407
Haryana,Yamunanagar,2016,46,507427.6353040891,507.4276353040891
Haryana,Yamunanagar,2016,47,201351.22102614184,201.35122102614184
Haryana,Yamunanagar,2016,48,21307.28604795938,21.30728604795938
Haryana,Yamunanagar,2017,39,22671.124653870276,22.671124653870276
Haryana,Yamunanagar,2017,40,414519.2306574975,414.5192306574975
Haryana,Yamunanagar,2017,41,503908.03588627954,503.90803588627955
Haryana,Yamunanagar,2017,42,1189423.7561370386,1189.4237561370385
Haryana,Yamunanagar,2017,43,2845637.6558311693,2845.6376558311695
Haryana,Yamunanagar,2017,44,3502614.7666639364,3502.6147666639363
Haryana,Yamunanagar,2017,45,2155292.6984906276,2155.2926984906276
Haryana,Yamunanagar,2017,46,984759.1762188079,984.759176218808
Haryana,Yamunanagar,2017,47,516244.8261892831,516.2448261892831
Haryana,Yamunanagar,2017,48,139874.44362739142,139.87444362739143
Haryana,Yamunanagar,2018,40,361464.6259664958,361.46462596649576
Haryana,Yamunanagar,2018,41,530104.5430785127,530.1045430785126
Haryana,Yamunanagar,2018,42,1105003.9974604626,1105.0039974604626
Haryana,Yamunanagar,2018,43,1127817.261846535,1127.8172618465348
Haryana,Yamunanagar,2018,44,1204990.8666716206,1204.9908666716206
Haryana,Yamunanagar,2018,45,1208120.968286436,1208.120968286436
Haryana,Yamunanagar,2018,46,906631.6208335928,906.6316208335928
Haryana,Yamunanagar,2018,47,442631.1744846571,442.63117448465715
Haryana,Yamunanagar,2018,48,131787.6162344752,131.7876162344752
Punjab,Amritsar,2012,40,8557229.144055922,8557.229144055922
Punjab,Amritsar,2012,41,18848280.288072567,18848.28028807257
Punjab,Amritsar,2012,42,10225996.34519523,10225.99634519523
Punjab,Amritsar,2012,43,7471985.862610551,7471.985862610551
Punjab,Amritsar,2012,44,5307287.4575494155,5307.287457549415
Punjab,Amritsar,2012,45,1912264.4278705386,1912.2644278705386
Punjab,Amritsar,2012,46,265087.0067270401,265.0870067270401
Punjab,Amritsar,2012,47,26499.213058591307,26.49921305859131
Punjab,Amritsar,2012,48,1352.5478570321395,1.3525478570321394
Punjab,Amritsar,2013,40,2737018.6779777166,2737.0186779777164
Punjab,Amritsar,2013,41,3379841.7216196293,3379.8417216196294
Punjab,Amritsar,2013,42,4368137.264517204,4368.137264517204
Punjab,Amritsar,2013,43,8294113.63412228,8294.113634122281
Punjab,Amritsar,2013,44,18286055.483178157,18286.055483178156
Punjab,Amritsar,2013,45,21286460.961438533,21286.460961438534
Punjab,Amritsar,2013,46,4277609.113958256,4277.609113958256
Punjab,Amritsar,2013,47,331188.31533407664,331.18831533407666
Punjab,Amritsar,2013,48,45330.06156025287,45.33006156025287
Punjab,Amritsar,2014,40,5629476.9734442765,5629.476973444276
Punjab,Amritsar,2014,41,6552149.602944253,6552.149602944253
Punjab,Amritsar,2014,42,10632924.392047266,10632.924392047265
Punjab,Amritsar,2014,43,13238483.408314362,13238.483408314361
Punjab,Amritsar,2014,44,16216221.760497048,16216.221760497048
Punjab,Amritsar,2014,45,8769107.922206074,8769.107922206074
Punjab,Amritsar,2014,46,2485202.067326795,2485.202067326795
Punjab,Amritsar,2014,47,264818.87129643135,264.8188712964313
Punjab,Amritsar,2014,48,38602.2031937945,38.6022031937945
Punjab,Amritsar,2015,40,14328152.344408473,14328.152344408472
Punjab,Amritsar,2015,41,30659601.113145582,30659.60111314558
Punjab,Amritsar,2015,42,22013153.158833995,22013.153158833997
Punjab,Amritsar,2015,43,17119099.381886527,17119.099381886528
Punjab,Amritsar,2015,44,17365032.919021264,17365.032919021265
Punjab,Amritsar,2015,45,36490084.709014624,36490.08470901463
Punjab,Amritsar,2015,46,10525488.52497601,10525.48852497601
Punjab,Amritsar,2015,47,776047.4308922326,776.0474308922326
Punjab,Amritsar,2015,48,86737.37454672935,86.73737454672934
Punjab,Amritsar,2015,49,1226.9938460364658,1.2269938460364658
Punjab,Amritsar,2016,39,1786024.72583635,1786.02472583635
Punjab,Amritsar,2016,40,6478425.105108413,6478.425105108413
Punjab,Amritsar,2016,41,21026207.456078753,21026.20745607875
Punjab,Amritsar,2016,42,18890368.248592027,18890.368248592025
Punjab,Amritsar,2016,43,14820076.07197605,14820.076071976051
Punjab,Amritsar,2016,44,19250695.696714647,19250.695696714647
Punjab,Amritsar,2016,45,14456731.421395155,14456.731421395154
Punjab,Amritsar,2016,46,3830539.9300816534,3830.5399300816534
Punjab,Amritsar,2016,47,809031.6376529669,809.0316376529669
Punjab,Amritsar,2016,48,40536.148529883336,40.536148529883334
Punjab,Amritsar,2017,39,432464.9662287514,432.4649662287514
Punjab,Amritsar,2017,40,6170186.693302288,6170.1866933022875
Punjab,Amritsar,2017,41,13369618.082603453,13369.618082603452
Punjab,Amritsar,2017,42,25079531.8679977,25079.5318679977
Punjab,Amritsar,2017,43,21949313.83048043,21949.31383048043
Punjab,Amritsar,2017,44,17759404.06383148,17759.40406383148
Punjab,Amritsar,2017,45,8017592.097052614,8017.592097052614
Punjab,Amritsar,2017,46,5701892.006391112,5701.892006391112
Punjab,Amritsar,2017,47,2662158.6352943988,2662.1586352943987
Punjab,Amritsar,2017,48,217611.76012454854,217.61176012454854
Punjab,Amritsar,2018,40,2303769.3343635444,2303.769334363544
Punjab,Amritsar,2018,41,2483393.4496411886,2483.3934496411885
Punjab,Amritsar,2018,42,8702494.790595032,8702.494790595032
Punjab,Amritsar,2018,43,16657614.224258227,16657.61422425823
Punjab,Amritsar,2018,44,15911539.990730843,15911.539990730842
Punjab,Amritsar,2018,45,9025293.403332105,9025.293403332105
Punjab,Amritsar,2018,46,3904822.487459903,3904.822487459903
Punjab,Amritsar,2018,47,1829272.7764503846,1829.2727764503848
Punjab,Amritsar,2018,48,201352.18762749215,201.35218762749216
Punjab,Barnala,2012,40,245.84714703413863,0.24584714703413862
Punjab,Barnala,2012,41,70606.36519276393,70.60636519276393
Punjab,Barnala,2012,42,2218830.3278906187,2218.8303278906187
Punjab,Barnala,2012,43,27563839.49543138,27563.839495431377
Punjab,Barnala,2012,44,152542698.8922881,152542.69889228808
Punjab,Barnala,2012,45,140299953.58976552,140299.95358976553
Punjab,Barnala,2012,46,19205334.705146916,19205.334705146917
Punjab,Barnala,2012,47,595626.4413741546,595.6264413741546
Punjab,Barnala,2012,48,4603.935130766934,4.603935130766934
Punjab,Barnala,2013,40,3556.9461193553625,3.5569461193553624
Punjab,Barnala,2013,41,107288.43987135202,107.28843987135203
Punjab,Barnala,2013,42,4334373.933549871,4334.37393354987
Punjab,Barnala,2013,43,37801277.372782536,37801.27737278253
Punjab,Barnala,2013,44,175954480.26994044,175954.48026994042
Punjab,Barnala,2013,45,317277287.86343104,317277.28786343103
Punjab,Barnala,2013,46,42707216.8628816,42707.2168628816
Punjab,Barnala,2013,47,1032906.7971082306,1032.9067971082306
Punjab,Barnala,2013,48,25738.687121325635,25.738687121325633
Punjab,Barnala,2014,40,516.0737223579948,0.5160737223579949
Punjab,Barnala,2014,41,22266.355839653097,22.266355839653098
Punjab,Barnala,2014,42,370766.357390534,370.76635739053404
Punjab,Barnala,2014,43,6772949.649975844,6772.949649975843
Punjab,Barnala,2014,44,131746868.18306704,131746.86818306704
Punjab,Barnala,2014,45,346177655.68560636,346177.65568560635
Punjab,Barnala,2014,46,90714395.82863347,90714.39582863347
Punjab,Barnala,2014,47,1853557.3944455385,1853.5573944455384
Punjab,Barnala,2014,48,24879.20850392578,24.87920850392578
Punjab,Barnala,2015,40,1.0229024062466214,0.0010229024062466214
Punjab,Barnala,2015,41,398.81927086667434,0.39881927086667435
Punjab,Barnala,2015,42,47024.732038646645,47.02473203864665
Punjab,Barnala,2015,43,2465420.5521039637,2465.4205521039635
Punjab,Barnala,2015,44,27762287.87688127,27762.287876881273
Punjab,Barnala,2015,45,330111650.93037564,330111.6509303756
Punjab,Barnala,2015,46,239289138.08383814,239289.13808383813
Punjab,Barnala,2015,47,11606817.646253083,11606.817646253083
Punjab,Barnala,2015,48,158268.5703846712,158.26857038467122
Punjab,Barnala,2015,49,251.8685752377554,0.2518685752377554
Punjab,Barnala,2016,39,1.2546407173731386,0.0012546407173731385
Punjab,Barnala,2016,40,289.8696414232183,0.2898696414232183
Punjab,Barnala,2016,41,106761.69764828551,106.7616976482855
Punjab,Barnala,2016,42,4053026.267271021,4053.026267271021
Punjab,Barnala,2016,43,55000390.55161345,55000.39055161345
Punjab,Barnala,2016,44,257998908.2742148,257998.9082742148
Punjab,Barnala,2016,45,213139926.56533667,213139.92656533667
Punjab,Barnala,2016,46,21707000.736224182,21707.00073622418
Punjab,Barnala,2016,47,705947.3577665939,705.9473577665939
Punjab,Barnala,2016,48,2121.65630192688,2.12165630192688
Punjab,Barnala,2017,39,7706.721066070213,7.706721066070213
Punjab,Barnala,2017,40,264594.9541826842,264.5949541826842
Punjab,Barnala,2017,41,1918516.5672475065,1918.5165672475064
Punjab,Barnala,2017,42,9115354.22240966,9115.35422240966
Punjab,Barnala,2017,43,26811319.55350165,26811.31955350165
Punjab,Barnala,2017,44,106693444.9393822,106693.4449393822
Punjab,Barnala,2017,45,121683243.95314385,121683.24395314384
Punjab,Barnala,2017,46,83482854.86568443,83482.85486568444
Punjab,Barnala,2017,47,20460804.290437985,20460.804290437984
Punjab,Barnala,2017,48,612095.7106821204,612.0957106821204
Punjab,Barnala,2018,40,1376.1518019158227,1.3761518019158228
Punjab,Barnala,2018,41,26851.585974464317,26.851585974464317
Punjab,Barnala,2018,42,1405019.7709390214,1405.0197709390213
Punjab,Barnala,2018,43,21626821.30452303,21626.82130452303
Punjab,Barnala,2018,44,108234661.90207575,108234.66190207575
Punjab,Barnala,2018,45,174075809.85333958,174075.8098533396
Punjab,Barnala,2018,46,76203649.13764343,76203.64913764343
Punjab,Barnala,2018,47,12352880.872999584,12352.880872999584
Punjab,Barnala,2018,48,220272.43140497763,220.27243140497762
Punjab,Bathinda,2012,40,519410.46959840396,519.410469598404
Punjab,Bathinda,2012,41,4961714.847729161,4961.714847729161
Punjab,Bathinda,2012,42,14111443.656646058,14111.443656646057
Punjab,Bathinda,2012,43,55830849.561082475,55830.849561082476
Punjab,Bathinda,2012,44,192365199.53157812,192365.1995315781
Punjab,Bathinda,2012,45,150814386.81580874,150814.38681580874
Punjab,Bathinda,2012,46,23666540.24895414,23666.54024895414
Punjab,Bathinda,2012,47,1698188.9859963513,1698.1889859963514
Punjab,Bathinda,2012,48,78580.8485032501,78.58084850325011
Punjab,Bathinda,2013,40,1459096.4921745933,1459.0964921745933
Punjab,Bathinda,2013,41,5542275.585277091,5542.275585277091
Punjab,Bathinda,2013,42,30684120.404018488,30684.12040401849
Punjab,Bathinda,2013,43,102457680.1949081,102457.6801949081
Punjab,Bathinda,2013,44,279689386.89881617,279689.38689881616
Punjab,Bathinda,2013,45,419528988.12549245,419528.98812549247
Punjab,Bathinda,2013,46,61694309.09455279,61694.309094552795
Punjab,Bathinda,2013,47,1926788.8272504513,1926.7888272504513
Punjab,Bathinda,2013,48,85755.1362784617,85.75513627846169
Punjab,Bathinda,2014,40,1154434.413914901,1154.434413914901
Punjab,Bathinda,2014,41,5579752.174614801,5579.752174614801
Punjab,Bathinda,2014,42,13096220.521268265,13096.220521268266
Punjab,Bathinda,2014,43,43685978.85812472,43685.97885812472
Punjab,Bathinda,2014,44,203678615.19036424,203678.61519036425
Punjab,Bathinda,2014,45,341247321.37516034,341247.32137516036
Punjab,Bathinda,2014,46,132007527.61920299,132007.527619203
Punjab,Bathinda,2014,47,6995669.480331073,6995.669480331073
Punjab,Bathinda,2014,48,369245.50225544453,369.24550225544453
Punjab,Bathinda,2015,40,282214.5683082901,282.2145683082901
Punjab,Bathinda,2015,41,2074792.5891633881,2074.792589163388
Punjab,Bathinda,2015,42,7647695.057057784,7647.695057057784
Punjab,Bathinda,2015,43,32257180.830809314,32257.180830809313
Punjab,Bathinda,2015,44,88922196.11094896,88922.19611094896
Punjab,Bathinda,2015,45,589490919.9843059,589490.9199843059
Punjab,Bathinda,2015,46,369450958.869507,369450.958869507
Punjab,Bathinda,2015,47,22089472.621216554,22089.472621216555
Punjab,Bathinda,2015,48,811138.9791733429,811.1389791733429
Punjab,Bathinda,2015,49,6389.246780745203,6.389246780745203
Punjab,Bathinda,2016,39,187439.7026739041,187.4397026739041
Punjab,Bathinda,2016,40,1847362.860717871,1847.362860717871
Punjab,Bathinda,2016,41,23463622.096881244,23463.622096881245
Punjab,Bathinda,2016,42,67251086.32151008,67251.08632151008
Punjab,Bathinda,2016,43,152838533.67966926,152838.53367966926
Punjab,Bathinda,2016,44,367561193.85652864,367561.1938565286
Punjab,Bathinda,2016,45,275703077.2983982,275703.0772983982
Punjab,Bathinda,2016,46,38612424.830971986,38612.424830971984
Punjab,Bathinda,2016,47,2895015.5014129006,2895.0155014129004
Punjab,Bathinda,2016,48,45002.40441832567,45.00240441832567
Punjab,Bathinda,2017,39,161764.8276130825,161.7648276130825
Punjab,Bathinda,2017,40,2851598.7590860315,2851.5987590860314
Punjab,Bathinda,2017,41,12524371.155289257,12524.371155289256
Punjab,Bathinda,2017,42,51289928.90041942,51289.92890041942
Punjab,Bathinda,2017,43,114707355.39697607,114707.35539697607
Punjab,Bathinda,2017,44,279985524.2577744,279985.5242577744
Punjab,Bathinda,2017,45,215159212.89409608,215159.21289409607
Punjab,Bathinda,2017,46,138499252.47088525,138499.25247088526
Punjab,Bathinda,2017,47,39497620.74642231,39497.62074642231
Punjab,Bathinda,2017,48,1632377.8321857476,1632.3778321857476
Punjab,Bathinda,2018,40,270360.92684740265,270.36092684740265
Punjab,Bathinda,2018,41,704010.0485180727,704.0100485180727
Punjab,Bathinda,2018,42,8141956.846807587,8141.956846807587
Punjab,Bathinda,2018,43,63507426.60174169,63507.42660174169
Punjab,Bathinda,2018,44,227311076.76849377,227311.07676849377
Punjab,Bathinda,2018,45,321685467.4124807,321685.46741248074
Punjab,Bathinda,2018,46,131370133.76041266,131370.13376041266
Punjab,Bathinda,2018,47,23949292.575316314,23949.292575316314
Punjab,Bathinda,2018,48,604132.5615834626,604.1325615834627
Punjab,Faridkot,2012,40,2761452.9527286924,2761.4529527286923
Punjab,Faridkot,2012,41,18631863.84198821,18631.863841988208
Punjab,Faridkot,2012,42,34601570.25656901,34601.570256569015
Punjab,Faridkot,2012,43,66125126.004425555,66125.12600442556
Punjab,Faridkot,2012,44,120407782.35912263,120407.78235912263
Punjab,Faridkot,2012,45,95475061.87222943,95475.06187222943
Punjab,Faridkot,2012,46,27247231.78265654,27247.231782656538
Punjab,Faridkot,2012,47,3895537.7118546786,3895.5377118546785
Punjab,Faridkot,2012,48,235280.96300011827,235.28096300011828
Punjab,Faridkot,2013,40,4133585.0599614065,4133.585059961407
Punjab,Faridkot,2013,41,10982772.2762879,10982.7722762879
Punjab,Faridkot,2013,42,34193396.5756039,34193.3965756039
Punjab,Faridkot,2013,43,83895941.34960058,83895.94134960059
Punjab,Faridkot,2013,44,176719146.79812294,176719.14679812294
Punjab,Faridkot,2013,45,214212998.1955633,214212.9981955633
Punjab,Faridkot,2013,46,29440526.522855308,29440.526522855307
Punjab,Faridkot,2013,47,1249333.3983323604,1249.3333983323605
Punjab,Faridkot,2013,48,93517.20886792986,93.51720886792987
Punjab,Faridkot,2014,40,7819311.165403863,7819.311165403863
Punjab,Faridkot,2014,41,27825390.365259785,27825.390365259784
Punjab,Faridkot,2014,42,39159715.04838578,39159.71504838578
Punjab,Faridkot,2014,43,61641822.56165432,61641.82256165432
Punjab,Faridkot,2014,44,129066469.45782052,129066.46945782052
Punjab,Faridkot,2014,45,137182527.7676488,137182.52776764877
Punjab,Faridkot,2014,46,60133410.7582553,60133.410758255304
Punjab,Faridkot,2014,47,5410352.407377352,5410.352407377352
Punjab,Faridkot,2014,48,542856.4765425408,542.8564765425408
Punjab,Faridkot,2015,40,655015.2872687054,655.0152872687054
Punjab,Faridkot,2015,41,4103489.8019108824,4103.489801910882
Punjab,Faridkot,2015,42,12803958.81833917,12803.958818339172
Punjab,Faridkot,2015,43,40132353.67161113,40132.35367161113
Punjab,Faridkot,2015,44,72701525.4671019,72701.5254671019
Punjab,Faridkot,2015,45,325244098.462995,325244.09846299497
Punjab,Faridkot,2015,46,188344569.4684711,188344.5694684711
Punjab,Faridkot,2015,47,19712197.23678302,19712.19723678302
Punjab,Faridkot,2015,48,1730007.210349034,1730.007210349034
Punjab,Faridkot,2015,49,15904.452977554367,15.904452977554367
Punjab,Faridkot,2016,39,415257.2490187155,415.2572490187155
Punjab,Faridkot,2016,40,2668109.7818378853,2668.1097818378853
Punjab,Faridkot,2016,41,22797102.104990125,22797.102104990125
Punjab,Faridkot,2016,42,53315359.59712497,53315.359597124974
Punjab,Faridkot,2016,43,95625033.07008505,95625.03307008505
Punjab,Faridkot,2016,44,168030496.07034552,168030.4960703455
Punjab,Faridkot,2016,45,102356977.20519324,102356.97720519324
Punjab,Faridkot,2016,46,15481021.839914246,15481.021839914245
Punjab,Faridkot,2016,47,1522006.1401545547,1522.0061401545547
Punjab,Faridkot,2016,48,29690.84760575749,29.69084760575749
Punjab,Faridkot,2017,39,285051.65685564216,285.05165685564214
Punjab,Faridkot,2017,40,4202671.3107842915,4202.671310784292
Punjab,Faridkot,2017,41,11988752.513677474,11988.752513677475
Punjab,Faridkot,2017,42,29479698.889690883,29479.698889690884
Punjab,Faridkot,2017,43,48245080.128291726,48245.080128291724
Punjab,Faridkot,2017,44,133510513.6546221,133510.5136546221
Punjab,Faridkot,2017,45,124934485.35927889,124934.48535927889
Punjab,Faridkot,2017,46,84774287.994745,84774.287994745
Punjab,Faridkot,2017,47,24917419.083915457,24917.419083915458
Punjab,Faridkot,2017,48,1057822.9726532924,1057.8229726532923
Punjab,Faridkot,2018,40,141794.0801942084,141.7940801942084
Punjab,Faridkot,2018,41,626369.7281504452,626.3697281504451
Punjab,Faridkot,2018,42,9414384.275351427,9414.384275351427
Punjab,Faridkot,2018,43,58938961.494171016,58938.96149417102
Punjab,Faridkot,2018,44,157689122.75205526,157689.12275205526
Punjab,Faridkot,2018,45,177828058.04248124,177828.05804248125
Punjab,Faridkot,2018,46,72054572.12910709,72054.5721291071
Punjab,Faridkot,2018,47,14778300.816653937,14778.300816653937
Punjab,Faridkot,2018,48,498926.73433193157,498.9267343319316
Punjab,Fatehgarh Sahib,2012,40,121995.29711205477,121.99529711205477
Punjab,Fatehgarh Sahib,2012,41,3414899.979244888,3414.8999792448876
Punjab,Fatehgarh Sahib,2012,42,14861517.776853228,14861.517776853228
Punjab,Fatehgarh Sahib,2012,43,38824538.46038928,38824.53846038928
Punjab,Fatehgarh Sahib,2012,44,71082376.66084014,71082.37666084013
Punjab,Fatehgarh Sahib,2012,45,46055817.74169946,46055.81774169946
Punjab,Fatehgarh Sahib,2012,46,8682119.95907406,8682.11995907406
Punjab,Fatehgarh Sahib,2012,47,564574.4302519159,564.5744302519159
Punjab,Fatehgarh Sahib,2012,48,10244.306894818266,10.244306894818266
Punjab,Fatehgarh Sahib,2013,40,93879.13767624817,93.87913767624816
Punjab,Fatehgarh Sahib,2013,41,862747.6410922215,862.7476410922214
Punjab,Fatehgarh Sahib,2013,42,7035521.601688442,7035.5216016884415
Punjab,Fatehgarh Sahib,2013,43,22228049.582440823,22228.049582440824
Punjab,Fatehgarh Sahib,2013,44,58600675.70022673,58600.67570022673
Punjab,Fatehgarh Sahib,2013,45,96466704.96854481,96466.70496854481
Punjab,Fatehgarh Sahib,2013,46,18069883.57160014,18069.883571600138
Punjab,Fatehgarh Sahib,2013,47,711770.1941382847,711.7701941382846
Punjab,Fatehgarh Sahib,2013,48,23863.305738821713,23.863305738821712
Punjab,Fatehgarh Sahib,2014,40,264034.1212555679,264.03412125556787
Punjab,Fatehgarh Sahib,2014,41,1433883.0014960389,1433.8830014960388
Punjab,Fatehgarh Sahib,2014,42,6577864.5426447205,6577.86454264472
Punjab,Fatehgarh Sahib,2014,43,28083185.672678497,28083.185672678497
Punjab,Fatehgarh Sahib,2014,44,89036499.7263321,89036.4997263321
Punjab,Fatehgarh Sahib,2014,45,77383955.83962852,77383.95583962851
Punjab,Fatehgarh Sahib,2014,46,15873272.453228746,15873.272453228745
Punjab,Fatehgarh Sahib,2014,47,482882.9838007797,482.8829838007797
Punjab,Fatehgarh Sahib,2014,48,11649.512713909486,11.649512713909486
Punjab,Fatehgarh Sahib,2015,40,122871.52922710168,122.87152922710168
Punjab,Fatehgarh Sahib,2015,41,1725187.719399731,1725.187719399731
Punjab,Fatehgarh Sahib,2015,42,10179070.662654564,10179.070662654563
Punjab,Fatehgarh Sahib,2015,43,41486292.87740685,41486.29287740685
Punjab,Fatehgarh Sahib,2015,44,58415257.06571818,58415.25706571818
Punjab,Fatehgarh Sahib,2015,45,142789131.75634724,142789.13175634723
Punjab,Fatehgarh Sahib,2015,46,38418383.760350674,38418.383760350676
Punjab,Fatehgarh Sahib,2015,47,1649272.5119711286,1649.2725119711286
Punjab,Fatehgarh Sahib,2015,48,65423.07500764513,65.42307500764512
Punjab,Fatehgarh Sahib,2015,49,378.67777210482666,0.37867777210482667
Punjab,Fatehgarh Sahib,2016,39,52493.270989168355,52.49327098916836
Punjab,Fatehgarh Sahib,2016,40,788473.3500899066,788.4733500899066
Punjab,Fatehgarh Sahib,2016,41,15150522.217287112,15150.522217287113
Punjab,Fatehgarh Sahib,2016,42,46921883.88539429,46921.88388539429
Punjab,Fatehgarh Sahib,2016,43,69074776.04875983,69074.77604875983
Punjab,Fatehgarh Sahib,2016,44,74869667.40168326,74869.66740168325
Punjab,Fatehgarh Sahib,2016,45,20886613.647164095,20886.613647164097
Punjab,Fatehgarh Sahib,2016,46,1184453.9100106433,1184.4539100106433
Punjab,Fatehgarh Sahib,2016,47,38822.3833347933,38.8223833347933
Punjab,Fatehgarh Sahib,2016,48,214.08635327787255,0.21408635327787254
Punjab,Fatehgarh Sahib,2017,39,79229.03584116463,79.22903584116463
Punjab,Fatehgarh Sahib,2017,40,1220363.7272249905,1220.3637272249905
Punjab,Fatehgarh Sahib,2017,41,4822268.399103456,4822.268399103456
Punjab,Fatehgarh Sahib,2017,42,15312435.53945679,15312.43553945679
Punjab,Fatehgarh Sahib,2017,43,24943036.120102704,24943.036120102704
Punjab,Fatehgarh Sahib,2017,44,63997482.44934633,63997.482449346324
Punjab,Fatehgarh Sahib,2017,45,48577540.058166586,48577.54005816659
Punjab,Fatehgarh Sahib,2017,46,27555286.524786267,27555.28652478627
Punjab,Fatehgarh Sahib,2017,47,7314621.592215217,7314.621592215217
Punjab,Fatehgarh Sahib,2017,48,289988.18700182036,289.98818700182034
Punjab,Fatehgarh Sahib,2018,40,164920.08886008852,164.92008886008853
Punjab,Fatehgarh Sahib,2018,41,350396.1174529412,350.3961174529412
Punjab,Fatehgarh Sahib,2018,42,2640149.0042200265,2640.1490042200267
Punjab,Fatehgarh Sahib,2018,43,10582321.130583227,10582.321130583226
Punjab,Fatehgarh Sahib,2018,44,22762808.305539455,22762.808305539456
Punjab,Fatehgarh Sahib,2018,45,25466561.687922586,25466.561687922585
Punjab,Fatehgarh Sahib,2018,46,11795377.18374353,11795.37718374353
Punjab,Fatehgarh Sahib,2018,47,2960571.257214944,2960.5712572149437
Punjab,Fatehgarh Sahib,2018,48,127025.88870477596,127.02588870477597
Punjab,Fazilka,2012,40,1902950.0328694992,1902.9500328694992
Punjab,Fazilka,2012,41,16442314.40746016,16442.314407460162
Punjab,Fazilka,2012,42,30339969.90269844,30339.969902698438
Punjab,Fazilka,2012,43,52291019.79505364,52291.01979505364
Punjab,Fazilka,2012,44,98241735.07499614,98241.73507499615
Punjab,Fazilka,2012,45,102372586.8921161,102372.5868921161
Punjab,Fazilka,2012,46,42812570.44220408,42812.57044220408
Punjab,Fazilka,2012,47,8944509.625282565,8944.509625282564
Punjab,Fazilka,2012,48,792796.4990387749,792.7964990387749
Punjab,Fazilka,2013,40,2485670.4990252657,2485.6704990252656
Punjab,Fazilka,2013,41,8134177.256874497,8134.177256874497
Punjab,Fazilka,2013,42,24240362.66037414,24240.36266037414
Punjab,Fazilka,2013,43,50116163.25179159,50116.163251791586
Punjab,Fazilka,2013,44,122663269.5364959,122663.26953649589
Punjab,Fazilka,2013,45,293144726.240912,293144.72624091204
Punjab,Fazilka,2013,46,109748349.89352062,109748.34989352063
Punjab,Fazilka,2013,47,8040885.600910098,8040.885600910098
Punjab,Fazilka,2013,48,434149.58749771304,434.14958749771307
Punjab,Fazilka,2014,40,152529.355098154,152.52935509815399
Punjab,Fazilka,2014,41,1607435.3394282446,1607.4353394282446
Punjab,Fazilka,2014,42,6686953.371554742,6686.953371554741
Punjab,Fazilka,2014,43,25387675.8905221,25387.6758905221
Punjab,Fazilka,2014,44,114095439.47146435,114095.43947146436
Punjab,Fazilka,2014,45,314378261.2749151,314378.2612749151
Punjab,Fazilka,2014,46,234212282.57522702,234212.28257522703
Punjab,Fazilka,2014,47,15309643.042697936,15309.643042697937
Punjab,Fazilka,2014,48,1232664.3253095876,1232.6643253095876
Punjab,Fazilka,2015,40,7350.623424651927,7.350623424651927
Punjab,Fazilka,2015,41,146759.23797394402,146.759237973944
Punjab,Fazilka,2015,42,1487473.3749579587,1487.4733749579586
Punjab,Fazilka,2015,43,13731987.06470889,13731.98706470889
Punjab,Fazilka,2015,44,57586601.626821876,57586.601626821874
Punjab,Fazilka,2015,45,436361900.10863423,436361.90010863426
Punjab,Fazilka,2015,46,312836387.98559445,312836.38798559445
Punjab,Fazilka,2015,47,27802879.419714842,27802.87941971484
Punjab,Fazilka,2015,48,1368140.4028921518,1368.1404028921518
Punjab,Fazilka,2015,49,7872.950274784779,7.872950274784779
Punjab,Fazilka,2016,39,119613.28790206069,119.61328790206069
Punjab,Fazilka,2016,40,919529.4639995461,919.5294639995461
Punjab,Fazilka,2016,41,10049527.969045447,10049.527969045446
Punjab,Fazilka,2016,42,29802537.64958153,29802.53764958153
Punjab,Fazilka,2016,43,70715268.04225871,70715.26804225871
Punjab,Fazilka,2016,44,165106336.43059096,165106.33643059095
Punjab,Fazilka,2016,45,145256125.54817072,145256.1255481707
Punjab,Fazilka,2016,46,35531555.49716129,35531.555497161295
Punjab,Fazilka,2016,47,6418119.309813242,6418.119309813243
Punjab,Fazilka,2016,48,269895.5973512771,269.89559735127705
Punjab,Fazilka,2017,39,34308.10667915446,34.308106679154456
Punjab,Fazilka,2017,40,601143.3963361643,601.1433963361643
Punjab,Fazilka,2017,41,2330388.675055445,2330.388675055445
Punjab,Fazilka,2017,42,7859218.106135322,7859.218106135322
Punjab,Fazilka,2017,43,20633797.697093077,20633.797697093076
Punjab,Fazilka,2017,44,95835545.49489778,95835.54549489779
Punjab,Fazilka,2017,45,167322401.8129261,167322.4018129261
Punjab,Fazilka,2017,46,206259587.6440822,206259.5876440822
Punjab,Fazilka,2017,47,110186971.97568065,110186.97197568064
Punjab,Fazilka,2017,48,7453387.666582907,7453.387666582907
Punjab,Fazilka,2018,40,889661.7173810035,889.6617173810035
Punjab,Fazilka,2018,41,1396247.4565266736,1396.2474565266737
Punjab,Fazilka,2018,42,10771552.601389192,10771.552601389192
Punjab,Fazilka,2018,43,52164459.79975301,52164.45979975301
Punjab,Fazilka,2018,44,138870894.41243365,138870.89441243364
Punjab,Fazilka,2018,45,203136906.42577624,203136.90642577625
Punjab,Fazilka,2018,46,133677686.00199226,133677.68600199226
Punjab,Fazilka,2018,47,50309223.060247466,50309.22306024747
Punjab,Fazilka,2018,48,3620639.128634738,3620.639128634738
Punjab,Firozpur,2012,40,4591880.928152759,4591.880928152758
Punjab,Firozpur,2012,41,35393465.99799205,35393.465997992054
Punjab,Firozpur,2012,42,59154193.66055223,59154.193660552235
Punjab,Firozpur,2012,43,88867239.49969018,88867.23949969017
Punjab,Firozpur,2012,44,127822123.11611715,127822.12311611715
Punjab,Firozpur,2012,45,92477579.66799833,92477.57966799833
Punjab,Firozpur,2012,46,28216404.761204164,28216.404761204165
Punjab,Firozpur,2012,47,5411514.6363904,5411.5146363904005
Punjab,Firozpur,2012,48,494126.29375409416,494.12629375409415
Punjab,Firozpur,2013,40,4449450.855766541,4449.450855766541
Punjab,Firozpur,2013,41,12848260.012744254,12848.260012744253
Punjab,Firozpur,2013,42,35242538.37213942,35242.53837213942
Punjab,Firozpur,2013,43,74879171.25414251,74879.17125414251
Punjab,Firozpur,2013,44,170039649.21764457,170039.64921764456
Punjab,Firozpur,2013,45,295883245.98063534,295883.24598063534
Punjab,Firozpur,2013,46,74772191.24291347,74772.19124291347
Punjab,Firozpur,2013,47,5166850.08237198,5166.85008237198
Punjab,Firozpur,2013,48,439288.71514599805,439.288715145998
Punjab,Firozpur,2014,40,3533565.37996377,3533.56537996377
Punjab,Firozpur,2014,41,19128304.952209845,19128.304952209844
Punjab,Firozpur,2014,42,39742675.03429266,39742.67503429266
Punjab,Firozpur,2014,43,78233942.39532132,78233.94239532133
Punjab,Firozpur,2014,44,177231096.04978535,177231.09604978535
Punjab,Firozpur,2014,45,177261316.5969457,177261.3165969457
Punjab,Firozpur,2014,46,64815194.66970438,64815.194669704375
Punjab,Firozpur,2014,47,4436970.4484412,4436.9704484412
Punjab,Firozpur,2014,48,282982.1544619621,282.9821544619621
Punjab,Firozpur,2015,40,776962.2302881428,776.9622302881428
Punjab,Firozpur,2015,41,5732098.326481624,5732.098326481623
Punjab,Firozpur,2015,42,20726254.111114062,20726.254111114064
Punjab,Firozpur,2015,43,67869387.23479512,67869.38723479513
Punjab,Firozpur,2015,44,107844430.0366382,107844.4300366382
Punjab,Firozpur,2015,45,377888017.14180374,377888.01714180375
Punjab,Firozpur,2015,46,161532180.11495483,161532.18011495483
Punjab,Firozpur,2015,47,10761339.580391018,10761.339580391017
Punjab,Firozpur,2015,48,524902.8855075387,524.9028855075387
Punjab,Firozpur,2015,49,3314.415400842016,3.314415400842016
Punjab,Firozpur,2016,39,276055.8852575224,276.0558852575224
Punjab,Firozpur,2016,40,2139728.5844790153,2139.7285844790154
Punjab,Firozpur,2016,41,22546288.66200813,22546.28866200813
Punjab,Firozpur,2016,42,61838813.173548356,61838.813173548355
Punjab,Firozpur,2016,43,124856374.72895962,124856.37472895962
Punjab,Firozpur,2016,44,231083726.22489086,231083.72622489085
Punjab,Firozpur,2016,45,135632529.7927373,135632.5297927373
Punjab,Firozpur,2016,46,16860722.82830962,16860.722828309623
Punjab,Firozpur,2016,47,1188546.5796233602,1188.5465796233602
Punjab,Firozpur,2016,48,14670.752256420783,14.670752256420784
Punjab,Firozpur,2017,39,291947.25891824235,291.94725891824237
Punjab,Firozpur,2017,40,4797522.227997093,4797.522227997093
Punjab,Firozpur,2017,41,15358561.340845076,15358.561340845077
Punjab,Firozpur,2017,42,40325869.179911256,40325.86917991126
Punjab,Firozpur,2017,43,67676243.34778318,67676.24334778318
Punjab,Firozpur,2017,44,180714444.83026516,180714.44483026516
Punjab,Firozpur,2017,45,152195238.01504603,152195.23801504602
Punjab,Firozpur,2017,46,89144637.61825596,89144.63761825596
Punjab,Firozpur,2017,47,21804274.945362914,21804.274945362915
Punjab,Firozpur,2017,48,833286.6938399891,833.2866938399891
Punjab,Firozpur,2018,40,99863.6300781282,99.86363007812821
Punjab,Firozpur,2018,41,602825.9765535439,602.8259765535439
Punjab,Firozpur,2018,42,13513968.021182403,13513.968021182403
Punjab,Firozpur,2018,43,100771203.7451603,100771.2037451603
Punjab,Firozpur,2018,44,245221419.10473937,245221.41910473935
Punjab,Firozpur,2018,45,184199873.54632375,184199.87354632374
Punjab,Firozpur,2018,46,35544658.74826148,35544.658748261485
Punjab,Firozpur,2018,47,2882177.5579486648,2882.177557948665
Punjab,Firozpur,2018,48,35110.69317479885,35.11069317479885
Punjab,Gurdaspur,2012,40,1376731.2736024996,1376.7312736024996
Punjab,Gurdaspur,2012,41,8957526.854550576,8957.526854550575
Punjab,Gurdaspur,2012,42,13802100.671731327,13802.100671731327
Punjab,Gurdaspur,2012,43,16119606.248546146,16119.606248546146
Punjab,Gurdaspur,2012,44,14011983.901028365,14011.983901028365
Punjab,Gurdaspur,2012,45,5332044.890006005,5332.044890006005
Punjab,Gurdaspur,2012,46,768241.7610793661,768.2417610793661
Punjab,Gurdaspur,2012,47,64430.717005880986,64.430717005881
Punjab,Gurdaspur,2012,48,2574.0140690114476,2.5740140690114477
Punjab,Gurdaspur,2013,40,532382.6635797006,532.3826635797006
Punjab,Gurdaspur,2013,41,981149.1914979921,981.1491914979921
Punjab,Gurdaspur,2013,42,2545094.6521529476,2545.0946521529477
Punjab,Gurdaspur,2013,43,7824852.882132193,7824.852882132193
Punjab,Gurdaspur,2013,44,17107231.945541598,17107.231945541596
Punjab,Gurdaspur,2013,45,17502142.92511409,17502.14292511409
Punjab,Gurdaspur,2013,46,3266286.26990792,3266.28626990792
Punjab,Gurdaspur,2013,47,312537.3229650537,312.5373229650537
Punjab,Gurdaspur,2013,48,82617.81337264348,82.61781337264348
Punjab,Gurdaspur,2014,40,342213.35542407894,342.21335542407894
Punjab,Gurdaspur,2014,41,1575995.3679450566,1575.9953679450566
Punjab,Gurdaspur,2014,42,14582693.86386514,14582.69386386514
Punjab,Gurdaspur,2014,43,20215318.059936807,20215.318059936806
Punjab,Gurdaspur,2014,44,16719637.637527576,16719.637637527576
Punjab,Gurdaspur,2014,45,9276967.04467912,9276.96704467912
Punjab,Gurdaspur,2014,46,4126324.2076831283,4126.324207683128
Punjab,Gurdaspur,2014,47,491728.3486810597,491.72834868105974
Punjab,Gurdaspur,2014,48,69780.99607294447,69.78099607294448
Punjab,Gurdaspur,2015,40,972562.9501868078,972.5629501868078
Punjab,Gurdaspur,2015,41,2754464.68992105,2754.4646899210497
Punjab,Gurdaspur,2015,42,4638114.197550209,4638.11419755021
Punjab,Gurdaspur,2015,43,16184264.749408742,16184.264749408743
Punjab,Gurdaspur,2015,44,21580628.977291267,21580.628977291268
Punjab,Gurdaspur,2015,45,37314440.10311308,37314.44010311308
Punjab,Gurdaspur,2015,46,9553674.06139223,9553.67406139223
Punjab,Gurdaspur,2015,47,739130.9773695199,739.1309773695199
Punjab,Gurdaspur,2015,48,68551.05975371037,68.55105975371038
Punjab,Gurdaspur,2015,49,770.237432946543,0.770237432946543
Punjab,Gurdaspur,2016,39,199185.7801046279,199.1857801046279
Punjab,Gurdaspur,2016,40,1107717.7838800484,1107.7177838800485
Punjab,Gurdaspur,2016,41,9576687.900264597,9576.687900264596
Punjab,Gurdaspur,2016,42,19473341.819778107,19473.341819778107
Punjab,Gurdaspur,2016,43,20022056.771380104,20022.056771380103
Punjab,Gurdaspur,2016,44,17479132.83789907,17479.13283789907
Punjab,Gurdaspur,2016,45,6092987.757695649,6092.987757695649
Punjab,Gurdaspur,2016,46,901917.6901096839,901.9176901096839
Punjab,Gurdaspur,2016,47,132882.5254550454,132.8825254550454
Punjab,Gurdaspur,2016,48,5081.962728305083,5.081962728305083
Punjab,Gurdaspur,2017,39,36704.81878203163,36.70481878203163
Punjab,Gurdaspur,2017,40,613281.7161116097,613.2817161116097
Punjab,Gurdaspur,2017,41,2747070.5637897616,2747.0705637897618
Punjab,Gurdaspur,2017,42,15992340.011148516,15992.340011148515
Punjab,Gurdaspur,2017,43,23241197.131412458,23241.197131412457
Punjab,Gurdaspur,2017,44,20884467.006582823,20884.46700658282
Punjab,Gurdaspur,2017,45,9774676.364972511,9774.67636497251
Punjab,Gurdaspur,2017,46,4493534.311966229,4493.534311966229
Punjab,Gurdaspur,2017,47,1352179.6866524706,1352.1796866524705
Punjab,Gurdaspur,2017,48,91262.55636659965,91.26255636659964
Punjab,Gurdaspur,2018,40,797767.4228797578,797.7674228797579
Punjab,Gurdaspur,2018,41,793044.5610490056,793.0445610490056
Punjab,Gurdaspur,2018,42,4415151.108419301,4415.151108419301
Punjab,Gurdaspur,2018,43,18543937.02705246,18543.93702705246
Punjab,Gurdaspur,2018,44,20689542.113428432,20689.542113428433
Punjab,Gurdaspur,2018,45,8446792.600554993,8446.792600554993
Punjab,Gurdaspur,2018,46,1737688.7213047044,1737.6887213047044
Punjab,Gurdaspur,2018,47,416967.3986396882,416.9673986396882
Punjab,Gurdaspur,2018,48,28741.161292302848,28.74116129230285
Punjab,Hoshiarpur,2012,40,73072.25264059323,73.07225264059323
Punjab,Hoshiarpur,2012,41,1733950.280631336,1733.950280631336
Punjab,Hoshiarpur,2012,42,6506366.1965959035,6506.366196595904
Punjab,Hoshiarpur,2012,43,14556721.214134954,14556.721214134954
Punjab,Hoshiarpur,2012,44,22269093.621804133,22269.09362180413
Punjab,Hoshiarpur,2012,45,12814962.859804949,12814.96285980495
Punjab,Hoshiarpur,2012,46,2386815.0709930696,2386.8150709930696
Punjab,Hoshiarpur,2012,47,171231.42511865767,171.23142511865768
Punjab,Hoshiarpur,2012,48,3716.7949661458224,3.7167949661458226
Punjab,Hoshiarpur,2013,40,90814.5651120975,90.8145651120975
Punjab,Hoshiarpur,2013,41,217507.85153785077,217.50785153785077
Punjab,Hoshiarpur,2013,42,921641.6556070294,921.6416556070294
Punjab,Hoshiarpur,2013,43,3351356.6651282203,3351.3566651282204
Punjab,Hoshiarpur,2013,44,10309781.253387421,10309.781253387422
Punjab,Hoshiarpur,2013,45,18736717.193113677,18736.717193113676
Punjab,Hoshiarpur,2013,46,4805618.086418636,4805.618086418636
Punjab,Hoshiarpur,2013,47,480971.62712282495,480.97162712282494
Punjab,Hoshiarpur,2013,48,119146.35366769903,119.14635366769903
Punjab,Hoshiarpur,2014,40,1086636.4161910138,1086.6364161910137
Punjab,Hoshiarpur,2014,41,2756826.857341027,2756.826857341027
Punjab,Hoshiarpur,2014,42,15055532.879144939,15055.53287914494
Punjab,Hoshiarpur,2014,43,25939946.623095315,25939.946623095315
Punjab,Hoshiarpur,2014,44,14882071.732521363,14882.071732521363
Punjab,Hoshiarpur,2014,45,5466822.022867963,5466.822022867963
Punjab,Hoshiarpur,2014,46,1998118.2610957788,1998.1182610957787
Punjab,Hoshiarpur,2014,47,162639.62343024425,162.63962343024426
Punjab,Hoshiarpur,2014,48,21805.520669317644,21.805520669317644
Punjab,Hoshiarpur,2015,40,417995.6109583351,417.9956109583351
Punjab,Hoshiarpur,2015,41,1439004.4993956613,1439.0044993956612
Punjab,Hoshiarpur,2015,42,6703435.521771016,6703.435521771015
Punjab,Hoshiarpur,2015,43,21715679.574071627,21715.679574071626
Punjab,Hoshiarpur,2015,44,15187969.345642744,15187.969345642743
Punjab,Hoshiarpur,2015,45,20307208.905939527,20307.208905939526
Punjab,Hoshiarpur,2015,46,6404069.917977709,6404.069917977709
Punjab,Hoshiarpur,2015,47,643879.6192638443,643.8796192638443
Punjab,Hoshiarpur,2015,48,84798.97311790845,84.79897311790845
Punjab,Hoshiarpur,2015,49,1279.6516951124484,1.2796516951124484
Punjab,Hoshiarpur,2016,39,15903.943296436337,15.903943296436337
Punjab,Hoshiarpur,2016,40,271171.2658271718,271.1712658271718
Punjab,Hoshiarpur,2016,41,5274149.9761033775,5274.149976103377
Punjab,Hoshiarpur,2016,42,16016212.081119346,16016.212081119345
Punjab,Hoshiarpur,2016,43,25360750.509462744,25360.750509462745
Punjab,Hoshiarpur,2016,44,28743583.212863896,28743.583212863898
Punjab,Hoshiarpur,2016,45,8329441.000757796,8329.441000757795
Punjab,Hoshiarpur,2016,46,619692.2674671758,619.6922674671758
Punjab,Hoshiarpur,2016,47,40007.5019825341,40.0075019825341
Punjab,Hoshiarpur,2016,48,525.4103492346508,0.5254103492346508
Punjab,Hoshiarpur,2017,39,19080.052552493034,19.080052552493033
Punjab,Hoshiarpur,2017,40,670210.6338325376,670.2106338325376
Punjab,Hoshiarpur,2017,41,5352805.797264422,5352.805797264422
Punjab,Hoshiarpur,2017,42,18303955.91452952,18303.95591452952
Punjab,Hoshiarpur,2017,43,20503139.336589452,20503.13933658945
Punjab,Hoshiarpur,2017,44,22145027.14180924,22145.02714180924
Punjab,Hoshiarpur,2017,45,6978456.289866685,6978.4562898666845
Punjab,Hoshiarpur,2017,46,3017408.145382813,3017.408145382813
Punjab,Hoshiarpur,2017,47,986504.7294244131,986.5047294244131
Punjab,Hoshiarpur,2017,48,62112.56078585809,62.11256078585809
Punjab,Hoshiarpur,2018,40,81245.5561827002,81.2455561827002
Punjab,Hoshiarpur,2018,41,96207.11580050056,96.20711580050056
Punjab,Hoshiarpur,2018,42,1269529.6636167853,1269.5296636167852
Punjab,Hoshiarpur,2018,43,7122146.398751896,7122.1463987518955
Punjab,Hoshiarpur,2018,44,9101671.133581834,9101.671133581835
Punjab,Hoshiarpur,2018,45,3992057.8046477577,3992.0578046477576
Punjab,Hoshiarpur,2018,46,1613099.380499588,1613.099380499588
Punjab,Hoshiarpur,2018,47,735673.6590250477,735.6736590250476
Punjab,Hoshiarpur,2018,48,83655.86364615368,83.65586364615368
Punjab,Jalandhar,2012,40,1927864.4613302422,1927.8644613302422
Punjab,Jalandhar,2012,41,12354480.347486151,12354.480347486151
Punjab,Jalandhar,2012,42,23784359.712287925,23784.359712287926
Punjab,Jalandhar,2012,43,52827156.09890701,52827.156098907006
Punjab,Jalandhar,2012,44,100806907.14031789,100806.90714031788
Punjab,Jalandhar,2012,45,61826762.116968304,61826.762116968304
Punjab,Jalandhar,2012,46,9746489.781714512,9746.489781714512
Punjab,Jalandhar,2012,47,537058.41141658,537.0584114165799
Punjab,Jalandhar,2012,48,11231.557365290733,11.231557365290733
Punjab,Jalandhar,2013,40,608974.6310168336,608.9746310168335
Punjab,Jalandhar,2013,41,2809059.920215239,2809.059920215239
Punjab,Jalandhar,2013,42,12244239.18924317,12244.23918924317
Punjab,Jalandhar,2013,43,32029732.976033285,32029.732976033287
Punjab,Jalandhar,2013,44,85769638.34657304,85769.63834657305
Punjab,Jalandhar,2013,45,158908881.7350961,158908.8817350961
Punjab,Jalandhar,2013,46,41443536.48497826,41443.536484978256
Punjab,Jalandhar,2013,47,2939558.1611023755,2939.5581611023754
Punjab,Jalandhar,2013,48,262432.05755888263,262.4320575588826
Punjab,Jalandhar,2014,40,1204730.8956282039,1204.7308956282038
Punjab,Jalandhar,2014,41,7016879.497079888,7016.879497079888
Punjab,Jalandhar,2014,42,21974471.442092147,21974.47144209215
Punjab,Jalandhar,2014,43,50306370.25142944,50306.37025142944
Punjab,Jalandhar,2014,44,118725292.68425034,118725.29268425034
Punjab,Jalandhar,2014,45,122266103.68109186,122266.10368109186
Punjab,Jalandhar,2014,46,37397369.45829535,37397.369458295354
Punjab,Jalandhar,2014,47,1770661.057801727,1770.6610578017269
Punjab,Jalandhar,2014,48,65508.424349716915,65.50842434971692
Punjab,Jalandhar,2015,40,836584.2245957443,836.5842245957443
Punjab,Jalandhar,2015,41,4025083.6194178266,4025.083619417827
Punjab,Jalandhar,2015,42,15538495.396110754,15538.495396110755
Punjab,Jalandhar,2015,43,54390629.78086496,54390.62978086496
Punjab,Jalandhar,2015,44,74325875.47134316,74325.87547134316
Punjab,Jalandhar,2015,45,207947249.99519852,207947.2499951985
Punjab,Jalandhar,2015,46,70519291.86820947,70519.29186820946
Punjab,Jalandhar,2015,47,3606085.1727080178,3606.0851727080176
Punjab,Jalandhar,2015,48,124352.28805750948,124.35228805750947
Punjab,Jalandhar,2015,49,647.4478412102211,0.6474478412102211
Punjab,Jalandhar,2016,39,44022.10931085879,44.02210931085879
Punjab,Jalandhar,2016,40,659231.1866990259,659.2311866990259
Punjab,Jalandhar,2016,41,12196084.758555137,12196.084758555136
Punjab,Jalandhar,2016,42,43746574.37885113,43746.57437885113
Punjab,Jalandhar,2016,43,99818748.44676353,99818.74844676354
Punjab,Jalandhar,2016,44,182738305.1916622,182738.3051916622
Punjab,Jalandhar,2016,45,95460912.75864534,95460.91275864534
Punjab,Jalandhar,2016,46,9937130.85050765,9937.13085050765
Punjab,Jalandhar,2016,47,520950.66174466646,520.9506617446665
Punjab,Jalandhar,2016,48,3869.09036212209,3.86909036212209
Punjab,Jalandhar,2017,39,133478.28500474867,133.47828500474867
Punjab,Jalandhar,2017,40,2093677.8395406988,2093.6778395406986
Punjab,Jalandhar,2017,41,7285790.037705253,7285.790037705253
Punjab,Jalandhar,2017,42,20086755.660297953,20086.755660297953
Punjab,Jalandhar,2017,43,28870032.834464844,28870.032834464844
Punjab,Jalandhar,2017,44,61184994.97330272,61184.994973302724
Punjab,Jalandhar,2017,45,45405417.61933994,45405.41761933994
Punjab,Jalandhar,2017,46,27389384.910608485,27389.384910608485
Punjab,Jalandhar,2017,47,7578172.695160488,7578.172695160488
Punjab,Jalandhar,2017,48,320620.47440287063,320.6204744028706
Punjab,Jalandhar,2018,40,24746.291765186634,24.746291765186633
Punjab,Jalandhar,2018,41,108892.59013573856,108.89259013573856
Punjab,Jalandhar,2018,42,1784287.8789358125,1784.2878789358126
Punjab,Jalandhar,2018,43,13372012.45554344,13372.01245554344
Punjab,Jalandhar,2018,44,45993302.97742542,45993.30297742542
Punjab,Jalandhar,2018,45,54345631.79890811,54345.63179890811
Punjab,Jalandhar,2018,46,17236726.298377696,17236.726298377696
Punjab,Jalandhar,2018,47,2633006.107574067,2633.0061075740673
Punjab,Jalandhar,2018,48,80437.07696227868,80.43707696227868
Punjab,Kapurthala,2012,40,4432777.341128595,4432.777341128595
Punjab,Kapurthala,2012,41,22567982.529163107,22567.982529163106
Punjab,Kapurthala,2012,42,29393112.943928223,29393.112943928223
Punjab,Kapurthala,2012,43,36432832.58744742,36432.83258744742
Punjab,Kapurthala,2012,44,41884522.02554685,41884.52202554685
Punjab,Kapurthala,2012,45,21902932.66587085,21902.93266587085
Punjab,Kapurthala,2012,46,4146070.6684050066,4146.0706684050065
Punjab,Kapurthala,2012,47,372853.0104523915,372.8530104523915
Punjab,Kapurthala,2012,48,12960.08365807456,12.96008365807456
Punjab,Kapurthala,2013,40,91708.68215546347,91.70868215546346
Punjab,Kapurthala,2013,41,542777.011141536,542.7770111415359
Punjab,Kapurthala,2013,42,4466051.056570767,4466.051056570767
Punjab,Kapurthala,2013,43,23488619.38274064,23488.61938274064
Punjab,Kapurthala,2013,44,76836212.65990415,76836.21265990415
Punjab,Kapurthala,2013,45,88464115.4963642,88464.1154963642
Punjab,Kapurthala,2013,46,14219960.056963509,14219.96005696351
Punjab,Kapurthala,2013,47,724285.5476730554,724.2855476730555
Punjab,Kapurthala,2013,48,43640.86084061439,43.64086084061439
Punjab,Kapurthala,2014,40,2881039.8718074216,2881.0398718074216
Punjab,Kapurthala,2014,41,12854799.816304544,12854.799816304543
Punjab,Kapurthala,2014,42,35230785.080468714,35230.78508046871
Punjab,Kapurthala,2014,43,54042455.24989558,54042.45524989558
Punjab,Kapurthala,2014,44,69758969.33523867,69758.96933523867
Punjab,Kapurthala,2014,45,43510311.05793485,43510.31105793485
Punjab,Kapurthala,2014,46,10810631.754040198,10810.631754040198
Punjab,Kapurthala,2014,47,537039.6475473117,537.0396475473117
Punjab,Kapurthala,2014,48,25864.78192807522,25.86478192807522
Punjab,Kapurthala,2015,40,1434895.8346597734,1434.8958346597733
Punjab,Kapurthala,2015,41,6009271.787972914,6009.271787972914
Punjab,Kapurthala,2015,42,16389164.700162688,16389.164700162688
Punjab,Kapurthala,2015,43,45772019.92585932,45772.01992585932
Punjab,Kapurthala,2015,44,53635591.463301465,53635.59146330146
Punjab,Kapurthala,2015,45,114284580.21521921,114284.58021521922
Punjab,Kapurthala,2015,46,28880042.370803237,28880.042370803236
Punjab,Kapurthala,2015,47,1232635.757232255,1232.6357572322552
Punjab,Kapurthala,2015,48,59917.627253981176,59.91762725398117
Punjab,Kapurthala,2015,49,558.7189773692329,0.5587189773692329
Punjab,Kapurthala,2016,39,172304.08016697687,172.30408016697686
Punjab,Kapurthala,2016,40,1218777.6891859418,1218.7776891859419
Punjab,Kapurthala,2016,41,13081691.450723896,13081.691450723896
Punjab,Kapurthala,2016,42,34895942.03443985,34895.942034439846
Punjab,Kapurthala,2016,43,61749842.90385609,61749.84290385609
Punjab,Kapurthala,2016,44,95135818.34796473,95135.81834796473
Punjab,Kapurthala,2016,45,44927888.8311105,44927.8888311105
Punjab,Kapurthala,2016,46,4757094.713929446,4757.094713929447
Punjab,Kapurthala,2016,47,286216.2442481963,286.2162442481963
Punjab,Kapurthala,2016,48,2747.7782899006083,2.7477782899006082
Punjab,Kapurthala,2017,39,29461.34369096961,29.46134369096961
Punjab,Kapurthala,2017,40,706209.4283819944,706.2094283819944
Punjab,Kapurthala,2017,41,4662625.294270056,4662.625294270057
Punjab,Kapurthala,2017,42,21896375.11739028,21896.37511739028
Punjab,Kapurthala,2017,43,34930684.7051351,34930.6847051351
Punjab,Kapurthala,2017,44,52874946.61011727,52874.94661011727
Punjab,Kapurthala,2017,45,26208728.89894388,26208.72889894388
Punjab,Kapurthala,2017,46,11400576.000422115,11400.576000422114
Punjab,Kapurthala,2017,47,2590411.3675006,2590.4113675006
Punjab,Kapurthala,2017,48,93143.22602377477,93.14322602377477
Punjab,Kapurthala,2018,40,375304.111932095,375.304111932095
Punjab,Kapurthala,2018,41,820358.7936756306,820.3587936756306
Punjab,Kapurthala,2018,42,5657930.841259775,5657.930841259775
Punjab,Kapurthala,2018,43,19968633.553176332,19968.633553176332
Punjab,Kapurthala,2018,44,36540338.684028186,36540.33868402819
Punjab,Kapurthala,2018,45,27760605.656944815,27760.605656944816
Punjab,Kapurthala,2018,46,5566687.8239025185,5566.687823902518
Punjab,Kapurthala,2018,47,487024.80184202763,487.0248018420276
Punjab,Kapurthala,2018,48,14042.778191590014,14.042778191590013
Punjab,Ludhiana,2012,40,34643.451845065414,34.643451845065414
Punjab,Ludhiana,2012,41,1202134.078574161,1202.134078574161
Punjab,Ludhiana,2012,42,8909946.91707301,8909.94691707301
Punjab,Ludhiana,2012,43,62169918.1438146,62169.918143814604
Punjab,Ludhiana,2012,44,286300298.1811741,286300.2981811741
Punjab,Ludhiana,2012,45,270247152.2967721,270247.1522967721
Punjab,Ludhiana,2012,46,48932238.66323671,48932.238663236705
Punjab,Ludhiana,2012,47,2466946.2293360797,2466.94622933608
Punjab,Ludhiana,2012,48,28906.19853167921,28.90619853167921
Punjab,Ludhiana,2013,40,62993.618192275,62.993618192274994
Punjab,Ludhiana,2013,41,706753.2444859112,706.7532444859112
Punjab,Ludhiana,2013,42,9218846.039141566,9218.846039141565
Punjab,Ludhiana,2013,43,47465150.2556546,47465.150255654604
Punjab,Ludhiana,2013,44,208053880.11312726,208053.88011312726
Punjab,Ludhiana,2013,45,543790761.8506602,543790.7618506602
Punjab,Ludhiana,2013,46,170170101.95401385,170170.10195401387
Punjab,Ludhiana,2013,47,13029922.809508486,13029.922809508485
Punjab,Ludhiana,2013,48,1198259.2319068843,1198.2592319068845
Punjab,Ludhiana,2014,40,101378.45919597578,101.37845919597578
Punjab,Ludhiana,2014,41,1709690.0318438606,1709.6900318438607
Punjab,Ludhiana,2014,42,10424480.339292666,10424.480339292666
Punjab,Ludhiana,2014,43,50214918.0367526,50214.9180367526
Punjab,Ludhiana,2014,44,261169071.78270945,261169.07178270945
Punjab,Ludhiana,2014,45,450866597.05886555,450866.59705886553
Punjab,Ludhiana,2014,46,151426385.23174348,151426.38523174348
Punjab,Ludhiana,2014,47,6655159.726370819,6655.159726370819
Punjab,Ludhiana,2014,48,231860.84822648586,231.86084822648587
Punjab,Ludhiana,2015,40,76705.80813903824,76.70580813903824
Punjab,Ludhiana,2015,41,953713.1062352126,953.7131062352126
Punjab,Ludhiana,2015,42,5374846.52783373,5374.84652783373
Punjab,Ludhiana,2015,43,27005997.612484723,27005.997612484724
Punjab,Ludhiana,2015,44,82452162.78693509,82452.16278693509
Punjab,Ludhiana,2015,45,589552595.4571346,589552.5954571347
Punjab,Ludhiana,2015,46,403794439.51808816,403794.4395180882
Punjab,Ludhiana,2015,47,30437040.669754025,30437.040669754024
Punjab,Ludhiana,2015,48,934719.2688381171,934.7192688381172
Punjab,Ludhiana,2015,49,3108.2780539477494,3.1082780539477493
Punjab,Ludhiana,2016,39,110707.65018881841,110.70765018881842
Punjab,Ludhiana,2016,40,1118245.2293716234,1118.2452293716233
Punjab,Ludhiana,2016,41,14600347.777901243,14600.347777901243
Punjab,Ludhiana,2016,42,46786314.71012375,46786.31471012375
Punjab,Ludhiana,2016,43,140261279.228598,140261.279228598
Punjab,Ludhiana,2016,44,401114897.23086435,401114.8972308643
Punjab,Ludhiana,2016,45,307295899.4769681,307295.8994769681
Punjab,Ludhiana,2016,46,40845657.869545676,40845.65786954568
Punjab,Ludhiana,2016,47,2746988.0071394625,2746.9880071394623
Punjab,Ludhiana,2016,48,34534.60652996112,34.534606529961124
Punjab,Ludhiana,2017,39,29474.596927654587,29.474596927654588
Punjab,Ludhiana,2017,40,699030.5780617675,699.0305780617675
Punjab,Ludhiana,2017,41,3990083.608769632,3990.083608769632
Punjab,Ludhiana,2017,42,16780536.501606785,16780.536501606784
Punjab,Ludhiana,2017,43,41488698.385317594,41488.69838531759
Punjab,Ludhiana,2017,44,133687148.70872663,133687.14870872663
Punjab,Ludhiana,2017,45,125810049.74422558,125810.04974422557
Punjab,Ludhiana,2017,46,85670612.10418542,85670.61210418542
Punjab,Ludhiana,2017,47,28608559.495217737,28608.559495217738
Punjab,Ludhiana,2017,48,1526025.779541025,1526.025779541025
Punjab,Ludhiana,2018,40,81492.3879105017,81.49238791050169
Punjab,Ludhiana,2018,41,233385.4781985995,233.38547819859951
Punjab,Ludhiana,2018,42,3046431.3404743723,3046.431340474372
Punjab,Ludhiana,2018,43,22899939.72915089,22899.93972915089
Punjab,Ludhiana,2018,44,87455203.5060939,87455.20350609391
Punjab,Ludhiana,2018,45,142458282.6098442,142458.2826098442
Punjab,Ludhiana,2018,46,77590886.11996366,77590.88611996366
Punjab,Ludhiana,2018,47,19820433.63345369,19820.43363345369
Punjab,Ludhiana,2018,48,858676.3253965008,858.6763253965007
Punjab,Mansa,2012,40,7680.709228299662,7.680709228299662
Punjab,Mansa,2012,41,193394.23641488474,193.39423641488474
Punjab,Mansa,2012,42,2146720.045954397,2146.720045954397
Punjab,Mansa,2012,43,18223278.23890555,18223.27823890555
Punjab,Mansa,2012,44,97893041.57482734,97893.04157482734
Punjab,Mansa,2012,45,123611653.06572688,123611.65306572687
Punjab,Mansa,2012,46,37328627.42673879,37328.62742673879
Punjab,Mansa,2012,47,5761037.75898547,5761.03775898547
Punjab,Mansa,2012,48,433030.28559939953,433.0302855993995
Punjab,Mansa,2013,40,114004.90198905785,114.00490198905786
Punjab,Mansa,2013,41,713039.0058444903,713.0390058444902
Punjab,Mansa,2013,42,7858325.370008339,7858.325370008339
Punjab,Mansa,2013,43,45924214.93585951,45924.214935859505
Punjab,Mansa,2013,44,174872784.99616367,174872.78499616365
Punjab,Mansa,2013,45,296433047.5434687,296433.0475434687
Punjab,Mansa,2013,46,60990884.790258855,60990.88479025885
Punjab,Mansa,2013,47,3836637.290089376,3836.6372900893757
Punjab,Mansa,2013,48,113007.04412318881,113.0070441231888
Punjab,Mansa,2014,40,59202.79428739554,59.20279428739554
Punjab,Mansa,2014,41,379055.3756817474,379.05537568174736
Punjab,Mansa,2014,42,1777979.9173731683,1777.9799173731683
Punjab,Mansa,2014,43,13847810.311937029,13847.810311937028
Punjab,Mansa,2014,44,100854309.24795052,100854.30924795053
Punjab,Mansa,2014,45,223629786.54745063,223629.78654745064
Punjab,Mansa,2014,46,79811898.44185744,79811.89844185744
Punjab,Mansa,2014,47,5504923.955046007,5504.923955046007
Punjab,Mansa,2014,48,462827.4846611586,462.82748466115856
Punjab,Mansa,2015,40,25726.667014782244,25.726667014782244
Punjab,Mansa,2015,41,157087.57362993972,157.08757362993973
Punjab,Mansa,2015,42,518475.5470401524,518.4755470401524
Punjab,Mansa,2015,43,4229472.323200845,4229.4723232008455
Punjab,Mansa,2015,44,29261586.12065541,29261.58612065541
Punjab,Mansa,2015,45,275851130.783943,275851.130783943
Punjab,Mansa,2015,46,211433999.61212906,211433.99961212906
Punjab,Mansa,2015,47,22868471.316260684,22868.471316260686
Punjab,Mansa,2015,48,3836767.7099847724,3836.7677099847724
Punjab,Mansa,2015,49,101742.16954678208,101.74216954678208
Punjab,Mansa,2016,39,29053.078432528993,29.053078432528995
Punjab,Mansa,2016,40,166957.7725097794,166.9577725097794
Punjab,Mansa,2016,41,1938563.3551702916,1938.5633551702915
Punjab,Mansa,2016,42,11048942.819949705,11048.942819949705
Punjab,Mansa,2016,43,57759709.40931474,57759.70940931474
Punjab,Mansa,2016,44,185267914.10692018,185267.9141069202
Punjab,Mansa,2016,45,167513071.20462972,167513.07120462973
Punjab,Mansa,2016,46,30963298.112282872,30963.29811228287
Punjab,Mansa,2016,47,4015281.9541556183,4015.281954155618
Punjab,Mansa,2016,48,106219.0475067789,106.21904750677889
Punjab,Mansa,2017,39,12109.725866471803,12.109725866471804
Punjab,Mansa,2017,40,426049.47203878564,426.0494720387856
Punjab,Mansa,2017,41,3027144.7916325442,3027.144791632544
Punjab,Mansa,2017,42,19933398.03912154,19933.398039121537
Punjab,Mansa,2017,43,74031199.2725369,74031.1992725369
Punjab,Mansa,2017,44,207778231.1829263,207778.2311829263
Punjab,Mansa,2017,45,126392027.37706631,126392.02737706632
Punjab,Mansa,2017,46,64404071.360567816,64404.07136056782
Punjab,Mansa,2017,47,23725655.765001785,23725.655765001786
Punjab,Mansa,2017,48,4307863.906986725,4307.863906986725
Punjab,Mansa,2018,40,216827.95424973508,216.8279542497351
Punjab,Mansa,2018,41,673838.9761040178,673.8389761040178
Punjab,Mansa,2018,42,4643395.233900762,4643.395233900762
Punjab,Mansa,2018,43,31654452.790464,31654.452790463998
Punjab,Mansa,2018,44,124110859.75022052,124110.85975022052
Punjab,Mansa,2018,45,173036365.096288,173036.365096288
Punjab,Mansa,2018,46,76479340.99991983,76479.34099991983
Punjab,Mansa,2018,47,19378551.717421852,19378.55171742185
Punjab,Mansa,2018,48,2430064.029835412,2430.064029835412
Punjab,Moga,2012,40,361756.85657894,361.75685657894
Punjab,Moga,2012,41,3381982.2359445556,3381.9822359445557
Punjab,Moga,2012,42,10014259.210425818,10014.259210425818
Punjab,Moga,2012,43,55687451.76080571,55687.451760805714
Punjab,Moga,2012,44,266533360.39556125,266533.36039556126
Punjab,Moga,2012,45,242093649.7804851,242093.64978048508
Punjab,Moga,2012,46,38825414.27533965,38825.414275339645
Punjab,Moga,2012,47,2409145.5436312906,2409.1455436312904
Punjab,Moga,2012,48,111190.94915466738,111.19094915466738
Punjab,Moga,2013,40,84654.81695119232,84.65481695119232
Punjab,Moga,2013,41,743121.9956235905,743.1219956235906
Punjab,Moga,2013,42,11964877.483164867,11964.877483164868
Punjab,Moga,2013,43,70503889.42565416,70503.88942565415
Punjab,Moga,2013,44,278751472.17732143,278751.47217732144
Punjab,Moga,2013,45,537535425.8581555,537535.4258581555
Punjab,Moga,2013,46,98469679.10170864,98469.67910170864
Punjab,Moga,2013,47,3545697.5794876567,3545.6975794876566
Punjab,Moga,2013,48,126968.33420238733,126.96833420238733
Punjab,Moga,2014,40,1239626.2535958602,1239.6262535958601
Punjab,Moga,2014,41,5789649.921587396,5789.649921587396
Punjab,Moga,2014,42,12007336.861423364,12007.336861423364
Punjab,Moga,2014,43,41801740.37262844,41801.74037262845
Punjab,Moga,2014,44,246973246.56996137,246973.24656996137
Punjab,Moga,2014,45,436601578.07980424,436601.57807980425
Punjab,Moga,2014,46,146350990.32580557,146350.9903258056
Punjab,Moga,2014,47,5359682.998973153,5359.682998973152
Punjab,Moga,2014,48,127273.44712917854,127.27344712917855
Punjab,Moga,2015,40,112860.0851420043,112.86008514200431
Punjab,Moga,2015,41,914895.9427403272,914.8959427403272
Punjab,Moga,2015,42,3702791.3755938485,3702.7913755938484
Punjab,Moga,2015,43,15000881.656260064,15000.881656260064
Punjab,Moga,2015,44,58637801.88153993,58637.801881539934
Punjab,Moga,2015,45,582624687.4601934,582624.6874601934
Punjab,Moga,2015,46,439601343.1759526,439601.3431759526
Punjab,Moga,2015,47,30525169.558336347,30525.169558336347
Punjab,Moga,2015,48,863066.6498305259,863.0666498305259
Punjab,Moga,2015,49,4069.6254976748946,4.0696254976748945
Punjab,Moga,2016,39,4711.987437667008,4.711987437667008
Punjab,Moga,2016,40,82534.54952533398,82.53454952533397
Punjab,Moga,2016,41,2030069.8651981044,2030.0698651981045
Punjab,Moga,2016,42,13177344.157862492,13177.344157862492
Punjab,Moga,2016,43,90546828.66442855,90546.82866442854
Punjab,Moga,2016,44,397799618.21754414,397799.61821754416
Punjab,Moga,2016,45,351261897.1289097,351261.8971289097
Punjab,Moga,2016,46,40870496.10168334,40870.49610168334
Punjab,Moga,2016,47,1825440.7186845068,1825.440718684507
Punjab,Moga,2016,48,12957.317162156809,12.957317162156809
Punjab,Moga,2017,39,46195.44022571645,46.195440225716446
Punjab,Moga,2017,40,739963.4894319758,739.9634894319757
Punjab,Moga,2017,41,2463398.4181032116,2463.3984181032115
Punjab,Moga,2017,42,7418126.982095403,7418.126982095403
Punjab,Moga,2017,43,17416937.651914716,17416.937651914715
Punjab,Moga,2017,44,78213131.1060827,78213.1311060827
Punjab,Moga,2017,45,140758014.38562977,140758.01438562977
Punjab,Moga,2017,46,182798862.19748726,182798.86219748727
Punjab,Moga,2017,47,107279441.34072682,107279.44134072683
Punjab,Moga,2017,48,7784174.886765187,7784.174886765187
Punjab,Moga,2018,40,27332.72360484271,27.332723604842712
Punjab,Moga,2018,41,149774.43630202196,149.77443630202197
Punjab,Moga,2018,42,3572044.202562849,3572.044202562849
Punjab,Moga,2018,43,37415290.73442578,37415.290734425784
Punjab,Moga,2018,44,155871831.18418762,155871.8311841876
Punjab,Moga,2018,45,240679900.35434464,240679.90035434463
Punjab,Moga,2018,46,117377710.89949624,117377.71089949625
Punjab,Moga,2018,47,25032446.59916121,25032.446599161212
Punjab,Moga,2018,48,777866.1085254205,777.8661085254205
Punjab,Muktsar,2012,40,5546223.567765092,5546.2235677650915
Punjab,Muktsar,2012,41,35609431.953700416,35609.43195370042
Punjab,Muktsar,2012,42,52655075.720118195,52655.07572011819
Punjab,Muktsar,2012,43,77472248.52424037,77472.24852424038
Punjab,Muktsar,2012,44,120703329.78413312,120703.32978413312
Punjab,Muktsar,2012,45,104964577.45634,104964.57745634
Punjab,Muktsar,2012,46,42736372.411938846,42736.37241193884
Punjab,Muktsar,2012,47,11001429.850752205,11001.429850752205
Punjab,Muktsar,2012,48,1188434.774681888,1188.434774681888
Punjab,Muktsar,2013,40,6460772.8480577385,6460.772848057739
Punjab,Muktsar,2013,41,19310150.25525148,19310.15025525148
Punjab,Muktsar,2013,42,49409107.777879044,49409.10777787904
Punjab,Muktsar,2013,43,92840261.16037165,92840.26116037165
Punjab,Muktsar,2013,44,198811791.4199664,198811.7914199664
Punjab,Muktsar,2013,45,346290388.05226964,346290.38805226964
Punjab,Muktsar,2013,46,89838823.89817603,89838.82389817602
Punjab,Muktsar,2013,47,6444326.409632977,6444.326409632977
Punjab,Muktsar,2013,48,574410.3164903163,574.4103164903163
Punjab,Muktsar,2014,40,2824233.7536836173,2824.233753683617
Punjab,Muktsar,2014,41,9658446.08341709,9658.44608341709
Punjab,Muktsar,2014,42,16671210.402493648,16671.21040249365
Punjab,Muktsar,2014,43,43286144.18922905,43286.144189229046
Punjab,Muktsar,2014,44,162983051.02184233,162983.05102184234
Punjab,Muktsar,2014,45,265435419.5068289,265435.4195068289
Punjab,Muktsar,2014,46,140137233.9228682,140137.23392286818
Punjab,Muktsar,2014,47,13050621.352469433,13050.621352469434
Punjab,Muktsar,2014,48,1283493.701231659,1283.4937012316589
Punjab,Muktsar,2015,40,602626.2561314037,602.6262561314037
Punjab,Muktsar,2015,41,4058150.58172856,4058.1505817285597
Punjab,Muktsar,2015,42,14023221.234339394,14023.221234339393
Punjab,Muktsar,2015,43,50619892.30922232,50619.89230922232
Punjab,Muktsar,2015,44,101995201.58085154,101995.20158085154
Punjab,Muktsar,2015,45,438121904.3141821,438121.9043141821
Punjab,Muktsar,2015,46,217923730.44102952,217923.73044102953
Punjab,Muktsar,2015,47,18175673.690295946,18175.673690295946
Punjab,Muktsar,2015,48,1282725.1842522498,1282.7251842522498
Punjab,Muktsar,2015,49,11296.168428888112,11.296168428888112
Punjab,Muktsar,2016,39,1151528.4165806363,1151.5284165806363
Punjab,Muktsar,2016,40,7009143.119217186,7009.143119217186
Punjab,Muktsar,2016,41,53958808.431553036,53958.808431553036
Punjab,Muktsar,2016,42,106458508.84094624,106458.50884094625
Punjab,Muktsar,2016,43,150790248.72562382,150790.24872562382
Punjab,Muktsar,2016,44,218561299.6469718,218561.2996469718
Punjab,Muktsar,2016,45,122001411.32961318,122001.41132961318
Punjab,Muktsar,2016,46,22441170.857165977,22441.170857165976
Punjab,Muktsar,2016,47,3374038.1220732965,3374.0381220732966
Punjab,Muktsar,2016,48,106430.36041917554,106.43036041917554
Punjab,Muktsar,2017,39,223987.50843741096,223.98750843741095
Punjab,Muktsar,2017,40,3755993.8095132955,3755.9938095132957
Punjab,Muktsar,2017,41,12320262.939496262,12320.262939496262
Punjab,Muktsar,2017,42,34501931.19595938,34501.93119595938
Punjab,Muktsar,2017,43,65724651.80100048,65724.65180100048
Punjab,Muktsar,2017,44,206645444.6955009,206645.44469550092
Punjab,Muktsar,2017,45,220445828.4911689,220445.82849116888
Punjab,Muktsar,2017,46,169494877.20057043,169494.87720057042
Punjab,Muktsar,2017,47,58999316.08177552,58999.31608177553
Punjab,Muktsar,2017,48,3031319.958575394,3031.319958575394
Punjab,Muktsar,2018,40,466030.0391155035,466.0300391155035
Punjab,Muktsar,2018,41,1215398.5738981315,1215.3985738981314
Punjab,Muktsar,2018,42,12648802.42556052,12648.80242556052
Punjab,Muktsar,2018,43,77622256.11552976,77622.25611552976
Punjab,Muktsar,2018,44,246477388.41636008,246477.38841636007
Punjab,Muktsar,2018,45,317871563.99181414,317871.56399181415
Punjab,Muktsar,2018,46,140208703.86283353,140208.70386283353
Punjab,Muktsar,2018,47,35079985.52710701,35079.985527107005
Punjab,Muktsar,2018,48,1838807.0224659895,1838.8070224659893
Punjab,Pathankot,2012,40,6507.764033026487,6.507764033026486
Punjab,Pathankot,2012,41,126828.48353062583,126.82848353062583
Punjab,Pathankot,2012,42,259232.63786029498,259.232637860295
Punjab,Pathankot,2012,43,236998.57861210307,236.99857861210307
Punjab,Pathankot,2012,44,125345.08500155786,125.34508500155786
Punjab,Pathankot,2012,45,32220.692650735917,32.22069265073592
Punjab,Pathankot,2012,46,5516.218166026727,5.516218166026727
Punjab,Pathankot,2012,47,568.5381227472182,0.5685381227472182
Punjab,Pathankot,2012,48,20.564416792725204,0.020564416792725203
Punjab,Pathankot,2013,40,9596.28489942866,9.59628489942866
Punjab,Pathankot,2013,41,14574.1197360828,14.5741197360828
Punjab,Pathankot,2013,42,17541.381313964215,17.541381313964216
Punjab,Pathankot,2013,43,34172.43471935725,34.17243471935725
Punjab,Pathankot,2013,44,50531.50685277809,50.53150685277809
Punjab,Pathankot,2013,45,86196.45724895866,86.19645724895865
Punjab,Pathankot,2013,46,31600.84213702245,31.60084213702245
Punjab,Pathankot,2013,47,4220.7690810592085,4.220769081059209
Punjab,Pathankot,2013,48,38242.81397472941,38.24281397472941
Punjab,Pathankot,2014,40,4303.676476292636,4.303676476292636
Punjab,Pathankot,2014,41,53364.23958169917,53.364239581699174
Punjab,Pathankot,2014,42,151138.3975749294,151.1383975749294
Punjab,Pathankot,2014,43,434071.174175016,434.071174175016
Punjab,Pathankot,2014,44,238913.49547460908,238.91349547460908
Punjab,Pathankot,2014,45,59413.36957011285,59.413369570112856
Punjab,Pathankot,2014,46,3483.38859144547,3.48338859144547
Punjab,Pathankot,2014,47,26.56744545906873,0.02656744545906873
Punjab,Pathankot,2014,48,0.07044272851394762,7.044272851394761e-05
Punjab,Pathankot,2015,40,11.447986883663287,0.011447986883663287
Punjab,Pathankot,2015,41,3095.511755277555,3.095511755277555
Punjab,Pathankot,2015,42,131617.40518121337,131.61740518121337
Punjab,Pathankot,2015,43,834303.5990387078,834.3035990387078
Punjab,Pathankot,2015,44,372390.25040102215,372.3902504010222
Punjab,Pathankot,2015,45,105518.39264635458,105.51839264635458
Punjab,Pathankot,2015,46,5830.682125132532,5.830682125132532
Punjab,Pathankot,2015,47,1421.5380277859128,1.4215380277859129
Punjab,Pathankot,2015,48,528.1095904299592,0.5281095904299592
Punjab,Pathankot,2015,49,12.989566076700815,0.012989566076700815
Punjab,Pathankot,2016,39,1457.743539601665,1.457743539601665
Punjab,Pathankot,2016,40,9400.535352891566,9.400535352891566
Punjab,Pathankot,2016,41,107496.55158321813,107.49655158321812
Punjab,Pathankot,2016,42,264231.2737079482,264.2312737079482
Punjab,Pathankot,2016,43,342329.7780680588,342.3297780680588
Punjab,Pathankot,2016,44,342566.9113579832,342.5669113579832
Punjab,Pathankot,2016,45,99262.47857476404,99.26247857476405
Punjab,Pathankot,2016,46,9314.575555746094,9.314575555746094
Punjab,Pathankot,2016,47,1424.1762635890307,1.4241762635890307
Punjab,Pathankot,2016,48,89.79647733550239,0.08979647733550239
Punjab,Pathankot,2017,39,1128.8416282366538,1.1288416282366538
Punjab,Pathankot,2017,40,10883.42595937343,10.88342595937343
Punjab,Pathankot,2017,41,19488.099292233233,19.488099292233233
Punjab,Pathankot,2017,42,36653.67200085734,36.65367200085734
Punjab,Pathankot,2017,43,51900.54807034958,51.90054807034958
Punjab,Pathankot,2017,44,147404.70238411534,147.40470238411535
Punjab,Pathankot,2017,45,169554.66853664684,169.55466853664686
Punjab,Pathankot,2017,46,166530.15652657143,166.53015652657143
Punjab,Pathankot,2017,47,88881.62480675348,88.88162480675348
Punjab,Pathankot,2017,48,6842.878657010922,6.842878657010922
Punjab,Pathankot,2018,40,0.006524568449446426,6.524568449446426e-06
Punjab,Pathankot,2018,41,11.391132384159912,0.011391132384159912
Punjab,Pathankot,2018,42,7328.381475258794,7.328381475258794
Punjab,Pathankot,2018,43,217851.25049107184,217.85125049107185
Punjab,Pathankot,2018,44,440340.03706081636,440.34003706081637
Punjab,Pathankot,2018,45,79535.09460022098,79.53509460022099
Punjab,Pathankot,2018,46,758.4644414503257,0.7584644414503257
Punjab,Pathankot,2018,47,0.418385019643354,0.000418385019643354
Punjab,Pathankot,2018,48,2.80916884642658e-06,2.8091688464265803e-09
Punjab,Patiala,2012,40,1221700.008205934,1221.700008205934
Punjab,Patiala,2012,41,7084854.408483906,7084.854408483906
Punjab,Patiala,2012,42,23529665.627013445,23529.665627013444
Punjab,Patiala,2012,43,72438297.36848089,72438.2973684809
Punjab,Patiala,2012,44,236226927.40442392,236226.9274044239
Punjab,Patiala,2012,45,163142630.39605096,163142.63039605095
Punjab,Patiala,2012,46,19766713.964708462,19766.713964708462
Punjab,Patiala,2012,47,923068.902004073,923.068902004073
Punjab,Patiala,2012,48,29644.64662993998,29.64464662993998
Punjab,Patiala,2013,40,32394.64334525611,32.394643345256114
Punjab,Patiala,2013,41,596918.1469817796,596.9181469817796
Punjab,Patiala,2013,42,13219921.782025144,13219.921782025143
Punjab,Patiala,2013,43,79221192.59679574,79221.19259679574
Punjab,Patiala,2013,44,313263736.5133673,313263.7365133673
Punjab,Patiala,2013,45,342709822.0802439,342709.8220802439
Punjab,Patiala,2013,46,33809803.85689134,33809.80385689134
Punjab,Patiala,2013,47,986820.9703902261,986.8209703902261
Punjab,Patiala,2013,48,15702.160883886258,15.702160883886258
Punjab,Patiala,2014,40,982970.6626901395,982.9706626901395
Punjab,Patiala,2014,41,3721340.8883664114,3721.3408883664115
Punjab,Patiala,2014,42,7143291.7362441635,7143.291736244163
Punjab,Patiala,2014,43,48693951.974060245,48693.95197406025
Punjab,Patiala,2014,44,273629484.5518507,273629.48455185065
Punjab,Patiala,2014,45,314550569.347589,314550.56934758904
Punjab,Patiala,2014,46,42860228.92809367,42860.228928093675
Punjab,Patiala,2014,47,1586100.0525816546,1586.1000525816546
Punjab,Patiala,2014,48,49682.31183604802,49.68231183604802
Punjab,Patiala,2015,40,510432.8304463663,510.43283044636627
Punjab,Patiala,2015,41,4516715.9657018995,4516.715965701899
Punjab,Patiala,2015,42,15808458.219324108,15808.458219324108
Punjab,Patiala,2015,43,61765672.95060794,61765.67295060794
Punjab,Patiala,2015,44,108837691.17241113,108837.69117241113
Punjab,Patiala,2015,45,393996853.0249016,393996.85302490165
Punjab,Patiala,2015,46,168506543.17176732,168506.54317176732
Punjab,Patiala,2015,47,10000816.56385641,10000.81656385641
Punjab,Patiala,2015,48,487670.4706515421,487.67047065154213
Punjab,Patiala,2015,49,5689.0261550929745,5.689026155092974
Punjab,Patiala,2016,39,220124.68206854106,220.12468206854106
Punjab,Patiala,2016,40,2914922.1085840347,2914.9221085840345
Punjab,Patiala,2016,41,30905498.008329418,30905.498008329418
Punjab,Patiala,2016,42,88728290.51445822,88728.29051445822
Punjab,Patiala,2016,43,177141521.0301703,177141.5210301703
Punjab,Patiala,2016,44,242171521.22285676,242171.52122285677
Punjab,Patiala,2016,45,78062011.97054686,78062.01197054685
Punjab,Patiala,2016,46,5143383.30205973,5143.383302059729
Punjab,Patiala,2016,47,271344.9727153958,271.3449727153958
Punjab,Patiala,2016,48,3154.0890361200222,3.1540890361200224
Punjab,Patiala,2017,39,11882.721787705119,11.882721787705119
Punjab,Patiala,2017,40,1635492.5091984402,1635.4925091984403
Punjab,Patiala,2017,41,16171215.03952734,16171.21503952734
Punjab,Patiala,2017,42,64701130.72764281,64701.13072764281
Punjab,Patiala,2017,43,135772580.7056923,135772.5807056923
Punjab,Patiala,2017,44,269909057.03740996,269909.05703741
Punjab,Patiala,2017,45,100945937.22491245,100945.93722491244
Punjab,Patiala,2017,46,18090558.759338576,18090.558759338575
Punjab,Patiala,2017,47,1184040.724562608,1184.040724562608
Punjab,Patiala,2017,48,40662.30413270879,40.66230413270879
Punjab,Patiala,2018,40,3030240.4873111406,3030.2404873111404
Punjab,Patiala,2018,41,8306530.984494648,8306.530984494648
Punjab,Patiala,2018,42,30112363.523555305,30112.363523555305
Punjab,Patiala,2018,43,65544350.92831827,65544.35092831826
Punjab,Patiala,2018,44,138820234.04953223,138820.23404953224
Punjab,Patiala,2018,45,153991132.1117945,153991.1321117945
Punjab,Patiala,2018,46,59310389.890555315,59310.389890555314
Punjab,Patiala,2018,47,11451623.302680744,11451.623302680744
Punjab,Patiala,2018,48,582814.7628814081,582.8147628814081
Punjab,Rupnagar,2012,40,38142.32214748353,38.14232214748353
Punjab,Rupnagar,2012,41,362201.1671389149,362.2011671389149
Punjab,Rupnagar,2012,42,1183097.8682890628,1183.0978682890627
Punjab,Rupnagar,2012,43,5412118.110127876,5412.118110127875
Punjab,Rupnagar,2012,44,15737904.410118852,15737.904410118852
Punjab,Rupnagar,2012,45,12692664.760580063,12692.664760580063
Punjab,Rupnagar,2012,46,2430729.4037767444,2430.729403776744
Punjab,Rupnagar,2012,47,147962.1299236451,147.96212992364508
Punjab,Rupnagar,2012,48,7292.099893568333,7.2920998935683325
Punjab,Rupnagar,2013,40,80419.59818628855,80.41959818628855
Punjab,Rupnagar,2013,41,239561.63121020334,239.56163121020333
Punjab,Rupnagar,2013,42,812605.783151302,812.605783151302
Punjab,Rupnagar,2013,43,2811174.938923924,2811.1749389239244
Punjab,Rupnagar,2013,44,10949354.564208576,10949.354564208577
Punjab,Rupnagar,2013,45,26070389.851795897,26070.389851795895
Punjab,Rupnagar,2013,46,6590116.073506719,6590.11607350672
Punjab,Rupnagar,2013,47,313557.1128024523,313.5571128024523
Punjab,Rupnagar,2013,48,11695.26580240507,11.695265802405071
Punjab,Rupnagar,2014,40,46683.87388720698,46.68387388720698
Punjab,Rupnagar,2014,41,335333.98133310437,335.33398133310436
Punjab,Rupnagar,2014,42,1245812.4932229414,1245.8124932229414
Punjab,Rupnagar,2014,43,4044548.3179982738,4044.548317998274
Punjab,Rupnagar,2014,44,12889396.671247706,12889.396671247705
Punjab,Rupnagar,2014,45,15416381.176335772,15416.381176335772
Punjab,Rupnagar,2014,46,5848527.303956055,5848.527303956055
Punjab,Rupnagar,2014,47,367258.3105645875,367.2583105645875
Punjab,Rupnagar,2014,48,16490.87390213085,16.49087390213085
Punjab,Rupnagar,2015,40,25363.946030244682,25.363946030244684
Punjab,Rupnagar,2015,41,280668.8875590885,280.66888755908855
Punjab,Rupnagar,2015,42,1391546.2053188523,1391.5462053188523
Punjab,Rupnagar,2015,43,6435962.5366596235,6435.962536659624
Punjab,Rupnagar,2015,44,8725608.596343717,8725.608596343716
Punjab,Rupnagar,2015,45,22193844.950757947,22193.844950757946
Punjab,Rupnagar,2015,46,6892559.435765173,6892.5594357651735
Punjab,Rupnagar,2015,47,312392.22249507206,312.3922224950721
Punjab,Rupnagar,2015,48,9285.63174266402,9.28563174266402
Punjab,Rupnagar,2015,49,36.77902082973657,0.03677902082973657
Punjab,Rupnagar,2016,39,18745.592592159985,18.745592592159984
Punjab,Rupnagar,2016,40,211461.5268663104,211.46152686631038
Punjab,Rupnagar,2016,41,3186724.35769916,3186.72435769916
Punjab,Rupnagar,2016,42,9111496.898999002,9111.496898999001
Punjab,Rupnagar,2016,43,14466324.01038856,14466.32401038856
Punjab,Rupnagar,2016,44,18151522.969455272,18151.522969455273
Punjab,Rupnagar,2016,45,6579719.6117468905,6579.71961174689
Punjab,Rupnagar,2016,46,544005.6715761108,544.0056715761108
Punjab,Rupnagar,2016,47,35829.59730081621,35.82959730081621
Punjab,Rupnagar,2016,48,1481.1337408860709,1.481133740886071
Punjab,Rupnagar,2017,39,7361.452735920809,7.361452735920809
Punjab,Rupnagar,2017,40,127059.59293995322,127.05959293995322
Punjab,Rupnagar,2017,41,691454.0693820498,691.4540693820499
Punjab,Rupnagar,2017,42,2787763.694925627,2787.763694925627
Punjab,Rupnagar,2017,43,5292321.639388119,5292.3216393881185
Punjab,Rupnagar,2017,44,10448701.429751303,10448.701429751303
Punjab,Rupnagar,2017,45,4366574.572292682,4366.574572292682
Punjab,Rupnagar,2017,46,1207164.0726565768,1207.1640726565768
Punjab,Rupnagar,2017,47,183688.224700367,183.688224700367
Punjab,Rupnagar,2017,48,6328.292974339817,6.328292974339817
Punjab,Rupnagar,2018,40,9985.620972661998,9.985620972661998
Punjab,Rupnagar,2018,41,10533.652870599619,10.533652870599619
Punjab,Rupnagar,2018,42,139256.9750861104,139.2569750861104
Punjab,Rupnagar,2018,43,836330.2666861888,836.3302666861888
Punjab,Rupnagar,2018,44,1840408.996822718,1840.408996822718
Punjab,Rupnagar,2018,45,1949451.5738216997,1949.4515738216996
Punjab,Rupnagar,2018,46,852481.799704873,852.481799704873
Punjab,Rupnagar,2018,47,186834.73956141277,186.83473956141276
Punjab,Rupnagar,2018,48,6987.900945558702,6.987900945558702
Punjab,Sahibzada Ajit Singh Nagar,2012,40,123916.52397329391,123.9165239732939
Punjab,Sahibzada Ajit Singh Nagar,2012,41,885286.3381080589,885.2863381080589
Punjab,Sahibzada Ajit Singh Nagar,2012,42,2249892.4064223845,2249.8924064223847
Punjab,Sahibzada Ajit Singh Nagar,2012,43,4842777.6524719205,4842.77765247192
Punjab,Sahibzada Ajit Singh Nagar,2012,44,7327328.7512779245,7327.328751277924
Punjab,Sahibzada Ajit Singh Nagar,2012,45,3895437.5956743276,3895.4375956743274
Punjab,Sahibzada Ajit Singh Nagar,2012,46,652421.5216376275,652.4215216376275
Punjab,Sahibzada Ajit Singh Nagar,2012,47,86985.50655841116,86.98550655841116
Punjab,Sahibzada Ajit Singh Nagar,2012,48,24271.06446188313,24.271064461883128
Punjab,Sahibzada Ajit Singh Nagar,2013,40,96172.60200826163,96.17260200826163
Punjab,Sahibzada Ajit Singh Nagar,2013,41,324422.2481150246,324.4222481150246
Punjab,Sahibzada Ajit Singh Nagar,2013,42,1342671.3056173495,1342.6713056173494
Punjab,Sahibzada Ajit Singh Nagar,2013,43,3490775.6427314794,3490.7756427314794
Punjab,Sahibzada Ajit Singh Nagar,2013,44,6715667.242212046,6715.6672422120455
Punjab,Sahibzada Ajit Singh Nagar,2013,45,6245985.794225451,6245.98579422545
Punjab,Sahibzada Ajit Singh Nagar,2013,46,866333.1363878921,866.3331363878921
Punjab,Sahibzada Ajit Singh Nagar,2013,47,45405.82927675277,45.40582927675277
Punjab,Sahibzada Ajit Singh Nagar,2013,48,3789.504200179989,3.789504200179989
Punjab,Sahibzada Ajit Singh Nagar,2014,40,558187.7049149099,558.1877049149099
Punjab,Sahibzada Ajit Singh Nagar,2014,41,1678255.8607209846,1678.2558607209846
Punjab,Sahibzada Ajit Singh Nagar,2014,42,1886104.1877172668,1886.1041877172668
Punjab,Sahibzada Ajit Singh Nagar,2014,43,2406457.278864663,2406.4572788646633
Punjab,Sahibzada Ajit Singh Nagar,2014,44,3805532.5583579596,3805.5325583579597
Punjab,Sahibzada Ajit Singh Nagar,2014,45,2762378.4240591405,2762.3784240591403
Punjab,Sahibzada Ajit Singh Nagar,2014,46,542637.8067783923,542.6378067783922
Punjab,Sahibzada Ajit Singh Nagar,2014,47,18045.16788586362,18.04516788586362
Punjab,Sahibzada Ajit Singh Nagar,2014,48,418.88649399721095,0.41888649399721095
Punjab,Sahibzada Ajit Singh Nagar,2015,40,355822.08275786723,355.82208275786724
Punjab,Sahibzada Ajit Singh Nagar,2015,41,1159925.253732898,1159.925253732898
Punjab,Sahibzada Ajit Singh Nagar,2015,42,3283389.297280499,3283.389297280499
Punjab,Sahibzada Ajit Singh Nagar,2015,43,9576257.417945597,9576.257417945597
Punjab,Sahibzada Ajit Singh Nagar,2015,44,5328263.634379308,5328.263634379307
Punjab,Sahibzada Ajit Singh Nagar,2015,45,5053416.237366353,5053.416237366353
Punjab,Sahibzada Ajit Singh Nagar,2015,46,460648.8805466793,460.6488805466793
Punjab,Sahibzada Ajit Singh Nagar,2015,47,4225.5135164753665,4.225513516475367
Punjab,Sahibzada Ajit Singh Nagar,2015,48,43.358115533559484,0.043358115533559484
Punjab,Sahibzada Ajit Singh Nagar,2015,49,0.35932148632060906,0.00035932148632060907
Punjab,Sahibzada Ajit Singh Nagar,2016,39,38364.3080753422,38.364308075342194
Punjab,Sahibzada Ajit Singh Nagar,2016,40,211731.92097809343,211.73192097809343
Punjab,Sahibzada Ajit Singh Nagar,2016,41,4087040.42134694,4087.04042134694
Punjab,Sahibzada Ajit Singh Nagar,2016,42,7236128.367074459,7236.128367074459
Punjab,Sahibzada Ajit Singh Nagar,2016,43,3520323.1348032146,3520.3231348032145
Punjab,Sahibzada Ajit Singh Nagar,2016,44,1826162.4454231127,1826.1624454231128
Punjab,Sahibzada Ajit Singh Nagar,2016,45,489008.62633723096,489.00862633723096
Punjab,Sahibzada Ajit Singh Nagar,2016,46,138193.40394149625,138.19340394149626
Punjab,Sahibzada Ajit Singh Nagar,2016,47,49559.21441673101,49.55921441673101
Punjab,Sahibzada Ajit Singh Nagar,2016,48,3351.9884184235466,3.3519884184235464
Punjab,Sahibzada Ajit Singh Nagar,2017,39,9231.745376835614,9.231745376835613
Punjab,Sahibzada Ajit Singh Nagar,2017,40,246379.71227657128,246.3797122765713
Punjab,Sahibzada Ajit Singh Nagar,2017,41,2037263.9755283692,2037.2639755283692
Punjab,Sahibzada Ajit Singh Nagar,2017,42,7509137.036875967,7509.137036875967
Punjab,Sahibzada Ajit Singh Nagar,2017,43,4695199.366028896,4695.199366028895
Punjab,Sahibzada Ajit Singh Nagar,2017,44,1796745.3510521597,1796.7453510521598
Punjab,Sahibzada Ajit Singh Nagar,2017,45,819031.6991422675,819.0316991422675
Punjab,Sahibzada Ajit Singh Nagar,2017,46,451955.24002671696,451.955240026717
Punjab,Sahibzada Ajit Singh Nagar,2017,47,125767.73360221392,125.76773360221392
Punjab,Sahibzada Ajit Singh Nagar,2017,48,5192.938150797332,5.192938150797332
Punjab,Sahibzada Ajit Singh Nagar,2018,40,71912.21809528414,71.91221809528415
Punjab,Sahibzada Ajit Singh Nagar,2018,41,106987.91098643921,106.9879109864392
Punjab,Sahibzada Ajit Singh Nagar,2018,42,809128.9345896246,809.1289345896247
Punjab,Sahibzada Ajit Singh Nagar,2018,43,2212468.3446667613,2212.4683446667614
Punjab,Sahibzada Ajit Singh Nagar,2018,44,2520770.3124659974,2520.7703124659974
Punjab,Sahibzada Ajit Singh Nagar,2018,45,1104813.1480480307,1104.8131480480306
Punjab,Sahibzada Ajit Singh Nagar,2018,46,150263.75380868517,150.26375380868518
Punjab,Sahibzada Ajit Singh Nagar,2018,47,21990.201563795137,21.990201563795136
Punjab,Sahibzada Ajit Singh Nagar,2018,48,7900.286654050829,7.900286654050829
Punjab,Sangrur,2012,40,18306.209637359032,18.306209637359032
Punjab,Sangrur,2012,41,481223.11361054867,481.2231136105487
Punjab,Sangrur,2012,42,5408438.826786485,5408.438826786484
Punjab,Sangrur,2012,43,64811136.00605615,64811.13600605615
Punjab,Sangrur,2012,44,359519419.143096,359519.419143096
Punjab,Sangrur,2012,45,312197555.05871296,312197.55505871295
Punjab,Sangrur,2012,46,43337367.37365144,43337.36737365144
Punjab,Sangrur,2012,47,1429797.9665183027,1429.7979665183027
Punjab,Sangrur,2012,48,12222.687534416831,12.222687534416831
Punjab,Sangrur,2013,40,20046.823486521895,20.046823486521895
Punjab,Sangrur,2013,41,272889.8241804765,272.88982418047647
Punjab,Sangrur,2013,42,6137109.910293189,6137.1099102931885
Punjab,Sangrur,2013,43,82520821.34267905,82520.82134267906
Punjab,Sangrur,2013,44,483317788.5022849,483317.7885022849
Punjab,Sangrur,2013,45,580139358.0321188,580139.3580321188
Punjab,Sangrur,2013,46,52096550.21441012,52096.55021441012
Punjab,Sangrur,2013,47,1081688.5340247494,1081.6885340247495
Punjab,Sangrur,2013,48,25361.246793584112,25.36124679358411
Punjab,Sangrur,2014,40,1019.1058556818092,1.0191058556818091
Punjab,Sangrur,2014,41,71952.53292973919,71.95253292973919
Punjab,Sangrur,2014,42,1333485.6621053764,1333.4856621053764
Punjab,Sangrur,2014,43,32493655.507074308,32493.65550707431
Punjab,Sangrur,2014,44,384393063.3027301,384393.0633027301
Punjab,Sangrur,2014,45,652820597.202751,652820.5972027511
Punjab,Sangrur,2014,46,106582074.65066548,106582.07465066548
Punjab,Sangrur,2014,47,1602620.7857320027,1602.6207857320028
Punjab,Sangrur,2014,48,27603.618535836144,27.603618535836144
Punjab,Sangrur,2015,40,37259.79270601092,37.25979270601092
Punjab,Sangrur,2015,41,525887.1628187061,525.8871628187061
Punjab,Sangrur,2015,42,2681812.061993695,2681.812061993695
Punjab,Sangrur,2015,43,26111905.63638582,26111.90563638582
Punjab,Sangrur,2015,44,120349894.05641079,120349.89405641079
Punjab,Sangrur,2015,45,692634450.9562801,692634.4509562801
Punjab,Sangrur,2015,46,314728334.73298395,314728.33473298396
Punjab,Sangrur,2015,47,13740990.008525925,13740.990008525925
Punjab,Sangrur,2015,48,257114.62654788716,257.11462654788716
Punjab,Sangrur,2015,49,855.230490497187,0.855230490497187
Punjab,Sangrur,2016,39,23776.445458171533,23.776445458171533
Punjab,Sangrur,2016,40,255413.82550871425,255.41382550871424
Punjab,Sangrur,2016,41,4381481.791196289,4381.481791196288
Punjab,Sangrur,2016,42,32228899.866105683,32228.899866105683
Punjab,Sangrur,2016,43,193200440.67009938,193200.44067009937
Punjab,Sangrur,2016,44,595370468.5540442,595370.4685540443
Punjab,Sangrur,2016,45,242068184.14800498,242068.18414800498
Punjab,Sangrur,2016,46,14305391.617407518,14305.391617407517
Punjab,Sangrur,2016,47,460397.6122053904,460.39761220539043
Punjab,Sangrur,2016,48,2096.7505101233933,2.0967505101233934
Punjab,Sangrur,2017,39,9692.810491323145,9.692810491323145
Punjab,Sangrur,2017,40,373821.7988721499,373.8217988721499
Punjab,Sangrur,2017,41,3319896.1497241333,3319.8961497241335
Punjab,Sangrur,2017,42,26315745.591370776,26315.745591370774
Punjab,Sangrur,2017,43,149953619.88548756,149953.61988548757
Punjab,Sangrur,2017,44,458222370.9485353,458222.37094853533
Punjab,Sangrur,2017,45,160083038.95072493,160083.03895072493
Punjab,Sangrur,2017,46,39861942.94818506,39861.94294818505
Punjab,Sangrur,2017,47,5838099.092234985,5838.099092234985
Punjab,Sangrur,2017,48,138294.82087354024,138.29482087354023
Punjab,Sangrur,2018,40,167495.71658722617,167.49571658722616
Punjab,Sangrur,2018,41,558564.0081519228,558.5640081519228
Punjab,Sangrur,2018,42,4735314.611504759,4735.314611504758
Punjab,Sangrur,2018,43,56269897.02074041,56269.89702074041
Punjab,Sangrur,2018,44,295447058.27191967,295447.05827191967
Punjab,Sangrur,2018,45,397435438.41811854,397435.4384181185
Punjab,Sangrur,2018,46,115781632.46820392,115781.63246820391
Punjab,Sangrur,2018,47,12962843.080347473,12962.843080347473
Punjab,Sangrur,2018,48,319102.6982060686,319.1026982060686
Punjab,Shahid Bhagat Singh Nagar,2012,40,75239.04251621159,75.23904251621158
Punjab,Shahid Bhagat Singh Nagar,2012,41,1029877.0323393416,1029.8770323393417
Punjab,Shahid Bhagat Singh Nagar,2012,42,3679325.473510097,3679.325473510097
Punjab,Shahid Bhagat Singh Nagar,2012,43,12568409.184812825,12568.409184812825
Punjab,Shahid Bhagat Singh Nagar,2012,44,30657198.784310374,30657.198784310374
Punjab,Shahid Bhagat Singh Nagar,2012,45,21936239.22367815,21936.23922367815
Punjab,Shahid Bhagat Singh Nagar,2012,46,3998308.489357488,3998.3084893574883
Punjab,Shahid Bhagat Singh Nagar,2012,47,256917.16539599624,256.9171653959962
Punjab,Shahid Bhagat Singh Nagar,2012,48,5118.90276459764,5.118902764597641
Punjab,Shahid Bhagat Singh Nagar,2013,40,65040.21699303225,65.04021699303225
Punjab,Shahid Bhagat Singh Nagar,2013,41,300203.419913878,300.203419913878
Punjab,Shahid Bhagat Singh Nagar,2013,42,1521882.67915358,1521.88267915358
Punjab,Shahid Bhagat Singh Nagar,2013,43,4835424.853476328,4835.424853476328
Punjab,Shahid Bhagat Singh Nagar,2013,44,16814221.56234869,16814.221562348688
Punjab,Shahid Bhagat Singh Nagar,2013,45,43634899.51430181,43634.899514301804
Punjab,Shahid Bhagat Singh Nagar,2013,46,16489401.607379302,16489.401607379303
Punjab,Shahid Bhagat Singh Nagar,2013,47,1789204.7359452462,1789.2047359452463
Punjab,Shahid Bhagat Singh Nagar,2013,48,286503.5357365356,286.50353573653564
Punjab,Shahid Bhagat Singh Nagar,2014,40,217127.97477571198,217.12797477571198
Punjab,Shahid Bhagat Singh Nagar,2014,41,1237425.2676494645,1237.4252676494646
Punjab,Shahid Bhagat Singh Nagar,2014,42,3544269.035836722,3544.2690358367217
Punjab,Shahid Bhagat Singh Nagar,2014,43,11184230.941743238,11184.230941743237
Punjab,Shahid Bhagat Singh Nagar,2014,44,36605122.12808614,36605.12212808614
Punjab,Shahid Bhagat Singh Nagar,2014,45,38244863.17616821,38244.86317616821
Punjab,Shahid Bhagat Singh Nagar,2014,46,10633970.115830248,10633.970115830249
Punjab,Shahid Bhagat Singh Nagar,2014,47,510806.8960598786,510.80689605987857
Punjab,Shahid Bhagat Singh Nagar,2014,48,23236.662615644964,23.236662615644963
Punjab,Shahid Bhagat Singh Nagar,2015,40,110169.59782653065,110.16959782653065
Punjab,Shahid Bhagat Singh Nagar,2015,41,813378.3310032397,813.3783310032397
Punjab,Shahid Bhagat Singh Nagar,2015,42,3045621.5075642103,3045.6215075642103
Punjab,Shahid Bhagat Singh Nagar,2015,43,10173523.384139294,10173.523384139295
Punjab,Shahid Bhagat Singh Nagar,2015,44,16152246.580636343,16152.246580636343
Punjab,Shahid Bhagat Singh Nagar,2015,45,54246879.89847526,54246.87989847526
Punjab,Shahid Bhagat Singh Nagar,2015,46,22207066.368426576,22207.066368426575
Punjab,Shahid Bhagat Singh Nagar,2015,47,1539510.048113392,1539.510048113392
Punjab,Shahid Bhagat Singh Nagar,2015,48,87391.68418253309,87.3916841825331
Punjab,Shahid Bhagat Singh Nagar,2015,49,625.7563470515594,0.6257563470515594
Punjab,Shahid Bhagat Singh Nagar,2016,39,14361.76178509859,14.36176178509859
Punjab,Shahid Bhagat Singh Nagar,2016,40,168332.72138721036,168.33272138721037
Punjab,Shahid Bhagat Singh Nagar,2016,41,2717514.5193401976,2717.5145193401977
Punjab,Shahid Bhagat Singh Nagar,2016,42,10112125.843092306,10112.125843092306
Punjab,Shahid Bhagat Singh Nagar,2016,43,25777237.663531363,25777.237663531363
Punjab,Shahid Bhagat Singh Nagar,2016,44,49390397.191176385,49390.39719117639
Punjab,Shahid Bhagat Singh Nagar,2016,45,25310375.354412064,25310.375354412063
Punjab,Shahid Bhagat Singh Nagar,2016,46,2582225.093821744,2582.225093821744
Punjab,Shahid Bhagat Singh Nagar,2016,47,152153.28958309806,152.15328958309806
Punjab,Shahid Bhagat Singh Nagar,2016,48,1735.676999426701,1.735676999426701
Punjab,Shahid Bhagat Singh Nagar,2017,39,17206.185840286398,17.2061858402864
Punjab,Shahid Bhagat Singh Nagar,2017,40,311024.6676379252,311.0246676379252
Punjab,Shahid Bhagat Singh Nagar,2017,41,1129920.3773607884,1129.9203773607885
Punjab,Shahid Bhagat Singh Nagar,2017,42,3277412.1539871735,3277.4121539871735
Punjab,Shahid Bhagat Singh Nagar,2017,43,5803789.400098663,5803.789400098663
Punjab,Shahid Bhagat Singh Nagar,2017,44,14989304.846033838,14989.304846033838
Punjab,Shahid Bhagat Singh Nagar,2017,45,11622064.926004553,11622.064926004554
Punjab,Shahid Bhagat Singh Nagar,2017,46,6275222.628828777,6275.222628828777
Punjab,Shahid Bhagat Singh Nagar,2017,47,1347133.7226716643,1347.1337226716644
Punjab,Shahid Bhagat Singh Nagar,2017,48,40245.006716157084,40.245006716157086
Punjab,Shahid Bhagat Singh Nagar,2018,40,77613.96294435853,77.61396294435853
Punjab,Shahid Bhagat Singh Nagar,2018,41,98663.00905531962,98.66300905531962
Punjab,Shahid Bhagat Singh Nagar,2018,42,535142.3958863379,535.1423958863378
Punjab,Shahid Bhagat Singh Nagar,2018,43,2098583.6902438374,2098.5836902438373
Punjab,Shahid Bhagat Singh Nagar,2018,44,5692288.986793814,5692.288986793814
Punjab,Shahid Bhagat Singh Nagar,2018,45,9016847.610656358,9016.847610656358
Punjab,Shahid Bhagat Singh Nagar,2018,46,5973590.27132422,5973.59027132422
Punjab,Shahid Bhagat Singh Nagar,2018,47,2148787.450277153,2148.787450277153
Punjab,Shahid Bhagat Singh Nagar,2018,48,161407.4904405483,161.40749044054832
Punjab,Tarn Taran,2012,40,16414361.769985747,16414.361769985746
Punjab,Tarn Taran,2012,41,53316440.16083517,53316.44016083517
Punjab,Tarn Taran,2012,42,42454511.98393158,42454.51198393158
Punjab,Tarn Taran,2012,43,38920212.7310205,38920.2127310205
Punjab,Tarn Taran,2012,44,37343594.28375101,37343.59428375101
Punjab,Tarn Taran,2012,45,19111303.61325822,19111.30361325822
Punjab,Tarn Taran,2012,46,4153551.3073654366,4153.5513073654365
Punjab,Tarn Taran,2012,47,498698.94376485667,498.69894376485666
Punjab,Tarn Taran,2012,48,26899.009851738974,26.899009851738974
Punjab,Tarn Taran,2013,40,509555.2012563112,509.5552012563112
Punjab,Tarn Taran,2013,41,1551132.5221995036,1551.1325221995037
Punjab,Tarn Taran,2013,42,8353480.635830241,8353.480635830241
Punjab,Tarn Taran,2013,43,27592591.280144688,27592.591280144687
Punjab,Tarn Taran,2013,44,85225041.40859419,85225.04140859419
Punjab,Tarn Taran,2013,45,162280302.41072294,162280.30241072294
Punjab,Tarn Taran,2013,46,35305763.8558281,35305.763855828096
Punjab,Tarn Taran,2013,47,1931326.1497717686,1931.3261497717685
Punjab,Tarn Taran,2013,48,141746.7447435887,141.7467447435887
Punjab,Tarn Taran,2014,40,9102389.400402617,9102.389400402617
Punjab,Tarn Taran,2014,41,25079933.717225425,25079.933717225424
Punjab,Tarn Taran,2014,42,27951630.916738454,27951.630916738453
Punjab,Tarn Taran,2014,43,37887275.89021383,37887.27589021383
Punjab,Tarn Taran,2014,44,69717042.44405535,69717.04244405535
Punjab,Tarn Taran,2014,45,65024836.68883804,65024.83668883804
Punjab,Tarn Taran,2014,46,27191534.16907497,27191.53416907497
Punjab,Tarn Taran,2014,47,2609481.010567269,2609.4810105672686
Punjab,Tarn Taran,2014,48,340843.48021945555,340.84348021945556
Punjab,Tarn Taran,2015,40,3908662.4240362067,3908.6624240362066
Punjab,Tarn Taran,2015,41,11757645.07287371,11757.645072873709
Punjab,Tarn Taran,2015,42,19463012.015937332,19463.012015937333
Punjab,Tarn Taran,2015,43,38846668.03444745,38846.668034447444
Punjab,Tarn Taran,2015,44,49675470.0569603,49675.4700569603
Punjab,Tarn Taran,2015,45,161811523.84867883,161811.52384867883
Punjab,Tarn Taran,2015,46,71492362.51001595,71492.36251001596
Punjab,Tarn Taran,2015,47,6283380.312705693,6283.380312705693
Punjab,Tarn Taran,2015,48,557422.1653219778,557.4221653219778
Punjab,Tarn Taran,2015,49,5763.737902929545,5.763737902929545
Punjab,Tarn Taran,2016,39,816454.7497031395,816.4547497031396
Punjab,Tarn Taran,2016,40,4148917.282276932,4148.917282276932
Punjab,Tarn Taran,2016,41,25550373.647199806,25550.373647199805
Punjab,Tarn Taran,2016,42,45376939.80743684,45376.93980743684
Punjab,Tarn Taran,2016,43,66776934.36848224,66776.93436848224
Punjab,Tarn Taran,2016,44,106851167.82349177,106851.16782349176
Punjab,Tarn Taran,2016,45,63350210.46035199,63350.21046035199
Punjab,Tarn Taran,2016,46,10633589.904565772,10633.589904565772
Punjab,Tarn Taran,2016,47,1464783.1936455641,1464.783193645564
Punjab,Tarn Taran,2016,48,56618.09541267085,56.618095412670854
Punjab,Tarn Taran,2017,39,145806.60842984807,145.80660842984807
Punjab,Tarn Taran,2017,40,2695003.647793654,2695.0036477936537
Punjab,Tarn Taran,2017,41,12005302.266859524,12005.302266859524
Punjab,Tarn Taran,2017,42,36162218.24302588,36162.218243025876
Punjab,Tarn Taran,2017,43,48809082.20457728,48809.08220457728
Punjab,Tarn Taran,2017,44,88806791.34597746,88806.79134597746
Punjab,Tarn Taran,2017,45,57319287.14723449,57319.28714723449
Punjab,Tarn Taran,2017,46,31284445.04167636,31284.44504167636
Punjab,Tarn Taran,2017,47,7355014.971884062,7355.014971884061
Punjab,Tarn Taran,2017,48,247287.61039060727,247.28761039060726
Punjab,Tarn Taran,2018,40,3398021.292856563,3398.021292856563
Punjab,Tarn Taran,2018,41,4232832.3813516,4232.832381351601
Punjab,Tarn Taran,2018,42,18816237.150569342,18816.23715056934
Punjab,Tarn Taran,2018,43,53432851.26758419,53432.85126758419
Punjab,Tarn Taran,2018,44,89368997.27526623,89368.99727526623
Punjab,Tarn Taran,2018,45,63045803.96922134,63045.803969221335
Punjab,Tarn Taran,2018,46,16453157.694866803,16453.1576948668
Punjab,Tarn Taran,2018,47,3575338.169480709,3575.338169480709
Punjab,Tarn Taran,2018,48,205215.03666532566,205.21503666532567
