state,district,year,iso_week,tmax_mean,tmin_mean,precip_sum,rain_days,dry_days,wind_max_mean,wind_calm_days,et0_sum,n_days
Haryana,Ambala,2012,35,31.799999999999997,24.5,14.799999999999999,2,0,10.4,1,7.02,2
Haryana,Ambala,2012,36,30.5,24.62857142857143,45.9,6,0,14.471428571428572,1,24.799999999999997,7
Haryana,Ambala,2012,37,30.67142857142857,24.585714285714285,25.3,5,0,10.685714285714285,3,21.4,7
Haryana,Ambala,2012,38,29.82857142857143,21.714285714285715,29.3,3,4,14.442857142857141,1,26.919999999999998,7
Haryana,Ambala,2012,39,31.042857142857144,19.97142857142857,0.0,0,7,14.785714285714286,0,31.82,7
Haryana,Ambala,2012,40,31.857142857142858,19.414285714285715,0.0,0,7,14.757142857142856,1,33.12,7
Haryana,Ambala,2012,41,30.557142857142857,16.771428571428572,0.0,0,7,10.928571428571429,4,30.07,7
Haryana,Ambala,2012,42,28.914285714285715,16.54285714285714,3.6,1,5,11.414285714285715,4,26.509999999999998,7
Haryana,Ambala,2012,43,27.02857142857143,14.514285714285714,0.0,0,7,11.528571428571428,3,26.41,7
Haryana,Ambala,2012,44,27.714285714285715,14.828571428571427,0.0,0,7,9.242857142857144,4,23.97,7
Haryana,Ambala,2012,45,26.414285714285715,13.285714285714286,0.1,0,7,11.785714285714286,2,23.13,7
Haryana,Ambala,2012,46,25.442857142857143,12.071428571428571,0.0,0,7,10.5,4,21.419999999999998,7
Haryana,Ambala,2012,47,24.271428571428572,10.428571428571429,0.0,0,7,11.571428571428571,3,20.96,7
Haryana,Ambala,2012,48,23.14,10.08,4.9,1,4,14.040000000000001,0,14.84,5
Haryana,Ambala,2013,35,32.1,23.7,0.6,0,0,17.6,0,4.52,1
Haryana,Ambala,2013,36,31.271428571428572,23.285714285714285,15.2,3,1,14.671428571428573,1,29.830000000000002,7
Haryana,Ambala,2013,37,31.314285714285713,22.928571428571427,4.0,1,2,11.414285714285715,2,29.490000000000002,7
Haryana,Ambala,2013,38,31.514285714285712,21.8,11.399999999999999,3,4,12.4,2,29.04,7
Haryana,Ambala,2013,39,31.2,23.642857142857142,24.9,5,1,9.171428571428573,4,25.09,7
Haryana,Ambala,2013,40,30.042857142857144,22.2,23.400000000000002,3,2,9.771428571428572,5,24.18,7
Haryana,Ambala,2013,41,29.099999999999998,22.642857142857142,16.0,6,0,11.971428571428572,4,18.12,7
Haryana,Ambala,2013,42,30.285714285714285,17.95714285714286,0.4,0,6,11.299999999999999,3,28.03,7
Haryana,Ambala,2013,43,28.885714285714283,16.428571428571427,0.0,0,7,9.885714285714286,5,25.52,7
Haryana,Ambala,2013,44,27.87142857142857,14.414285714285715,1.2999999999999998,0,5,12.985714285714286,3,26.83,7
Haryana,Ambala,2013,45,24.557142857142857,12.814285714285715,10.7,2,4,10.214285714285714,4,20.28,7
Haryana,Ambala,2013,46,24.642857142857142,9.685714285714285,0.0,0,7,10.671428571428573,4,21.759999999999998,7
Haryana,Ambala,2013,47,24.557142857142857,10.857142857142858,0.0,0,7,12.0,2,21.02,7
Haryana,Ambala,2013,48,25.599999999999998,12.533333333333333,0.0,0,6,17.483333333333334,1,22.32,6
Haryana,Ambala,2014,36,30.285714285714285,24.62857142857143,122.8,7,0,16.342857142857145,3,22.76,7
Haryana,Ambala,2014,37,30.442857142857143,23.642857142857142,41.3,4,1,10.62857142857143,3,24.57,7
Haryana,Ambala,2014,38,32.614285714285714,22.457142857142856,1.9000000000000001,1,5,12.114285714285714,2,32.53,7
Haryana,Ambala,2014,39,32.785714285714285,22.2,1.5,1,6,16.2,0,34.87,7
Haryana,Ambala,2014,40,31.37142857142857,21.87142857142857,3.7,1,5,12.87142857142857,0,26.880000000000003,7
Haryana,Ambala,2014,41,32.3,20.414285714285715,1.6,0,4,12.042857142857143,2,31.950000000000003,7
Haryana,Ambala,2014,42,28.542857142857144,16.757142857142856,18.3,1,6,11.37142857142857,2,26.78,7
Haryana,Ambala,2014,43,28.957142857142856,17.0,4.2,1,6,8.514285714285714,6,24.24,7
Haryana,Ambala,2014,44,28.285714285714285,15.514285714285714,0.3,0,6,12.271428571428572,2,27.37,7
Haryana,Ambala,2014,45,28.985714285714288,16.271428571428572,0.0,0,7,15.87142857142857,0,29.27,7
Haryana,Ambala,2014,46,26.400000000000002,12.1,0.0,0,7,14.4,0,26.669999999999998,7
Haryana,Ambala,2014,47,25.67142857142857,10.571428571428571,0.0,0,7,12.385714285714286,0,23.35,7
Haryana,Ambala,2014,48,25.5,11.242857142857144,0.2,0,6,12.971428571428573,3,22.44,7
Haryana,Ambala,2015,36,32.46666666666667,23.116666666666664,2.5,0,2,18.400000000000002,0,30.880000000000003,6
Haryana,Ambala,2015,37,33.48571428571429,21.87142857142857,0.6,0,6,17.5,0,38.98,7
Haryana,Ambala,2015,38,32.4,23.514285714285712,12.0,2,2,10.514285714285714,1,28.46,7
Haryana,Ambala,2015,39,30.0,22.042857142857144,78.7,2,1,16.25714285714286,0,26.07,7
Haryana,Ambala,2015,40,31.97142857142857,18.685714285714287,0.0,0,7,12.728571428571428,2,33.14,7
Haryana,Ambala,2015,41,33.01428571428571,19.928571428571427,0.0,0,7,14.0,1,32.51,7
Haryana,Ambala,2015,42,30.585714285714285,20.142857142857142,1.1,0,5,13.085714285714285,2,26.3,7
Haryana,Ambala,2015,43,31.271428571428572,17.4,1.3,1,6,14.142857142857142,1,30.630000000000003,7
Haryana,Ambala,2015,44,28.385714285714283,15.585714285714285,7.3,1,5,10.385714285714286,2,25.29,7
Haryana,Ambala,2015,45,27.32857142857143,15.971428571428572,18.4,1,5,9.214285714285714,5,21.96,7
Haryana,Ambala,2015,46,27.714285714285715,15.142857142857142,0.0,0,7,15.757142857142858,0,25.84,7
Haryana,Ambala,2015,47,26.342857142857145,13.142857142857142,0.0,0,7,11.742857142857144,4,22.5,7
Haryana,Ambala,2015,48,25.357142857142858,13.214285714285714,1.7,0,4,12.9,2,19.77,7
Haryana,Ambala,2015,49,25.9,15.5,0.0,0,1,8.0,1,2.34,1
Haryana,Ambala,2016,35,30.775,23.85,4.7,1,3,14.925,1,16.93,4
Haryana,Ambala,2016,36,31.985714285714288,24.557142857142857,0.6000000000000001,0,5,16.0,0,32.03,7
Haryana,Ambala,2016,37,32.4,23.099999999999998,0.3,0,6,11.557142857142859,2,31.29,7
Haryana,Ambala,2016,38,31.557142857142857,23.614285714285717,9.100000000000001,2,3,12.37142857142857,3,27.54,7
Haryana,Ambala,2016,39,31.985714285714288,23.82857142857143,2.1,1,5,10.357142857142858,2,26.95,7
Haryana,Ambala,2016,40,32.471428571428575,22.714285714285715,3.3000000000000003,1,4,9.842857142857143,4,28.05,7
Haryana,Ambala,2016,41,32.957142857142856,18.24285714285714,0.0,0,7,16.62857142857143,0,36.65,7
Haryana,Ambala,2016,42,32.34285714285714,18.585714285714285,0.0,0,7,15.757142857142858,1,35.4,7
Haryana,Ambala,2016,43,30.642857142857142,16.47142857142857,0.0,0,7,14.957142857142857,1,31.74,7
Haryana,Ambala,2016,44,28.942857142857143,15.785714285714286,0.0,0,7,10.614285714285714,4,25.009999999999998,7
Haryana,Ambala,2016,45,28.157142857142855,14.142857142857142,0.0,0,7,12.914285714285715,3,26.84,7
Haryana,Ambala,2016,46,26.7,12.542857142857143,0.0,0,7,13.571428571428571,2,24.41,7
Haryana,Ambala,2016,47,28.228571428571428,14.642857142857142,0.0,0,7,19.957142857142856,0,31.22,7
Haryana,Ambala,2016,48,25.566666666666666,12.433333333333332,0.0,0,3,12.433333333333332,1,8.85,3
Haryana,Ambala,2017,35,29.066666666666666,23.666666666666668,92.0,3,0,12.766666666666666,0,8.16,3
Haryana,Ambala,2017,36,31.571428571428573,23.75714285714286,12.7,4,2,14.0,1,29.81,7
Haryana,Ambala,2017,37,32.22857142857143,23.414285714285715,0.0,0,7,16.114285714285714,0,32.09,7
Haryana,Ambala,2017,38,31.1,23.414285714285715,117.7,3,3,13.771428571428572,0,25.91,7
Haryana,Ambala,2017,39,32.285714285714285,22.457142857142856,0.9,0,5,15.285714285714286,0,32.13,7
Haryana,Ambala,2017,40,32.84285714285714,21.1,0.0,0,7,13.928571428571429,1,32.629999999999995,7
Haryana,Ambala,2017,41,32.32857142857143,19.914285714285715,0.0,0,7,11.057142857142859,4,29.73,7
Haryana,Ambala,2017,42,32.17142857142857,17.857142857142858,0.0,0,7,13.1,1,30.29,7
Haryana,Ambala,2017,43,29.357142857142858,16.057142857142857,0.0,0,7,12.285714285714286,2,27.23,7
Haryana,Ambala,2017,44,27.67142857142857,15.885714285714286,0.0,0,7,10.5,4,21.06,7
Haryana,Ambala,2017,45,26.87142857142857,14.857142857142858,0.0,0,7,9.771428571428572,6,19.02,7
Haryana,Ambala,2017,46,24.228571428571428,13.385714285714286,2.0,1,5,12.814285714285715,2,17.89,7
Haryana,Ambala,2017,47,23.114285714285717,10.700000000000001,0.0,0,7,16.0,0,20.85,7
Haryana,Ambala,2017,48,23.6,10.3,0.0,0,4,15.05,1,11.09,4
Haryana,Ambala,2018,35,29.75,25.4,14.0,2,0,11.35,1,4.7,2
Haryana,Ambala,2018,36,30.942857142857143,24.885714285714283,46.5,7,0,11.642857142857142,3,22.14,7
Haryana,Ambala,2018,37,31.057142857142857,23.97142857142857,12.5,4,2,14.557142857142859,1,29.470000000000002,7
Haryana,Ambala,2018,38,30.042857142857144,22.24285714285714,106.1,3,4,19.785714285714285,0,27.259999999999998,7
Haryana,Ambala,2018,39,29.785714285714285,21.657142857142855,116.60000000000001,3,4,16.057142857142857,1,25.490000000000002,7
Haryana,Ambala,2018,40,31.285714285714285,19.542857142857144,0.0,0,7,13.942857142857141,0,31.47,7
Haryana,Ambala,2018,41,29.085714285714285,17.82857142857143,12.3,2,4,15.642857142857142,2,27.259999999999998,7
Haryana,Ambala,2018,42,29.32857142857143,16.014285714285712,0.0,0,7,11.571428571428571,2,26.67,7
Haryana,Ambala,2018,43,28.24285714285714,13.614285714285714,0.0,0,7,13.657142857142857,0,26.419999999999998,7
Haryana,Ambala,2018,44,26.74285714285714,15.628571428571428,17.4,2,5,14.571428571428571,3,21.22,7
Haryana,Ambala,2018,45,25.285714285714285,13.12857142857143,0.0,0,7,12.87142857142857,3,21.33,7
Haryana,Ambala,2018,46,25.028571428571432,12.914285714285715,0.2,0,6,15.114285714285714,1,20.68,7
Haryana,Ambala,2018,47,24.857142857142858,12.842857142857143,0.1,0,7,16.742857142857144,1,21.7,7
Haryana,Ambala,2018,48,24.259999999999998,12.819999999999999,0.0,0,5,12.680000000000001,1,11.6,5
Haryana,Bhiwani,2012,35,33.3,25.9,6.7,2,0,10.25,1,8.120000000000001,2
Haryana,Bhiwani,2012,36,30.485714285714284,25.37142857142857,21.1,4,2,20.52857142857143,1,25.04,7
Haryana,Bhiwani,2012,37,32.114285714285714,25.342857142857145,29.6,6,0,12.214285714285714,2,24.11,7
Haryana,Bhiwani,2012,38,31.714285714285715,22.52857142857143,3.4,1,4,10.471428571428572,3,28.95,7
Haryana,Bhiwani,2012,39,33.08571428571429,20.75714285714286,0.0,0,7,11.985714285714286,2,34.45,7
Haryana,Bhiwani,2012,40,34.642857142857146,18.74285714285714,0.0,0,7,10.714285714285714,4,35.13,7
Haryana,Bhiwani,2012,41,33.98571428571428,17.285714285714285,0.0,0,7,12.6,1,35.75,7
Haryana,Bhiwani,2012,42,31.614285714285717,18.52857142857143,1.2999999999999998,0,5,9.942857142857141,4,29.31,7
Haryana,Bhiwani,2012,43,28.557142857142857,15.171428571428573,6.3,1,6,11.014285714285714,3,26.72,7
Haryana,Bhiwani,2012,44,29.042857142857144,14.842857142857143,0.0,0,7,8.485714285714286,7,25.41,7
Haryana,Bhiwani,2012,45,28.657142857142855,13.285714285714286,0.0,0,7,9.842857142857143,5,24.65,7
Haryana,Bhiwani,2012,46,26.728571428571428,12.785714285714286,0.0,0,7,10.057142857142859,3,22.68,7
Haryana,Bhiwani,2012,47,25.62857142857143,10.6,0.0,0,7,10.757142857142856,2,22.65,7
Haryana,Bhiwani,2012,48,24.1,9.66,1.7,1,4,11.3,1,14.69,5
Haryana,Bhiwani,2013,35,34.9,26.9,0.0,0,1,14.9,0,5.32,1
Haryana,Bhiwani,2013,36,35.44285714285714,26.5,0.0,0,7,18.557142857142857,0,43.41,7
Haryana,Bhiwani,2013,37,36.31428571428571,25.414285714285715,0.5,0,5,12.4,2,37.32,7
Haryana,Bhiwani,2013,38,34.614285714285714,23.62857142857143,46.6,4,3,16.0,0,32.0,7
Haryana,Bhiwani,2013,39,32.05714285714286,25.014285714285712,28.9,7,0,11.557142857142859,2,26.05,7
Haryana,Bhiwani,2013,40,30.67142857142857,23.24285714285714,5.6,2,3,12.6,2,25.5,7
Haryana,Bhiwani,2013,41,31.12857142857143,23.32857142857143,10.2,3,4,11.742857142857144,1,25.72,7
Haryana,Bhiwani,2013,42,32.42857142857143,20.314285714285713,0.8,0,5,9.785714285714286,4,29.32,7
Haryana,Bhiwani,2013,43,31.457142857142856,17.67142857142857,0.0,0,7,10.185714285714285,3,29.56,7
Haryana,Bhiwani,2013,44,30.5,16.3,0.2,0,6,11.6,1,29.46,7
Haryana,Bhiwani,2013,45,26.24285714285714,14.057142857142859,5.0,1,6,10.557142857142859,3,23.25,7
Haryana,Bhiwani,2013,46,25.12857142857143,10.285714285714286,0.0,0,7,10.685714285714285,2,24.55,7
Haryana,Bhiwani,2013,47,26.87142857142857,10.771428571428572,0.0,0,7,11.6,1,24.14,7
Haryana,Bhiwani,2013,48,27.400000000000002,12.950000000000001,0.0,0,6,14.233333333333334,0,21.13,6
Haryana,Bhiwani,2014,36,31.785714285714285,25.085714285714285,34.8,6,0,19.657142857142855,2,24.84,7
Haryana,Bhiwani,2014,37,32.457142857142856,24.857142857142858,26.1,4,1,10.485714285714286,4,27.66,7
Haryana,Bhiwani,2014,38,35.3,24.842857142857145,0.2,0,6,15.200000000000001,0,39.11,7
Haryana,Bhiwani,2014,39,36.42857142857143,24.728571428571428,0.0,0,7,19.571428571428573,0,46.73,7
Haryana,Bhiwani,2014,40,37.58571428571429,23.557142857142857,0.0,0,7,13.842857142857143,1,41.72,7
Haryana,Bhiwani,2014,41,35.628571428571426,22.528571428571432,0.3,0,6,11.571428571428571,3,37.24,7
Haryana,Bhiwani,2014,42,30.75714285714286,17.8,0.9,0,6,10.700000000000001,4,29.94,7
Haryana,Bhiwani,2014,43,32.642857142857146,19.614285714285717,1.5,1,6,10.585714285714285,2,29.87,7
Haryana,Bhiwani,2014,44,31.057142857142857,17.47142857142857,0.30000000000000004,0,6,11.0,4,28.8,7
Haryana,Bhiwani,2014,45,30.842857142857145,17.257142857142856,0.0,0,7,12.342857142857143,1,28.6,7
Haryana,Bhiwani,2014,46,27.37142857142857,11.142857142857142,0.0,0,7,11.957142857142857,0,28.83,7
Haryana,Bhiwani,2014,47,27.114285714285717,10.6,0.0,0,7,10.814285714285715,0,25.31,7
Haryana,Bhiwani,2014,48,27.442857142857143,11.5,0.0,0,7,10.657142857142857,2,23.73,7
Haryana,Bhiwani,2015,36,36.81666666666667,25.916666666666668,0.0,0,6,17.3,0,41.62,6
Haryana,Bhiwani,2015,37,37.67142857142857,24.37142857142857,0.0,0,7,14.2,0,44.5,7
Haryana,Bhiwani,2015,38,36.31428571428571,25.442857142857143,32.8,3,4,13.685714285714285,0,35.46,7
Haryana,Bhiwani,2015,39,32.51428571428572,23.885714285714283,19.900000000000002,1,5,15.1,0,32.19,7
Haryana,Bhiwani,2015,40,35.357142857142854,19.771428571428572,0.0,0,7,12.685714285714285,1,37.41,7
Haryana,Bhiwani,2015,41,37.0,22.157142857142855,0.0,0,7,17.185714285714287,0,43.3,7
Haryana,Bhiwani,2015,42,35.91428571428572,22.485714285714288,0.1,0,7,13.257142857142856,0,35.44,7
Haryana,Bhiwani,2015,43,34.15714285714286,19.900000000000002,0.1,0,7,12.900000000000002,0,34.55,7
Haryana,Bhiwani,2015,44,29.400000000000002,16.714285714285715,1.3,1,6,10.557142857142859,3,26.32,7
Haryana,Bhiwani,2015,45,29.228571428571428,17.12857142857143,0.2,0,6,11.071428571428571,4,24.01,7
Haryana,Bhiwani,2015,46,29.17142857142857,16.285714285714285,0.8999999999999999,0,5,11.557142857142859,3,24.94,7
Haryana,Bhiwani,2015,47,27.52857142857143,13.12857142857143,0.4,0,6,10.057142857142859,3,25.65,7
Haryana,Bhiwani,2015,48,26.557142857142857,12.585714285714285,0.1,0,7,13.0,1,21.97,7
Haryana,Bhiwani,2015,49,26.4,11.7,0.0,0,1,9.4,1,2.88,1
Haryana,Bhiwani,2016,35,32.225,24.8,1.7,1,2,16.5,0,18.24,4
Haryana,Bhiwani,2016,36,34.214285714285715,24.885714285714283,0.0,0,7,18.514285714285712,0,41.76,7
Haryana,Bhiwani,2016,37,35.81428571428571,24.928571428571427,0.2,0,6,11.357142857142858,2,37.13,7
Haryana,Bhiwani,2016,38,36.1,25.542857142857144,1.6,0,5,12.571428571428571,2,35.56,7
Haryana,Bhiwani,2016,39,37.0,25.67142857142857,0.7,0,6,10.285714285714286,1,34.82,7
Haryana,Bhiwani,2016,40,34.82857142857143,24.32857142857143,10.5,2,3,10.085714285714285,3,29.03,7
Haryana,Bhiwani,2016,41,35.614285714285714,19.32857142857143,0.0,0,7,13.0,1,39.72,7
Haryana,Bhiwani,2016,42,35.285714285714285,19.085714285714285,0.0,0,7,16.585714285714285,0,41.51,7
Haryana,Bhiwani,2016,43,33.628571428571426,17.2,0.0,0,7,13.971428571428572,1,35.54,7
Haryana,Bhiwani,2016,44,31.099999999999998,16.342857142857145,0.0,0,7,9.942857142857141,4,27.87,7
Haryana,Bhiwani,2016,45,30.542857142857144,13.928571428571429,0.0,0,7,12.228571428571428,1,29.46,7
Haryana,Bhiwani,2016,46,28.114285714285717,12.271428571428572,0.0,0,7,11.085714285714285,2,25.41,7
Haryana,Bhiwani,2016,47,29.099999999999998,13.328571428571427,0.0,0,7,14.542857142857143,1,28.83,7
Haryana,Bhiwani,2016,48,28.666666666666668,12.266666666666666,0.0,0,3,12.433333333333332,0,11.41,3
Haryana,Bhiwani,2017,35,30.36666666666667,24.666666666666668,10.0,2,1,18.7,0,9.19,3
Haryana,Bhiwani,2017,36,34.542857142857144,25.271428571428572,5.3,2,3,13.985714285714284,0,33.05,7
Haryana,Bhiwani,2017,37,36.94285714285714,26.52857142857143,3.0,1,5,13.342857142857143,1,33.67,7
Haryana,Bhiwani,2017,38,36.41428571428572,23.585714285714285,0.3,0,6,16.32857142857143,0,38.05,7
Haryana,Bhiwani,2017,39,38.028571428571425,23.62857142857143,0.0,0,7,15.700000000000001,0,42.14,7
Haryana,Bhiwani,2017,40,37.51428571428572,22.142857142857142,0.0,0,7,14.799999999999999,1,41.48,7
Haryana,Bhiwani,2017,41,36.17142857142857,21.571428571428573,0.0,0,7,11.5,2,35.15,7
Haryana,Bhiwani,2017,42,35.628571428571426,18.97142857142857,0.0,0,7,12.071428571428571,0,33.94,7
Haryana,Bhiwani,2017,43,32.871428571428574,17.37142857142857,0.0,0,7,12.214285714285714,1,29.46,7
Haryana,Bhiwani,2017,44,30.714285714285715,17.214285714285715,0.0,0,7,10.257142857142856,4,24.62,7
Haryana,Bhiwani,2017,45,28.82857142857143,15.957142857142857,0.0,0,7,9.557142857142859,5,21.31,7
Haryana,Bhiwani,2017,46,25.571428571428573,14.857142857142858,1.8,0,4,14.014285714285714,0,20.25,7
Haryana,Bhiwani,2017,47,24.2,9.299999999999999,0.0,0,7,12.671428571428573,1,22.57,7
Haryana,Bhiwani,2017,48,26.25,9.525,0.0,0,4,12.05,0,11.93,4
Haryana,Bhiwani,2018,35,32.4,26.35,38.800000000000004,1,1,15.7,0,7.199999999999999,2
Haryana,Bhiwani,2018,36,32.81428571428571,25.571428571428573,10.2,5,0,15.9,0,28.05,7
Haryana,Bhiwani,2018,37,34.614285714285714,25.242857142857144,2.8,2,5,17.642857142857142,0,38.21,7
Haryana,Bhiwani,2018,38,34.05714285714286,23.32857142857143,52.800000000000004,2,3,16.571428571428573,0,30.65,7
Haryana,Bhiwani,2018,39,31.557142857142857,21.75714285714286,130.4,1,6,13.942857142857141,2,27.189999999999998,7
Haryana,Bhiwani,2018,40,33.41428571428572,20.67142857142857,0.3,0,6,11.9,2,30.33,7
Haryana,Bhiwani,2018,41,32.285714285714285,18.514285714285712,0.1,0,7,12.057142857142859,0,30.37,7
Haryana,Bhiwani,2018,42,32.81428571428571,18.114285714285714,0.0,0,7,11.428571428571429,2,31.01,7
Haryana,Bhiwani,2018,43,30.957142857142856,16.142857142857142,0.0,0,7,10.514285714285714,1,27.88,7
Haryana,Bhiwani,2018,44,30.32857142857143,16.742857142857144,0.2,0,6,11.585714285714285,2,25.85,7
Haryana,Bhiwani,2018,45,27.342857142857145,11.885714285714286,0.0,0,7,10.828571428571427,2,23.96,7
Haryana,Bhiwani,2018,46,27.428571428571427,14.1,1.3,1,6,13.842857142857142,2,20.93,7
Haryana,Bhiwani,2018,47,27.014285714285712,13.214285714285714,0.0,0,7,13.799999999999999,1,21.73,7
Haryana,Bhiwani,2018,48,26.139999999999997,11.940000000000001,0.0,0,5,10.98,1,13.53,5
Haryana,Faridabad,2012,35,32.1,25.299999999999997,14.0,1,0,8.65,1,7.199999999999999,2
Haryana,Faridabad,2012,36,30.571428571428573,25.25714285714286,27.5,3,1,19.214285714285715,1,24.299999999999997,7
Haryana,Faridabad,2012,37,31.785714285714285,25.400000000000002,36.6,7,0,10.957142857142857,4,23.65,7
Haryana,Faridabad,2012,38,31.314285714285713,22.900000000000002,17.0,3,4,11.457142857142857,2,28.34,7
Haryana,Faridabad,2012,39,32.07142857142857,20.842857142857145,0.0,0,7,12.585714285714285,1,32.91,7
Haryana,Faridabad,2012,40,33.128571428571426,19.785714285714285,0.0,0,7,11.071428571428571,1,33.230000000000004,7
Haryana,Faridabad,2012,41,32.42857142857143,19.057142857142857,0.0,0,7,11.657142857142857,1,32.2,7
Haryana,Faridabad,2012,42,31.042857142857144,18.185714285714287,2.4,1,6,8.8,6,27.87,7
Haryana,Faridabad,2012,43,28.24285714285714,15.799999999999999,11.0,1,6,11.4,4,26.82,7
Haryana,Faridabad,2012,44,28.414285714285715,15.528571428571428,0.0,0,7,9.0,5,25.15,7
Haryana,Faridabad,2012,45,27.900000000000002,14.485714285714286,0.2,0,6,10.1,3,23.53,7
Haryana,Faridabad,2012,46,26.557142857142857,13.471428571428572,0.0,0,7,10.257142857142856,4,22.58,7
Haryana,Faridabad,2012,47,25.557142857142857,11.585714285714285,0.0,0,7,10.942857142857141,3,22.81,7
Haryana,Faridabad,2012,48,24.3,11.34,0.7,0,4,11.64,1,15.52,5
Haryana,Faridabad,2013,35,32.7,25.7,0.1,0,1,14.7,0,4.47,1
Haryana,Faridabad,2013,36,33.357142857142854,25.571428571428573,0.1,0,7,15.842857142857143,0,38.6,7
Haryana,Faridabad,2013,37,33.5,24.75714285714286,3.7,1,2,7.957142857142857,7,32.1,7
Haryana,Faridabad,2013,38,32.128571428571426,23.757142857142856,44.1,4,3,13.528571428571428,1,27.79,7
Haryana,Faridabad,2013,39,31.5,24.74285714285714,27.599999999999998,6,0,11.085714285714285,3,24.38,7
Haryana,Faridabad,2013,40,29.571428571428573,23.214285714285715,11.8,3,1,14.400000000000002,1,22.62,7
Haryana,Faridabad,2013,41,30.085714285714285,22.7,4.8,2,4,10.828571428571427,3,23.23,7
Haryana,Faridabad,2013,42,31.271428571428572,20.785714285714285,0.2,0,6,9.642857142857142,5,27.65,7
Haryana,Faridabad,2013,43,29.82857142857143,18.228571428571428,0.0,0,7,9.828571428571427,5,26.990000000000002,7
Haryana,Faridabad,2013,44,29.642857142857142,17.014285714285712,0.0,0,7,12.242857142857144,1,27.97,7
Haryana,Faridabad,2013,45,25.985714285714288,14.200000000000001,1.5999999999999999,1,5,10.857142857142858,3,22.53,7
Haryana,Faridabad,2013,46,25.042857142857144,11.442857142857141,0.0,0,7,10.528571428571428,3,23.88,7
Haryana,Faridabad,2013,47,26.085714285714285,11.714285714285714,0.0,0,7,11.614285714285714,2,23.49,7
Haryana,Faridabad,2013,48,26.95,13.75,0.0,0,6,15.65,0,22.1,6
Haryana,Faridabad,2014,36,30.8,25.12857142857143,68.2,6,0,18.985714285714288,2,23.57,7
Haryana,Faridabad,2014,37,31.685714285714287,24.642857142857142,20.2,4,0,10.87142857142857,3,25.8,7
Haryana,Faridabad,2014,38,34.0,24.657142857142855,0.2,0,6,12.271428571428572,0,34.28,7
Haryana,Faridabad,2014,39,35.5,24.74285714285714,0.0,0,7,16.714285714285715,0,43.21,7
Haryana,Faridabad,2014,40,35.385714285714286,23.785714285714285,0.1,0,7,11.442857142857141,2,33.47,7
Haryana,Faridabad,2014,41,34.542857142857144,22.314285714285713,0.8999999999999999,0,5,11.471428571428572,0,35.54,7
Haryana,Faridabad,2014,42,30.271428571428572,18.47142857142857,3.8000000000000003,1,5,11.742857142857144,3,29.09,7
Haryana,Faridabad,2014,43,31.67142857142857,19.942857142857143,1.1,1,6,9.828571428571427,5,27.87,7
Haryana,Faridabad,2014,44,30.857142857142858,18.87142857142857,0.4,0,5,10.942857142857141,4,28.619999999999997,7
Haryana,Faridabad,2014,45,31.02857142857143,18.257142857142856,0.0,0,7,13.885714285714286,1,29.689999999999998,7
Haryana,Faridabad,2014,46,27.857142857142858,13.742857142857144,0.0,0,7,13.142857142857142,0,30.490000000000002,7
Haryana,Faridabad,2014,47,27.12857142857143,12.114285714285714,0.0,0,7,10.557142857142859,2,25.830000000000002,7
Haryana,Faridabad,2014,48,27.142857142857142,13.285714285714286,0.0,0,7,11.671428571428573,2,23.83,7
Haryana,Faridabad,2015,36,34.63333333333333,24.5,0.0,0,6,16.650000000000002,0,34.87,6
Haryana,Faridabad,2015,37,35.34285714285714,23.3,0.0,0,7,14.185714285714285,2,39.65,7
Haryana,Faridabad,2015,38,34.542857142857144,25.342857142857145,37.7,3,3,11.700000000000001,1,30.87,7
Haryana,Faridabad,2015,39,32.1,23.74285714285714,10.299999999999999,2,3,14.914285714285715,0,31.020000000000003,7
Haryana,Faridabad,2015,40,33.785714285714285,20.25714285714286,0.0,0,7,12.042857142857143,1,35.79,7
Haryana,Faridabad,2015,41,35.4,21.32857142857143,0.0,0,7,14.642857142857142,1,37.92,7
Haryana,Faridabad,2015,42,33.371428571428574,22.228571428571428,8.100000000000001,1,5,10.9,3,29.79,7
Haryana,Faridabad,2015,43,32.857142857142854,19.8,0.39999999999999997,0,6,11.328571428571427,3,31.64,7
Haryana,Faridabad,2015,44,28.52857142857143,17.142857142857142,13.9,2,5,11.200000000000001,4,23.39,7
Haryana,Faridabad,2015,45,28.52857142857143,18.157142857142855,0.7,0,5,9.357142857142858,6,21.19,7
Haryana,Faridabad,2015,46,29.285714285714285,17.214285714285715,0.4,0,6,11.385714285714286,3,25.86,7
Haryana,Faridabad,2015,47,27.2,13.414285714285715,0.0,0,7,10.157142857142857,4,24.1,7
Haryana,Faridabad,2015,48,26.442857142857143,13.7,0.5,0,6,10.685714285714285,3,21.86,7
Haryana,Faridabad,2015,49,27.3,16.4,0.0,0,1,7.5,1,2.52,1
Haryana,Faridabad,2016,35,31.700000000000003,25.175,10.4,1,1,15.925,1,17.61,4
Haryana,Faridabad,2016,36,32.4,25.24285714285714,0.0,0,7,17.085714285714285,0,36.81,7
Haryana,Faridabad,2016,37,32.857142857142854,24.885714285714283,0.30000000000000004,0,6,10.028571428571428,5,31.419999999999998,7
Haryana,Faridabad,2016,38,32.628571428571426,24.428571428571427,1.6,0,5,10.514285714285714,5,28.14,7
Haryana,Faridabad,2016,39,33.4,24.82857142857143,1.6,0,4,9.014285714285714,6,29.04,7
Haryana,Faridabad,2016,40,33.142857142857146,24.400000000000002,16.8,2,4,10.12857142857143,3,27.24,7
Haryana,Faridabad,2016,41,33.34285714285714,18.8,0.0,0,7,12.271428571428572,2,34.72,7
Haryana,Faridabad,2016,42,33.32857142857143,18.685714285714287,0.0,0,7,14.485714285714286,0,36.1,7
Haryana,Faridabad,2016,43,31.985714285714288,17.557142857142857,0.0,0,7,13.014285714285714,2,31.61,7
Haryana,Faridabad,2016,44,29.885714285714283,16.114285714285714,0.0,0,7,10.285714285714286,5,26.55,7
Haryana,Faridabad,2016,45,29.485714285714288,14.971428571428572,0.0,0,7,12.285714285714286,1,27.45,7
Haryana,Faridabad,2016,46,27.585714285714285,14.842857142857143,0.0,0,7,11.171428571428573,4,24.61,7
Haryana,Faridabad,2016,47,28.885714285714283,15.014285714285714,0.0,0,7,16.714285714285715,0,31.29,7
Haryana,Faridabad,2016,48,27.2,13.233333333333333,0.0,0,3,12.0,1,10.71,3
Haryana,Faridabad,2017,35,29.933333333333334,24.900000000000002,36.0,2,1,13.533333333333333,0,7.93,3
Haryana,Faridabad,2017,36,32.785714285714285,25.057142857142857,12.899999999999999,3,3,11.828571428571427,1,30.7,7
Haryana,Faridabad,2017,37,34.08571428571428,25.67142857142857,0.1,0,7,11.857142857142858,3,31.11,7
Haryana,Faridabad,2017,38,31.857142857142858,24.042857142857144,89.6,2,5,15.714285714285714,2,24.98,7
Haryana,Faridabad,2017,39,34.385714285714286,23.02857142857143,0.0,0,7,12.114285714285714,1,31.53,7
Haryana,Faridabad,2017,40,35.08571428571428,21.685714285714287,0.0,0,7,12.985714285714286,0,33.64,7
Haryana,Faridabad,2017,41,35.028571428571425,21.614285714285717,0.0,0,7,11.457142857142857,2,31.36,7
Haryana,Faridabad,2017,42,34.81428571428571,20.214285714285715,0.0,0,7,12.785714285714286,1,30.68,7
Haryana,Faridabad,2017,43,32.15714285714286,18.271428571428572,0.0,0,7,11.514285714285714,2,28.03,7
Haryana,Faridabad,2017,44,29.900000000000002,17.728571428571428,0.0,0,7,8.857142857142858,7,23.09,7
Haryana,Faridabad,2017,45,29.157142857142855,16.057142857142857,0.0,0,7,10.042857142857143,3,22.19,7
Haryana,Faridabad,2017,46,26.542857142857144,15.62857142857143,0.6000000000000001,0,5,12.671428571428573,1,21.1,7
Haryana,Faridabad,2017,47,24.557142857142857,11.585714285714285,0.0,0,7,13.285714285714286,1,24.61,7
Haryana,Faridabad,2017,48,26.05,11.375,0.0,0,4,11.65,1,11.98,4
Haryana,Faridabad,2018,35,30.8,25.3,21.099999999999998,2,0,9.05,2,5.66,2
Haryana,Faridabad,2018,36,30.657142857142855,24.942857142857143,49.0,5,0,15.799999999999999,2,21.43,7
Haryana,Faridabad,2018,37,32.08571428571428,24.642857142857142,3.8,2,4,13.299999999999999,1,30.41,7
Haryana,Faridabad,2018,38,31.62857142857143,23.157142857142855,51.2,3,4,17.75714285714286,1,27.56,7
Haryana,Faridabad,2018,39,31.014285714285712,22.228571428571428,13.5,1,6,12.914285714285715,2,26.1,7
Haryana,Faridabad,2018,40,32.8,20.957142857142856,0.0,0,7,10.414285714285715,4,30.0,7
Haryana,Faridabad,2018,41,30.785714285714285,19.400000000000002,0.3,0,6,13.485714285714286,2,27.78,7
Haryana,Faridabad,2018,42,31.38571428571429,18.714285714285715,0.2,0,6,10.071428571428571,4,26.39,7
Haryana,Faridabad,2018,43,30.0,16.742857142857144,0.0,0,7,10.87142857142857,2,26.650000000000002,7
Haryana,Faridabad,2018,44,28.985714285714288,17.12857142857143,0.0,0,7,10.571428571428571,4,23.84,7
Haryana,Faridabad,2018,45,26.571428571428573,14.200000000000001,0.0,0,7,11.0,3,23.37,7
Haryana,Faridabad,2018,46,26.914285714285715,15.042857142857143,4.3,1,6,12.62857142857143,3,20.43,7
Haryana,Faridabad,2018,47,26.599999999999998,13.828571428571427,0.0,0,7,13.114285714285714,3,22.21,7
Haryana,Faridabad,2018,48,25.52,12.64,0.0,0,5,10.68,2,12.55,5
Haryana,Fatehabad,2012,35,33.55,25.75,8.4,2,0,9.649999999999999,1,8.09,2
Haryana,Fatehabad,2012,36,30.67142857142857,25.385714285714283,34.7,6,0,19.3,0,25.27,7
Haryana,Fatehabad,2012,37,32.142857142857146,25.314285714285713,33.5,5,0,10.12857142857143,4,24.11,7
Haryana,Fatehabad,2012,38,31.5,22.342857142857145,4.6000000000000005,2,4,10.057142857142859,5,29.05,7
Haryana,Fatehabad,2012,39,32.94285714285714,21.042857142857144,0.0,0,7,10.200000000000001,3,33.2,7
Haryana,Fatehabad,2012,40,34.42857142857143,19.957142857142856,0.0,0,7,9.685714285714285,5,33.769999999999996,7
Haryana,Fatehabad,2012,41,33.77142857142857,18.97142857142857,0.7,0,6,11.4,1,33.980000000000004,7
Haryana,Fatehabad,2012,42,31.157142857142855,18.428571428571427,1.2999999999999998,0,5,9.471428571428572,6,28.23,7
Haryana,Fatehabad,2012,43,28.542857142857144,15.842857142857143,6.0,1,5,10.200000000000001,4,26.28,7
Haryana,Fatehabad,2012,44,29.414285714285715,16.37142857142857,0.0,0,7,8.4,7,25.23,7
Haryana,Fatehabad,2012,45,28.75714285714286,15.542857142857143,0.5,0,6,9.728571428571428,4,24.47,7
Haryana,Fatehabad,2012,46,26.885714285714283,13.4,0.0,0,7,9.114285714285714,6,21.87,7
Haryana,Fatehabad,2012,47,25.74285714285714,11.842857142857143,0.0,0,7,10.757142857142856,3,22.46,7
Haryana,Fatehabad,2012,48,24.16,10.440000000000001,0.0,0,5,11.5,1,15.32,5
Haryana,Fatehabad,2013,35,34.6,26.1,0.0,0,1,12.7,0,5.11,1
Haryana,Fatehabad,2013,36,34.72857142857143,25.97142857142857,0.0,0,7,16.742857142857144,0,38.9,7
Haryana,Fatehabad,2013,37,35.32857142857143,25.62857142857143,2.7,1,3,11.757142857142856,0,35.09,7
Haryana,Fatehabad,2013,38,34.01428571428571,23.7,15.099999999999998,3,3,14.357142857142858,1,32.64,7
Haryana,Fatehabad,2013,39,32.55714285714286,25.17142857142857,17.1,6,1,9.728571428571428,4,26.990000000000002,7
Haryana,Fatehabad,2013,40,31.185714285714287,23.37142857142857,7.3,2,4,11.057142857142859,2,26.189999999999998,7
Haryana,Fatehabad,2013,41,31.142857142857142,23.87142857142857,11.8,4,1,11.357142857142858,2,24.1,7
Haryana,Fatehabad,2013,42,32.51428571428571,20.514285714285712,0.30000000000000004,0,6,8.628571428571428,5,29.08,7
Haryana,Fatehabad,2013,43,31.114285714285717,18.814285714285713,0.0,0,7,9.457142857142857,4,28.75,7
Haryana,Fatehabad,2013,44,29.87142857142857,16.75714285714286,0.0,0,7,10.4,3,27.98,7
Haryana,Fatehabad,2013,45,25.928571428571427,14.342857142857143,7.7,1,5,10.657142857142857,2,22.45,7
Haryana,Fatehabad,2013,46,25.47142857142857,10.828571428571427,0.0,0,7,11.328571428571427,1,24.52,7
Haryana,Fatehabad,2013,47,26.714285714285715,11.4,0.0,0,7,11.157142857142857,3,23.39,7
Haryana,Fatehabad,2013,48,27.400000000000002,13.033333333333333,0.0,0,6,13.283333333333333,1,20.35,6
Haryana,Fatehabad,2014,36,31.357142857142858,25.314285714285717,59.0,6,0,20.62857142857143,1,23.03,7
Haryana,Fatehabad,2014,37,32.32857142857143,24.957142857142856,15.8,5,0,9.171428571428573,4,28.0,7
Haryana,Fatehabad,2014,38,34.371428571428574,24.12857142857143,0.1,0,7,11.242857142857144,2,34.15,7
Haryana,Fatehabad,2014,39,35.32857142857143,23.714285714285715,0.0,0,7,16.085714285714285,0,40.94,7
Haryana,Fatehabad,2014,40,36.542857142857144,24.157142857142855,0.4,0,5,11.614285714285714,3,36.73,7
Haryana,Fatehabad,2014,41,34.871428571428574,22.642857142857142,1.2,1,6,11.085714285714285,3,34.75,7
Haryana,Fatehabad,2014,42,30.114285714285717,18.157142857142855,5.7,1,6,9.299999999999999,5,29.07,7
Haryana,Fatehabad,2014,43,31.842857142857145,19.457142857142856,2.9,1,6,9.242857142857144,4,27.6,7
Haryana,Fatehabad,2014,44,30.557142857142857,17.54285714285714,0.2,0,6,10.857142857142858,3,28.1,7
Haryana,Fatehabad,2014,45,30.185714285714287,17.95714285714286,0.2,0,7,12.157142857142857,1,27.740000000000002,7
Haryana,Fatehabad,2014,46,27.32857142857143,12.214285714285714,0.0,0,7,11.085714285714285,2,27.47,7
Haryana,Fatehabad,2014,47,26.82857142857143,12.214285714285714,0.0,0,7,10.442857142857141,2,24.18,7
Haryana,Fatehabad,2014,48,27.085714285714285,12.557142857142859,0.0,0,7,10.457142857142857,2,22.77,7
Haryana,Fatehabad,2015,36,36.6,25.2,0.0,0,6,15.799999999999999,0,38.35,6
Haryana,Fatehabad,2015,37,37.728571428571435,24.357142857142858,0.0,0,7,13.057142857142859,1,41.88,7
Haryana,Fatehabad,2015,38,35.957142857142856,25.571428571428573,20.9,3,3,14.185714285714285,0,34.84,7
Haryana,Fatehabad,2015,39,32.42857142857143,23.928571428571427,27.299999999999997,3,4,14.642857142857142,0,29.52,7
Haryana,Fatehabad,2015,40,35.871428571428574,21.5,0.0,0,7,11.6,3,37.7,7
Haryana,Fatehabad,2015,41,37.51428571428572,22.771428571428572,0.0,0,7,15.842857142857143,0,40.15,7
Haryana,Fatehabad,2015,42,35.271428571428565,22.97142857142857,2.9000000000000004,1,5,12.771428571428572,1,32.12,7
Haryana,Fatehabad,2015,43,33.77142857142857,20.414285714285715,1.6,0,5,12.314285714285713,2,32.43,7
Haryana,Fatehabad,2015,44,29.414285714285715,16.900000000000002,0.2,0,6,10.714285714285714,3,27.0,7
Haryana,Fatehabad,2015,45,28.900000000000002,17.457142857142856,1.6,1,5,10.814285714285715,3,23.71,7
Haryana,Fatehabad,2015,46,28.87142857142857,16.785714285714285,2.9000000000000004,1,5,11.157142857142857,1,24.35,7
Haryana,Fatehabad,2015,47,27.842857142857145,12.885714285714286,0.0,0,7,11.1,4,25.53,7
Haryana,Fatehabad,2015,48,26.471428571428568,13.214285714285714,0.0,0,7,12.928571428571429,1,22.16,7
Haryana,Fatehabad,2015,49,25.9,13.1,0.0,0,1,9.4,1,2.69,1
Haryana,Fatehabad,2016,35,33.075,25.175,0.7999999999999999,0,3,14.25,1,18.83,4
Haryana,Fatehabad,2016,36,35.3,25.928571428571427,0.0,0,7,15.5,0,41.21,7
Haryana,Fatehabad,2016,37,36.885714285714286,26.042857142857144,0.0,0,7,10.671428571428573,4,38.22,7
Haryana,Fatehabad,2016,38,36.614285714285714,26.728571428571428,3.5,1,4,12.242857142857144,2,35.99,7
Haryana,Fatehabad,2016,39,36.699999999999996,26.52857142857143,1.6,1,6,9.414285714285715,5,33.81,7
Haryana,Fatehabad,2016,40,35.1,25.185714285714287,9.7,3,3,10.228571428571428,3,29.619999999999997,7
Haryana,Fatehabad,2016,41,35.714285714285715,20.599999999999998,0.0,0,7,10.971428571428572,1,38.75,7
Haryana,Fatehabad,2016,42,35.05714285714286,19.771428571428572,0.0,0,7,13.957142857142857,0,38.44,7
Haryana,Fatehabad,2016,43,33.371428571428574,18.214285714285715,0.0,0,7,11.700000000000001,3,33.24,7
Haryana,Fatehabad,2016,44,30.942857142857143,16.942857142857143,0.0,0,7,9.828571428571427,5,27.4,7
Haryana,Fatehabad,2016,45,30.37142857142857,15.585714285714285,0.0,0,7,12.12857142857143,0,28.36,7
Haryana,Fatehabad,2016,46,28.271428571428572,13.914285714285715,0.0,0,7,10.742857142857144,3,25.38,7
Haryana,Fatehabad,2016,47,29.157142857142855,14.328571428571427,0.0,0,7,13.685714285714285,2,27.69,7
Haryana,Fatehabad,2016,48,28.46666666666667,13.533333333333333,0.0,0,3,11.700000000000001,0,11.06,3
Haryana,Fatehabad,2017,35,30.099999999999998,24.900000000000002,35.5,3,0,13.733333333333334,1,8.75,3
Haryana,Fatehabad,2017,36,33.642857142857146,25.385714285714283,5.3,2,4,11.828571428571427,0,31.0,7
Haryana,Fatehabad,2017,37,36.0,25.771428571428572,0.39999999999999997,0,6,13.114285714285716,1,35.47,7
Haryana,Fatehabad,2017,38,35.642857142857146,23.685714285714287,1.5,1,6,12.557142857142859,2,34.42,7
Haryana,Fatehabad,2017,39,36.885714285714286,23.771428571428572,0.0,0,7,12.757142857142856,1,37.620000000000005,7
Haryana,Fatehabad,2017,40,37.01428571428572,22.942857142857143,0.0,0,7,13.6,1,38.370000000000005,7
Haryana,Fatehabad,2017,41,35.785714285714285,22.314285714285713,0.0,0,7,11.414285714285715,1,32.75,7
Haryana,Fatehabad,2017,42,34.67142857142857,19.62857142857143,0.0,0,7,10.514285714285714,2,31.310000000000002,7
Haryana,Fatehabad,2017,43,32.285714285714285,18.3,0.7,0,6,11.142857142857142,3,28.7,7
Haryana,Fatehabad,2017,44,29.914285714285715,17.928571428571427,0.0,0,7,8.9,6,22.54,7
Haryana,Fatehabad,2017,45,27.87142857142857,16.2,0.0,0,7,8.6,7,19.5,7
Haryana,Fatehabad,2017,46,24.74285714285714,14.557142857142859,3.4,1,3,12.928571428571429,2,17.64,7
Haryana,Fatehabad,2017,47,24.0,9.914285714285715,0.0,0,7,12.185714285714285,1,20.37,7
Haryana,Fatehabad,2017,48,25.1,10.05,0.0,0,4,10.125,1,10.58,4
Haryana,Fatehabad,2018,35,33.45,26.9,3.6,1,1,13.15,0,7.970000000000001,2
Haryana,Fatehabad,2018,36,33.27142857142857,26.414285714285715,9.1,1,2,11.814285714285715,2,27.810000000000002,7
Haryana,Fatehabad,2018,37,34.72857142857143,25.771428571428572,1.7999999999999998,0,5,13.357142857142858,2,35.3,7
Haryana,Fatehabad,2018,38,33.9,23.928571428571427,63.9,2,4,16.271428571428572,0,30.78,7
Haryana,Fatehabad,2018,39,31.228571428571428,21.74285714285714,10.2,1,6,11.071428571428571,4,26.22,7
Haryana,Fatehabad,2018,40,33.18571428571429,20.771428571428572,1.8,1,5,12.042857142857143,2,30.11,7
Haryana,Fatehabad,2018,41,31.52857142857143,19.52857142857143,0.9,0,5,16.571428571428573,2,28.92,7
Haryana,Fatehabad,2018,42,32.25714285714286,18.37142857142857,0.1,0,7,11.842857142857143,0,30.36,7
Haryana,Fatehabad,2018,43,31.3,16.6,0.0,0,7,11.657142857142857,1,28.66,7
Haryana,Fatehabad,2018,44,30.014285714285712,17.4,0.2,0,6,13.557142857142855,2,24.85,7
Haryana,Fatehabad,2018,45,27.75714285714286,13.028571428571428,0.0,0,7,10.885714285714286,4,23.990000000000002,7
Haryana,Fatehabad,2018,46,27.314285714285713,14.657142857142857,5.1,1,6,12.471428571428572,2,20.41,7
Haryana,Fatehabad,2018,47,27.25714285714286,13.6,0.0,0,7,13.571428571428571,0,21.98,7
Haryana,Fatehabad,2018,48,26.48,13.02,0.0,0,5,10.36,3,13.120000000000001,5
Haryana,Gurgaon,2012,35,32.15,25.3,13.5,1,0,8.95,1,7.4,2
Haryana,Gurgaon,2012,36,30.285714285714285,25.114285714285717,23.9,3,1,19.8,1,24.09,7
Haryana,Gurgaon,2012,37,31.842857142857145,25.24285714285714,34.4,7,0,11.528571428571428,3,23.89,7
Haryana,Gurgaon,2012,38,31.37142857142857,22.728571428571428,16.9,3,4,11.514285714285714,2,28.6,7
Haryana,Gurgaon,2012,39,32.371428571428574,20.7,0.0,0,7,12.814285714285715,1,34.0,7
Haryana,Gurgaon,2012,40,33.8,19.571428571428573,0.0,0,7,11.828571428571427,1,34.67,7
Haryana,Gurgaon,2012,41,33.285714285714285,18.52857142857143,0.0,0,7,12.814285714285715,1,34.52,7
Haryana,Gurgaon,2012,42,31.52857142857143,18.642857142857142,2.3000000000000003,1,6,8.642857142857142,6,28.8,7
Haryana,Gurgaon,2012,43,28.542857142857144,16.142857142857142,10.0,1,6,11.257142857142856,3,27.4,7
Haryana,Gurgaon,2012,44,28.75714285714286,15.414285714285715,0.0,0,7,9.528571428571428,5,26.36,7
Haryana,Gurgaon,2012,45,28.3,14.485714285714286,0.1,0,7,10.12857142857143,3,24.61,7
Haryana,Gurgaon,2012,46,26.67142857142857,13.614285714285714,0.0,0,7,10.214285714285714,4,23.169999999999998,7
Haryana,Gurgaon,2012,47,25.54285714285714,11.228571428571428,0.3,0,6,11.37142857142857,2,23.27,7
Haryana,Gurgaon,2012,48,24.24,10.7,0.6,0,4,11.8,1,15.66,5
Haryana,Gurgaon,2013,35,33.2,25.9,0.4,0,0,15.1,0,4.79,1
Haryana,Gurgaon,2013,36,33.628571428571426,25.728571428571428,0.0,0,7,16.557142857142857,0,41.0,7
Haryana,Gurgaon,2013,37,34.15714285714286,24.87142857142857,2.3,1,2,8.728571428571428,7,33.19,7
Haryana,Gurgaon,2013,38,32.6,23.75714285714286,45.0,4,3,14.142857142857142,1,28.47,7
Haryana,Gurgaon,2013,39,31.657142857142855,24.771428571428572,25.5,4,0,11.414285714285715,2,25.0,7
Haryana,Gurgaon,2013,40,29.885714285714283,23.114285714285717,8.299999999999999,4,3,14.371428571428572,1,23.43,7
Haryana,Gurgaon,2013,41,30.3,22.82857142857143,5.4,2,4,11.285714285714286,3,23.98,7
Haryana,Gurgaon,2013,42,31.8,20.614285714285717,0.5,0,6,9.742857142857144,5,28.44,7
Haryana,Gurgaon,2013,43,30.228571428571428,18.071428571428573,0.0,0,7,9.285714285714286,6,27.689999999999998,7
Haryana,Gurgaon,2013,44,29.771428571428572,16.45714285714286,0.2,0,6,12.285714285714286,1,28.82,7
Haryana,Gurgaon,2013,45,26.02857142857143,14.657142857142857,1.3,0,5,10.528571428571428,2,23.29,7
Haryana,Gurgaon,2013,46,24.900000000000002,11.042857142857143,0.0,0,7,10.700000000000001,2,24.53,7
Haryana,Gurgaon,2013,47,26.142857142857142,11.728571428571428,0.0,0,7,11.442857142857141,2,23.85,7
Haryana,Gurgaon,2013,48,26.883333333333336,13.65,0.0,0,6,15.466666666666669,0,22.01,6
Haryana,Gurgaon,2014,36,30.985714285714288,24.928571428571427,61.8,5,0,19.357142857142858,2,24.18,7
Haryana,Gurgaon,2014,37,32.07142857142857,24.728571428571428,19.599999999999998,4,1,11.200000000000001,1,26.759999999999998,7
Haryana,Gurgaon,2014,38,34.857142857142854,24.900000000000002,0.0,0,7,13.571428571428571,0,37.480000000000004,7
Haryana,Gurgaon,2014,39,36.07142857142857,25.142857142857142,0.0,0,7,18.057142857142857,0,46.43,7
Haryana,Gurgaon,2014,40,36.67142857142857,24.25714285714286,0.2,0,6,12.414285714285715,0,36.64,7
Haryana,Gurgaon,2014,41,35.22857142857143,22.842857142857145,0.5,0,5,11.542857142857143,2,36.86,7
Haryana,Gurgaon,2014,42,30.657142857142855,18.442857142857143,4.0,1,4,11.485714285714286,2,29.95,7
Haryana,Gurgaon,2014,43,32.214285714285715,20.071428571428573,1.7,1,6,9.985714285714286,5,28.81,7
Haryana,Gurgaon,2014,44,30.97142857142857,18.728571428571428,0.1,0,7,11.142857142857142,3,29.169999999999998,7
Haryana,Gurgaon,2014,45,30.985714285714288,18.085714285714285,0.0,0,7,13.5,1,29.67,7
Haryana,Gurgaon,2014,46,27.557142857142857,12.957142857142857,0.0,0,7,12.814285714285715,0,30.23,7
Haryana,Gurgaon,2014,47,27.02857142857143,11.657142857142857,0.0,0,7,10.671428571428573,2,26.21,7
Haryana,Gurgaon,2014,48,27.114285714285717,13.0,0.0,0,7,11.057142857142859,3,24.15,7
Haryana,Gurgaon,2015,36,35.166666666666664,24.900000000000002,0.0,0,6,16.716666666666665,0,37.23,6
Haryana,Gurgaon,2015,37,36.08571428571428,24.057142857142857,0.0,0,7,14.328571428571431,2,42.19,7
Haryana,Gurgaon,2015,38,35.15714285714286,25.514285714285712,35.199999999999996,3,3,12.242857142857142,0,32.32,7
Haryana,Gurgaon,2015,39,32.51428571428571,23.900000000000002,15.5,1,5,15.271428571428572,0,32.83,7
Haryana,Gurgaon,2015,40,34.642857142857146,19.914285714285715,0.0,0,7,12.62857142857143,1,37.95,7
Haryana,Gurgaon,2015,41,36.128571428571426,21.771428571428572,0.0,0,7,15.742857142857144,0,40.74,7
Haryana,Gurgaon,2015,42,34.34285714285714,22.25714285714286,4.6,1,6,11.014285714285714,2,31.63,7
Haryana,Gurgaon,2015,43,33.285714285714285,20.014285714285712,0.0,0,7,12.12857142857143,1,32.73,7
Haryana,Gurgaon,2015,44,28.414285714285715,17.17142857142857,10.3,1,4,10.514285714285714,3,23.880000000000003,7
Haryana,Gurgaon,2015,45,28.771428571428572,18.442857142857143,0.30000000000000004,0,6,9.5,6,21.75,7
Haryana,Gurgaon,2015,46,29.285714285714285,17.157142857142855,2.2,1,5,11.514285714285714,3,25.93,7
Haryana,Gurgaon,2015,47,27.228571428571428,13.514285714285714,0.1,0,7,10.37142857142857,3,25.14,7
Haryana,Gurgaon,2015,48,26.47142857142857,14.142857142857142,0.1,0,7,11.228571428571428,2,22.52,7
Haryana,Gurgaon,2015,49,27.1,14.9,0.0,0,1,8.3,1,2.65,1
Haryana,Gurgaon,2016,35,31.75,24.925,8.5,1,3,16.3,1,17.85,4
Haryana,Gurgaon,2016,36,32.57142857142857,24.914285714285715,0.0,0,7,17.228571428571428,0,38.1,7
Haryana,Gurgaon,2016,37,33.385714285714286,24.814285714285713,0.0,0,7,10.542857142857143,4,33.05,7
Haryana,Gurgaon,2016,38,33.214285714285715,24.657142857142855,1.6,0,4,11.014285714285714,4,29.66,7
Haryana,Gurgaon,2016,39,34.15714285714286,25.142857142857142,1.6,0,4,9.742857142857144,5,30.56,7
Haryana,Gurgaon,2016,40,33.58571428571428,24.314285714285713,15.0,3,3,10.171428571428573,4,27.97,7
Haryana,Gurgaon,2016,41,33.92857142857143,19.02857142857143,0.0,0,7,12.542857142857143,1,36.52,7
Haryana,Gurgaon,2016,42,33.81428571428571,19.042857142857144,0.0,0,7,15.0,0,38.230000000000004,7
Haryana,Gurgaon,2016,43,32.357142857142854,17.6,0.0,0,7,13.242857142857144,1,33.23,7
Haryana,Gurgaon,2016,44,30.02857142857143,15.971428571428572,0.0,0,7,10.0,5,27.15,7
Haryana,Gurgaon,2016,45,29.614285714285717,15.014285714285714,0.0,0,7,12.328571428571427,2,28.23,7
Haryana,Gurgaon,2016,46,27.47142857142857,14.12857142857143,0.0,0,7,11.357142857142858,4,25.009999999999998,7
Haryana,Gurgaon,2016,47,28.542857142857144,14.142857142857142,0.0,0,7,16.271428571428572,1,30.68,7
Haryana,Gurgaon,2016,48,27.333333333333332,12.933333333333332,0.0,0,3,12.166666666666666,1,11.030000000000001,3
Haryana,Gurgaon,2017,35,29.7,24.599999999999998,76.2,2,0,14.266666666666666,0,8.15,3
Haryana,Gurgaon,2017,36,32.94285714285714,25.02857142857143,4.2,2,2,12.285714285714286,1,30.860000000000003,7
Haryana,Gurgaon,2017,37,34.24285714285715,25.7,1.3,0,5,12.842857142857143,2,31.26,7
Haryana,Gurgaon,2017,38,32.51428571428571,23.685714285714287,21.2,2,5,16.17142857142857,0,28.310000000000002,7
Haryana,Gurgaon,2017,39,35.6,23.74285714285714,0.0,0,7,13.671428571428573,0,34.39,7
Haryana,Gurgaon,2017,40,35.98571428571428,22.242857142857144,0.0,0,7,14.557142857142859,0,37.17,7
Haryana,Gurgaon,2017,41,35.3,22.542857142857144,0.0,0,7,10.257142857142856,3,33.589999999999996,7
Haryana,Gurgaon,2017,42,34.9,20.585714285714285,0.0,0,7,12.571428571428571,1,32.69,7
Haryana,Gurgaon,2017,43,32.41428571428572,18.62857142857143,0.4,0,6,11.857142857142858,1,30.1,7
Haryana,Gurgaon,2017,44,30.24285714285714,18.414285714285715,0.0,0,7,9.614285714285714,4,24.84,7
Haryana,Gurgaon,2017,45,28.87142857142857,16.071428571428573,0.0,0,7,9.799999999999999,4,22.75,7
Haryana,Gurgaon,2017,46,25.885714285714283,15.814285714285715,1.6,1,5,13.028571428571428,0,20.66,7
Haryana,Gurgaon,2017,47,24.099999999999998,10.457142857142857,0.0,0,7,13.642857142857142,0,23.490000000000002,7
Haryana,Gurgaon,2017,48,25.825,10.425,0.0,0,4,11.6,1,12.08,4
Haryana,Gurgaon,2018,35,30.849999999999998,25.35,26.400000000000002,2,0,11.75,0,5.74,2
Haryana,Gurgaon,2018,36,30.67142857142857,25.042857142857144,33.2,5,1,16.185714285714287,1,22.68,7
Haryana,Gurgaon,2018,37,32.15714285714286,24.5,1.6,0,4,14.685714285714285,1,31.77,7
Haryana,Gurgaon,2018,38,31.97142857142857,23.071428571428573,48.4,3,4,18.485714285714288,0,28.27,7
Haryana,Gurgaon,2018,39,31.17142857142857,21.985714285714288,7.4,1,6,13.671428571428573,3,27.41,7
Haryana,Gurgaon,2018,40,33.24285714285714,21.114285714285717,0.0,0,7,10.928571428571429,3,30.689999999999998,7
Haryana,Gurgaon,2018,41,31.457142857142856,19.585714285714285,0.0,0,7,13.585714285714285,1,29.67,7
Haryana,Gurgaon,2018,42,31.842857142857145,19.2,0.0,0,7,12.214285714285714,1,28.7,7
Haryana,Gurgaon,2018,43,30.67142857142857,16.95714285714286,0.2,0,6,11.157142857142857,0,28.45,7
Haryana,Gurgaon,2018,44,29.8,17.97142857142857,0.0,0,7,12.414285714285715,2,25.9,7
Haryana,Gurgaon,2018,45,27.314285714285713,14.12857142857143,0.0,0,7,11.114285714285714,2,24.119999999999997,7
Haryana,Gurgaon,2018,46,27.271428571428572,15.200000000000001,3.8,1,5,13.0,2,21.53,7
Haryana,Gurgaon,2018,47,26.75714285714286,13.757142857142856,0.0,0,7,14.37142857142857,2,22.86,7
Haryana,Gurgaon,2018,48,25.6,12.66,0.0,0,5,11.3,2,13.0,5
Haryana,Hisar,2012,35,33.45,25.85,10.0,2,0,9.0,1,8.16,2
Haryana,Hisar,2012,36,30.571428571428573,25.357142857142858,33.7,5,0,20.12857142857143,0,25.43,7
Haryana,Hisar,2012,37,32.08571428571428,25.342857142857145,34.5,6,0,10.671428571428573,3,23.73,7
Haryana,Hisar,2012,38,31.457142857142856,22.400000000000002,3.2,2,4,10.242857142857144,2,28.85,7
Haryana,Hisar,2012,39,32.75714285714286,20.514285714285712,0.0,0,7,10.842857142857143,2,33.42,7
Haryana,Hisar,2012,40,34.31428571428571,19.614285714285717,0.0,0,7,10.171428571428573,4,33.95,7
Haryana,Hisar,2012,41,33.642857142857146,18.485714285714288,0.4,0,6,11.914285714285715,2,34.36,7
Haryana,Hisar,2012,42,31.0,18.685714285714287,2.0,1,5,8.914285714285715,6,28.16,7
Haryana,Hisar,2012,43,28.514285714285712,15.62857142857143,6.4,1,5,10.12857142857143,3,26.47,7
Haryana,Hisar,2012,44,29.214285714285715,16.385714285714286,0.0,0,7,8.4,7,25.28,7
Haryana,Hisar,2012,45,28.657142857142855,15.1,0.6,0,6,9.557142857142859,5,24.41,7
Haryana,Hisar,2012,46,26.785714285714285,13.614285714285714,0.0,0,7,9.342857142857143,6,22.02,7
Haryana,Hisar,2012,47,25.685714285714287,12.0,0.0,0,7,10.642857142857142,3,22.6,7
Haryana,Hisar,2012,48,24.119999999999997,10.540000000000001,0.2,0,4,11.0,1,15.14,5
Haryana,Hisar,2013,35,34.7,26.5,0.0,0,1,13.2,0,5.19,1
Haryana,Hisar,2013,36,35.114285714285714,26.400000000000002,0.0,0,7,17.285714285714285,0,40.57,7
Haryana,Hisar,2013,37,35.68571428571429,25.771428571428572,2.1,0,2,11.914285714285715,2,35.82,7
Haryana,Hisar,2013,38,34.18571428571429,24.099999999999998,25.900000000000002,3,4,14.9,0,32.339999999999996,7
Haryana,Hisar,2013,39,32.24285714285714,25.25714285714286,24.4,6,0,9.985714285714286,4,26.61,7
Haryana,Hisar,2013,40,30.642857142857142,23.271428571428572,10.7,1,3,11.142857142857142,2,25.509999999999998,7
Haryana,Hisar,2013,41,30.87142857142857,23.714285714285715,7.6,2,2,11.6,2,24.27,7
Haryana,Hisar,2013,42,32.3,20.7,0.30000000000000004,0,6,8.557142857142857,6,28.98,7
Haryana,Hisar,2013,43,31.114285714285717,18.842857142857145,0.0,0,7,9.814285714285715,4,28.97,7
Haryana,Hisar,2013,44,30.071428571428573,17.1,0.0,0,7,10.571428571428571,3,28.64,7
Haryana,Hisar,2013,45,26.042857142857144,14.728571428571428,8.4,1,4,10.242857142857144,3,22.67,7
Haryana,Hisar,2013,46,25.357142857142858,10.771428571428572,0.0,0,7,10.985714285714286,1,24.57,7
Haryana,Hisar,2013,47,26.75714285714286,11.514285714285714,0.0,0,7,11.214285714285714,2,23.66,7
Haryana,Hisar,2013,48,27.366666666666664,13.166666666666666,0.0,0,6,13.383333333333333,2,20.72,6
Haryana,Hisar,2014,36,31.7,25.25714285714286,47.699999999999996,6,0,20.685714285714287,1,24.47,7
Haryana,Hisar,2014,37,32.25714285714286,24.842857142857145,28.1,5,1,9.485714285714286,5,27.58,7
Haryana,Hisar,2014,38,34.41428571428572,24.414285714285715,0.1,0,7,11.62857142857143,1,35.04,7
Haryana,Hisar,2014,39,35.57142857142857,24.3,0.0,0,7,16.942857142857143,0,42.46,7
Haryana,Hisar,2014,40,36.800000000000004,24.02857142857143,0.4,0,6,11.799999999999999,3,37.82,7
Haryana,Hisar,2014,41,35.128571428571426,22.8,1.4000000000000001,1,5,10.771428571428572,3,35.62,7
Haryana,Hisar,2014,42,29.957142857142856,18.17142857142857,9.9,1,6,9.642857142857142,5,28.689999999999998,7
Haryana,Hisar,2014,43,31.785714285714285,19.82857142857143,4.1,1,6,9.442857142857145,4,28.130000000000003,7
Haryana,Hisar,2014,44,30.52857142857143,17.742857142857144,0.0,0,7,10.928571428571429,3,28.4,7
Haryana,Hisar,2014,45,30.357142857142858,18.057142857142857,0.0,0,7,11.885714285714286,1,28.119999999999997,7
Haryana,Hisar,2014,46,27.24285714285714,12.4,0.0,0,7,11.299999999999999,2,27.900000000000002,7
Haryana,Hisar,2014,47,26.74285714285714,11.542857142857143,0.0,0,7,10.728571428571428,1,24.32,7
Haryana,Hisar,2014,48,27.057142857142857,12.542857142857143,0.0,0,7,10.485714285714286,2,22.78,7
Haryana,Hisar,2015,36,36.233333333333334,25.25,0.0,0,6,15.950000000000001,0,38.18,6
Haryana,Hisar,2015,37,37.128571428571426,24.099999999999998,0.0,0,7,13.328571428571427,0,41.46,7
Haryana,Hisar,2015,38,35.75714285714286,25.442857142857143,23.3,3,3,13.700000000000001,0,34.87,7
Haryana,Hisar,2015,39,32.114285714285714,23.8,29.3,3,4,14.557142857142859,0,29.9,7
Haryana,Hisar,2015,40,35.27142857142857,20.87142857142857,0.0,0,7,11.442857142857141,3,36.95,7
Haryana,Hisar,2015,41,36.92857142857143,22.52857142857143,0.0,0,7,15.4,0,40.61,7
Haryana,Hisar,2015,42,35.08571428571428,22.857142857142858,0.8,0,6,13.271428571428572,1,32.73,7
Haryana,Hisar,2015,43,33.7,20.357142857142858,0.2,0,6,11.471428571428572,2,33.02,7
Haryana,Hisar,2015,44,29.2,17.085714285714285,0.5,0,6,10.271428571428572,4,26.32,7
Haryana,Hisar,2015,45,28.82857142857143,17.67142857142857,0.7,0,6,11.057142857142859,4,24.03,7
Haryana,Hisar,2015,46,29.014285714285712,17.04285714285714,3.1,1,5,11.042857142857143,3,24.86,7
Haryana,Hisar,2015,47,27.67142857142857,13.299999999999999,0.0,0,7,10.928571428571429,2,25.59,7
Haryana,Hisar,2015,48,26.37142857142857,13.057142857142859,0.0,0,7,12.971428571428572,1,21.67,7
Haryana,Hisar,2015,49,26.0,13.0,0.0,0,1,9.4,1,2.77,1
Haryana,Hisar,2016,35,32.65,25.05,1.3,1,2,14.675,1,18.369999999999997,4
Haryana,Hisar,2016,36,34.7,25.47142857142857,0.0,0,7,16.04285714285714,0,40.41,7
Haryana,Hisar,2016,37,36.05714285714286,25.714285714285715,0.0,0,7,10.485714285714286,5,36.75,7
Haryana,Hisar,2016,38,36.17142857142857,26.271428571428572,5.1,2,4,12.200000000000001,2,35.22,7
Haryana,Hisar,2016,39,36.48571428571429,26.214285714285715,2.2,1,6,9.042857142857143,5,33.38,7
Haryana,Hisar,2016,40,34.5,25.12857142857143,14.0,2,4,9.528571428571428,4,28.53,7
Haryana,Hisar,2016,41,35.357142857142854,20.099999999999998,0.0,0,7,11.414285714285715,1,38.92,7
Haryana,Hisar,2016,42,35.0,19.928571428571427,0.0,0,7,14.971428571428572,0,39.33,7
Haryana,Hisar,2016,43,33.32857142857143,18.214285714285715,0.0,0,7,12.314285714285715,1,33.8,7
Haryana,Hisar,2016,44,30.771428571428572,16.942857142857143,0.0,0,7,9.799999999999999,5,27.71,7
Haryana,Hisar,2016,45,30.271428571428572,15.414285714285715,0.0,0,7,11.957142857142857,1,28.51,7
Haryana,Hisar,2016,46,28.099999999999998,13.9,0.0,0,7,10.885714285714286,3,25.48,7
Haryana,Hisar,2016,47,29.085714285714285,14.214285714285714,0.0,0,7,13.814285714285713,1,28.14,7
Haryana,Hisar,2016,48,28.366666666666664,13.466666666666667,0.0,0,3,11.5,1,11.15,3
Haryana,Hisar,2017,35,30.433333333333334,25.066666666666666,17.5,3,0,15.9,1,9.05,3
Haryana,Hisar,2017,36,34.614285714285714,25.7,5.4,3,2,13.014285714285714,0,32.019999999999996,7
Haryana,Hisar,2017,37,36.84285714285714,26.685714285714287,0.6,0,6,14.157142857142857,0,34.9,7
Haryana,Hisar,2017,38,35.957142857142856,24.071428571428573,0.7,0,6,14.785714285714286,1,36.15,7
Haryana,Hisar,2017,39,37.48571428571429,24.442857142857143,0.0,0,7,13.771428571428572,0,39.54,7
Haryana,Hisar,2017,40,37.55714285714286,23.314285714285713,0.0,0,7,14.342857142857143,0,40.2,7
Haryana,Hisar,2017,41,36.128571428571426,23.157142857142855,0.0,0,7,11.857142857142858,1,33.79,7
Haryana,Hisar,2017,42,35.05714285714286,20.2,0.0,0,7,10.657142857142857,3,32.49,7
Haryana,Hisar,2017,43,32.385714285714286,18.542857142857144,0.0,0,7,11.700000000000001,0,28.92,7
Haryana,Hisar,2017,44,30.214285714285715,18.32857142857143,0.0,0,7,9.185714285714285,5,23.4,7
Haryana,Hisar,2017,45,28.185714285714287,16.428571428571427,0.0,0,7,8.642857142857142,7,20.15,7
Haryana,Hisar,2017,46,25.271428571428572,15.114285714285714,5.0,1,4,13.828571428571427,0,19.28,7
Haryana,Hisar,2017,47,24.114285714285717,10.057142857142859,0.0,0,7,12.242857142857144,0,21.33,7
Haryana,Hisar,2017,48,25.425,10.15,0.0,0,4,10.7,1,11.1,4
Haryana,Hisar,2018,35,32.7,26.950000000000003,28.0,1,1,13.75,0,7.14,2
Haryana,Hisar,2018,36,32.885714285714286,26.0,16.900000000000002,3,1,13.385714285714284,0,27.32,7
Haryana,Hisar,2018,37,34.6,25.82857142857143,1.4000000000000001,1,6,14.785714285714286,2,36.21,7
Haryana,Hisar,2018,38,33.628571428571426,24.071428571428573,69.10000000000001,2,4,15.885714285714286,0,29.87,7
Haryana,Hisar,2018,39,31.357142857142858,21.814285714285713,47.4,1,4,12.485714285714286,3,25.99,7
Haryana,Hisar,2018,40,33.34285714285714,20.8,3.4,1,5,13.9,2,30.25,7
Haryana,Hisar,2018,41,31.771428571428572,19.614285714285717,0.4,0,6,12.028571428571428,2,29.27,7
Haryana,Hisar,2018,42,32.5,18.657142857142855,0.0,0,7,12.928571428571429,2,30.81,7
Haryana,Hisar,2018,43,31.2,16.857142857142858,0.0,0,7,11.042857142857143,3,29.0,7
Haryana,Hisar,2018,44,30.099999999999998,17.585714285714285,0.1,0,7,12.814285714285715,3,25.37,7
Haryana,Hisar,2018,45,27.614285714285717,13.028571428571428,0.0,0,7,10.642857142857142,4,24.31,7
Haryana,Hisar,2018,46,27.5,14.957142857142857,5.3999999999999995,1,5,13.085714285714285,2,21.02,7
Haryana,Hisar,2018,47,27.25714285714286,13.642857142857142,0.0,0,7,12.742857142857144,3,21.96,7
Haryana,Hisar,2018,48,26.54,13.419999999999998,0.0,0,5,10.42,3,13.31,5
Haryana,Jhajjar,2012,35,32.45,25.450000000000003,12.799999999999999,2,0,10.05,1,7.61,2
Haryana,Jhajjar,2012,36,30.542857142857144,25.314285714285713,22.400000000000002,3,1,20.314285714285717,1,24.52,7
Haryana,Jhajjar,2012,37,32.042857142857144,25.457142857142856,34.0,7,0,11.542857142857143,1,24.2,7
Haryana,Jhajjar,2012,38,31.37142857142857,22.685714285714287,12.0,3,4,11.085714285714285,2,28.369999999999997,7
Haryana,Jhajjar,2012,39,32.457142857142856,20.485714285714288,0.0,0,7,12.842857142857143,1,33.81,7
Haryana,Jhajjar,2012,40,33.857142857142854,19.357142857142858,0.0,0,7,12.528571428571428,1,34.25,7
Haryana,Jhajjar,2012,41,33.32857142857143,18.442857142857143,0.0,0,7,14.014285714285714,0,34.85,7
Haryana,Jhajjar,2012,42,31.614285714285717,18.67142857142857,2.2,1,4,10.442857142857141,4,29.130000000000003,7
Haryana,Jhajjar,2012,43,28.52857142857143,15.985714285714286,10.3,1,6,11.614285714285714,3,27.009999999999998,7
Haryana,Jhajjar,2012,44,28.82857142857143,15.228571428571428,0.0,0,7,10.057142857142859,4,26.37,7
Haryana,Jhajjar,2012,45,28.3,14.271428571428572,0.0,0,7,10.357142857142858,4,24.54,7
Haryana,Jhajjar,2012,46,26.657142857142855,13.685714285714285,0.0,0,7,10.471428571428572,2,23.02,7
Haryana,Jhajjar,2012,47,25.585714285714285,11.042857142857143,0.0,0,7,11.12857142857143,3,23.05,7
Haryana,Jhajjar,2012,48,24.16,10.36,0.9,0,4,11.26,1,15.11,5
Haryana,Jhajjar,2013,35,33.6,26.1,0.3,0,0,15.1,0,4.93,1
Haryana,Jhajjar,2013,36,34.02857142857143,26.014285714285712,0.3,0,6,17.0,0,40.87,7
Haryana,Jhajjar,2013,37,34.67142857142857,25.142857142857142,1.0,0,5,10.242857142857144,3,34.15,7
Haryana,Jhajjar,2013,38,33.08571428571428,23.942857142857143,48.2,4,3,14.671428571428573,0,29.15,7
Haryana,Jhajjar,2013,39,31.942857142857143,24.842857142857145,25.9,6,0,11.742857142857144,2,25.939999999999998,7
Haryana,Jhajjar,2013,40,30.285714285714285,23.32857142857143,2.9,1,3,14.0,2,24.24,7
Haryana,Jhajjar,2013,41,30.62857142857143,23.157142857142855,6.8,2,4,11.457142857142857,3,24.490000000000002,7
Haryana,Jhajjar,2013,42,32.042857142857144,20.728571428571428,0.7,0,5,9.828571428571427,5,28.66,7
Haryana,Jhajjar,2013,43,30.585714285714285,18.071428571428573,0.0,0,7,9.528571428571428,5,28.0,7
Haryana,Jhajjar,2013,44,29.928571428571427,16.557142857142857,0.0,0,7,12.5,1,28.58,7
Haryana,Jhajjar,2013,45,26.142857142857142,14.62857142857143,2.2,1,5,10.414285714285715,3,23.05,7
Haryana,Jhajjar,2013,46,25.085714285714285,10.914285714285715,0.0,0,7,10.528571428571428,3,24.28,7
Haryana,Jhajjar,2013,47,26.37142857142857,11.557142857142859,0.0,0,7,11.314285714285715,3,23.6,7
Haryana,Jhajjar,2013,48,27.116666666666664,13.35,0.0,0,6,15.1,0,21.59,6
Haryana,Jhajjar,2014,36,31.47142857142857,25.157142857142855,47.2,4,0,19.442857142857143,2,25.14,7
Haryana,Jhajjar,2014,37,32.385714285714286,24.928571428571427,23.6,4,0,10.657142857142857,3,27.33,7
Haryana,Jhajjar,2014,38,34.98571428571429,24.914285714285715,0.1,0,7,14.357142857142858,0,37.75,7
Haryana,Jhajjar,2014,39,36.214285714285715,25.042857142857144,0.0,0,7,18.771428571428572,0,46.12,7
Haryana,Jhajjar,2014,40,36.94285714285714,24.414285714285715,0.7,0,6,12.242857142857144,1,37.72,7
Haryana,Jhajjar,2014,41,35.357142857142854,23.057142857142857,0.7,0,6,11.485714285714286,2,36.56,7
Haryana,Jhajjar,2014,42,30.74285714285714,18.214285714285715,1.7999999999999998,1,4,11.742857142857144,2,29.96,7
Haryana,Jhajjar,2014,43,32.3,20.12857142857143,3.1,1,6,10.757142857142856,2,28.84,7
Haryana,Jhajjar,2014,44,31.02857142857143,18.485714285714288,0.3,0,6,10.714285714285714,3,29.009999999999998,7
Haryana,Jhajjar,2014,45,30.985714285714288,18.15714285714286,0.0,0,7,13.442857142857141,1,29.53,7
Haryana,Jhajjar,2014,46,27.62857142857143,12.685714285714285,0.0,0,7,12.285714285714286,1,29.509999999999998,7
Haryana,Jhajjar,2014,47,27.014285714285712,11.271428571428572,0.0,0,7,10.842857142857143,1,25.58,7
Haryana,Jhajjar,2014,48,27.228571428571428,12.728571428571428,0.0,0,7,10.885714285714286,3,23.64,7
Haryana,Jhajjar,2015,36,35.43333333333333,24.916666666666668,0.0,0,6,16.900000000000002,0,37.0,6
Haryana,Jhajjar,2015,37,36.24285714285714,23.957142857142856,0.0,0,7,15.014285714285716,1,42.07,7
Haryana,Jhajjar,2015,38,35.357142857142854,25.457142857142856,27.1,3,3,12.685714285714285,0,32.8,7
Haryana,Jhajjar,2015,39,32.58571428571428,24.014285714285712,22.1,1,6,15.757142857142856,0,32.49,7
Haryana,Jhajjar,2015,40,34.885714285714286,19.928571428571427,0.0,0,7,13.414285714285715,0,38.08,7
Haryana,Jhajjar,2015,41,36.27142857142857,21.74285714285714,0.0,0,7,16.47142857142857,0,40.83,7
Haryana,Jhajjar,2015,42,34.57142857142857,22.485714285714288,3.6999999999999997,1,5,12.114285714285714,1,32.04,7
Haryana,Jhajjar,2015,43,33.5,20.185714285714287,0.1,0,7,12.357142857142858,1,33.129999999999995,7
Haryana,Jhajjar,2015,44,28.985714285714288,17.2,3.0,1,5,10.057142857142859,4,24.66,7
Haryana,Jhajjar,2015,45,28.900000000000002,18.228571428571428,0.2,0,6,10.242857142857144,5,22.05,7
Haryana,Jhajjar,2015,46,29.314285714285713,17.085714285714285,2.2,1,6,11.457142857142857,3,25.7,7
Haryana,Jhajjar,2015,47,27.37142857142857,13.314285714285715,0.6,0,6,10.671428571428573,3,25.290000000000003,7
Haryana,Jhajjar,2015,48,26.47142857142857,13.742857142857142,0.4,0,6,12.085714285714285,2,21.97,7
Haryana,Jhajjar,2015,49,26.9,14.1,0.0,0,1,8.4,1,2.78,1
Haryana,Jhajjar,2016,35,31.849999999999998,24.95,5.6000000000000005,1,2,16.1,1,17.8,4
Haryana,Jhajjar,2016,36,32.91428571428572,25.0,0.2,0,6,17.271428571428572,0,38.9,7
Haryana,Jhajjar,2016,37,33.8,25.071428571428573,0.0,0,7,10.671428571428573,3,33.94,7
Haryana,Jhajjar,2016,38,33.6,24.97142857142857,1.4,0,4,11.314285714285715,3,30.53,7
Haryana,Jhajjar,2016,39,34.55714285714286,25.32857142857143,0.1,0,7,9.985714285714286,3,31.32,7
Haryana,Jhajjar,2016,40,33.77142857142857,24.32857142857143,12.1,2,3,10.442857142857141,3,28.3,7
Haryana,Jhajjar,2016,41,34.24285714285714,18.942857142857143,0.0,0,7,12.3,1,36.81,7
Haryana,Jhajjar,2016,42,34.07142857142857,18.914285714285715,0.0,0,7,15.157142857142857,0,37.980000000000004,7
Haryana,Jhajjar,2016,43,32.51428571428571,17.47142857142857,0.0,0,7,13.028571428571428,2,33.019999999999996,7
Haryana,Jhajjar,2016,44,30.099999999999998,16.357142857142858,0.0,0,7,9.62857142857143,5,26.64,7
Haryana,Jhajjar,2016,45,29.7,14.928571428571429,0.0,0,7,12.228571428571428,3,28.06,7
Haryana,Jhajjar,2016,46,27.514285714285712,13.914285714285715,0.0,0,7,11.171428571428573,4,24.51,7
Haryana,Jhajjar,2016,47,28.642857142857142,13.857142857142858,0.0,0,7,15.6,1,29.52,7
Haryana,Jhajjar,2016,48,27.400000000000002,12.799999999999999,0.0,0,3,11.666666666666666,1,10.85,3
Haryana,Jhajjar,2017,35,30.066666666666666,24.933333333333334,45.099999999999994,2,0,14.299999999999999,1,7.890000000000001,3
Haryana,Jhajjar,2017,36,33.51428571428571,25.099999999999998,7.6000000000000005,2,3,12.471428571428572,1,31.24,7
Haryana,Jhajjar,2017,37,34.642857142857146,25.842857142857145,0.8,0,6,12.785714285714286,2,30.77,7
Haryana,Jhajjar,2017,38,33.15714285714286,23.228571428571428,16.3,2,5,16.314285714285713,0,29.96,7
Haryana,Jhajjar,2017,39,36.614285714285714,23.542857142857144,0.0,0,7,13.4,0,34.61,7
Haryana,Jhajjar,2017,40,36.84285714285714,22.285714285714285,0.0,0,7,15.071428571428571,1,37.95,7
Haryana,Jhajjar,2017,41,35.614285714285714,22.014285714285712,0.0,0,7,10.485714285714286,4,32.29,7
Haryana,Jhajjar,2017,42,35.32857142857143,19.657142857142855,0.0,0,7,11.9,3,32.36,7
Haryana,Jhajjar,2017,43,32.51428571428571,18.114285714285714,0.0,0,7,12.299999999999999,1,28.7,7
Haryana,Jhajjar,2017,44,30.342857142857145,17.928571428571427,0.0,0,7,9.228571428571428,4,24.04,7
Haryana,Jhajjar,2017,45,29.042857142857144,15.985714285714286,0.0,0,7,9.328571428571427,7,21.99,7
Haryana,Jhajjar,2017,46,26.085714285714285,15.814285714285715,0.7,0,6,12.799999999999999,0,20.23,7
Haryana,Jhajjar,2017,47,24.385714285714283,10.299999999999999,0.0,0,7,12.985714285714286,0,22.91,7
Haryana,Jhajjar,2017,48,25.875,10.0,0.0,0,4,11.375,1,11.65,4
Haryana,Jhajjar,2018,35,31.6,25.8,16.6,1,0,11.3,0,6.03,2
Haryana,Jhajjar,2018,36,31.514285714285712,25.228571428571428,26.2,5,0,15.200000000000001,1,24.47,7
Haryana,Jhajjar,2018,37,32.81428571428571,24.814285714285713,0.8,0,5,14.471428571428572,0,32.39,7
Haryana,Jhajjar,2018,38,32.42857142857143,23.32857142857143,80.9,3,3,18.185714285714287,0,28.75,7
Haryana,Jhajjar,2018,39,31.342857142857145,21.957142857142856,15.9,1,6,13.4,3,27.1,7
Haryana,Jhajjar,2018,40,33.5,20.7,0.2,0,7,11.228571428571428,2,30.57,7
Haryana,Jhajjar,2018,41,31.785714285714285,19.657142857142855,1.5,0,5,12.799999999999999,2,29.64,7
Haryana,Jhajjar,2018,42,32.55714285714286,18.82857142857143,0.0,0,7,11.885714285714286,1,29.14,7
Haryana,Jhajjar,2018,43,31.071428571428573,16.357142857142858,0.0,0,7,10.842857142857143,2,28.09,7
Haryana,Jhajjar,2018,44,29.97142857142857,17.271428571428572,0.0,0,7,12.242857142857144,3,25.08,7
Haryana,Jhajjar,2018,45,27.457142857142856,13.614285714285714,0.0,0,7,10.428571428571429,5,23.77,7
Haryana,Jhajjar,2018,46,27.571428571428573,14.785714285714286,4.1,1,4,14.22857142857143,1,20.88,7
Haryana,Jhajjar,2018,47,27.02857142857143,13.37142857142857,0.2,0,6,13.657142857142858,2,22.22,7
Haryana,Jhajjar,2018,48,25.98,12.6,0.0,0,5,10.66,2,13.08,5
Haryana,Jind,2012,35,32.85,25.1,13.8,2,0,9.850000000000001,1,7.73,2
Haryana,Jind,2012,36,30.47142857142857,25.24285714285714,43.8,6,0,18.657142857142855,1,25.15,7
Haryana,Jind,2012,37,31.842857142857145,25.17142857142857,39.1,5,0,10.314285714285715,4,23.43,7
Haryana,Jind,2012,38,30.642857142857142,22.214285714285715,11.3,2,4,11.314285714285715,1,27.75,7
Haryana,Jind,2012,39,31.82857142857143,19.928571428571427,0.0,0,7,11.814285714285715,1,32.339999999999996,7
Haryana,Jind,2012,40,32.82857142857143,19.5,0.0,0,7,10.799999999999999,1,32.49,7
Haryana,Jind,2012,41,31.900000000000002,17.928571428571427,0.4,0,6,10.700000000000001,2,31.63,7
Haryana,Jind,2012,42,30.214285714285715,17.385714285714286,0.9,0,6,10.442857142857141,6,27.33,7
Haryana,Jind,2012,43,27.67142857142857,15.042857142857143,9.3,1,5,10.271428571428572,4,25.759999999999998,7
Haryana,Jind,2012,44,28.385714285714283,15.685714285714287,0.0,0,7,9.671428571428573,4,25.26,7
Haryana,Jind,2012,45,27.82857142857143,14.4,1.8,1,6,9.971428571428572,3,23.740000000000002,7
Haryana,Jind,2012,46,26.314285714285713,13.114285714285714,0.0,0,7,10.414285714285715,3,22.16,7
Haryana,Jind,2012,47,25.185714285714287,11.271428571428572,0.0,0,7,11.571428571428571,2,22.32,7
Haryana,Jind,2012,48,23.84,10.22,0.2,0,4,11.4,1,14.71,5
Haryana,Jind,2013,35,33.3,26.1,0.0,0,1,15.0,0,4.76,1
Haryana,Jind,2013,36,33.42857142857143,25.3,0.4,0,5,15.014285714285714,1,35.93,7
Haryana,Jind,2013,37,33.72857142857143,24.642857142857142,3.6,1,1,9.957142857142857,3,32.620000000000005,7
Haryana,Jind,2013,38,32.957142857142856,23.52857142857143,36.0,3,3,14.671428571428573,0,30.19,7
Haryana,Jind,2013,39,31.742857142857144,24.599999999999998,29.5,5,1,9.071428571428571,4,26.07,7
Haryana,Jind,2013,40,30.085714285714285,22.842857142857145,15.0,3,3,10.985714285714284,2,24.14,7
Haryana,Jind,2013,41,29.985714285714288,23.228571428571428,8.0,3,3,12.0,2,22.09,7
Haryana,Jind,2013,42,31.142857142857142,20.014285714285712,3.5,1,5,9.314285714285715,5,27.89,7
Haryana,Jind,2013,43,29.928571428571427,18.0,0.0,0,7,9.485714285714286,4,26.759999999999998,7
Haryana,Jind,2013,44,29.12857142857143,16.314285714285713,0.0,0,7,11.971428571428572,1,27.6,7
Haryana,Jind,2013,45,25.599999999999998,13.971428571428572,9.100000000000001,1,5,11.042857142857143,3,22.31,7
Haryana,Jind,2013,46,25.085714285714285,10.585714285714285,0.0,0,7,11.157142857142857,1,24.14,7
Haryana,Jind,2013,47,26.071428571428573,11.299999999999999,0.0,0,7,11.857142857142858,1,23.14,7
Haryana,Jind,2013,48,26.900000000000002,12.966666666666667,0.0,0,6,15.283333333333333,0,21.74,6
Haryana,Jind,2014,36,31.157142857142855,25.085714285714285,50.1,5,0,20.37142857142857,1,24.39,7
Haryana,Jind,2014,37,31.7,24.428571428571427,28.9,4,1,9.6,5,26.7,7
Haryana,Jind,2014,38,33.67142857142857,23.885714285714283,0.7,0,5,11.042857142857143,1,32.989999999999995,7
Haryana,Jind,2014,39,35.18571428571429,23.7,0.0,0,7,15.914285714285715,0,40.95,7
Haryana,Jind,2014,40,35.92857142857143,24.314285714285713,0.2,0,6,11.257142857142856,1,34.29,7
Haryana,Jind,2014,41,34.6,22.5,3.9,1,5,12.171428571428573,2,35.22,7
Haryana,Jind,2014,42,29.47142857142857,17.67142857142857,15.7,1,6,9.885714285714286,3,28.28,7
Haryana,Jind,2014,43,31.1,19.2,3.0,2,5,9.957142857142857,4,27.299999999999997,7
Haryana,Jind,2014,44,29.75714285714286,17.271428571428572,2.9,1,6,11.62857142857143,2,27.85,7
Haryana,Jind,2014,45,30.0,17.714285714285715,0.0,0,7,12.785714285714286,1,28.36,7
Haryana,Jind,2014,46,27.142857142857142,12.414285714285715,0.0,0,7,12.385714285714286,0,28.119999999999997,7
Haryana,Jind,2014,47,26.62857142857143,11.171428571428573,0.0,0,7,11.285714285714286,1,24.87,7
Haryana,Jind,2014,48,26.82857142857143,12.771428571428572,0.0,0,7,11.5,3,22.8,7
Haryana,Jind,2015,36,34.5,23.933333333333334,0.0,0,6,15.416666666666666,0,32.71,6
Haryana,Jind,2015,37,35.22857142857143,22.928571428571427,0.0,0,7,13.357142857142858,0,38.25,7
Haryana,Jind,2015,38,34.25714285714286,24.457142857142856,10.4,3,4,12.071428571428571,2,32.17,7
Haryana,Jind,2015,39,32.0,23.457142857142856,19.5,3,4,14.142857142857142,1,28.55,7
Haryana,Jind,2015,40,34.67142857142857,19.857142857142858,0.0,0,7,12.314285714285715,1,36.91,7
Haryana,Jind,2015,41,36.32857142857143,21.657142857142855,0.0,0,7,13.914285714285715,0,37.35,7
Haryana,Jind,2015,42,33.68571428571429,21.957142857142856,9.1,2,5,12.671428571428569,2,30.42,7
Haryana,Jind,2015,43,32.74285714285714,19.442857142857143,2.1,1,5,11.814285714285715,2,31.83,7
Haryana,Jind,2015,44,28.97142857142857,16.557142857142857,6.5,1,4,10.285714285714286,4,25.75,7
Haryana,Jind,2015,45,28.571428571428573,17.385714285714283,2.8,1,5,11.328571428571427,3,23.21,7
Haryana,Jind,2015,46,29.085714285714285,16.842857142857145,1.0,0,6,12.642857142857142,1,26.18,7
Haryana,Jind,2015,47,27.599999999999998,12.928571428571429,0.0,0,7,11.657142857142857,2,25.71,7
Haryana,Jind,2015,48,26.0,13.385714285714286,0.0,0,7,13.685714285714285,1,21.22,7
Haryana,Jind,2015,49,26.0,13.3,0.0,0,1,8.4,1,2.62,1
Haryana,Jind,2016,35,31.900000000000002,24.775,3.5,1,2,14.225,1,17.310000000000002,4
Haryana,Jind,2016,36,33.714285714285715,25.442857142857143,0.0,0,7,15.442857142857141,0,38.09,7
Haryana,Jind,2016,37,35.042857142857144,25.014285714285712,0.0,0,7,10.471428571428572,4,35.269999999999996,7
Haryana,Jind,2016,38,34.67142857142857,25.228571428571428,3.7,1,3,12.114285714285714,3,32.25,7
Haryana,Jind,2016,39,35.142857142857146,25.214285714285715,1.5,1,6,9.1,5,30.95,7
Haryana,Jind,2016,40,34.15714285714286,23.957142857142856,12.6,1,4,9.742857142857144,4,28.46,7
Haryana,Jind,2016,41,34.871428571428574,19.642857142857142,0.0,0,7,12.485714285714286,0,38.62,7
Haryana,Jind,2016,42,34.55714285714286,19.142857142857142,0.0,0,7,13.799999999999999,0,37.61,7
Haryana,Jind,2016,43,32.81428571428572,17.928571428571427,0.0,0,7,12.157142857142857,2,32.74,7
Haryana,Jind,2016,44,30.614285714285717,16.485714285714288,0.0,0,7,10.185714285714285,5,27.46,7
Haryana,Jind,2016,45,30.042857142857144,15.642857142857142,0.0,0,7,13.171428571428573,1,28.560000000000002,7
Haryana,Jind,2016,46,28.12857142857143,14.228571428571428,0.0,0,7,11.828571428571427,4,26.26,7
Haryana,Jind,2016,47,29.285714285714285,14.357142857142858,0.0,0,7,16.157142857142855,0,29.92,7
Haryana,Jind,2016,48,27.7,13.333333333333334,0.0,0,3,12.1,1,10.860000000000001,3
Haryana,Jind,2017,35,29.766666666666666,24.3,23.200000000000003,3,0,13.966666666666667,1,8.46,3
Haryana,Jind,2017,36,32.728571428571435,24.614285714285717,9.0,2,3,11.428571428571429,1,30.68,7
Haryana,Jind,2017,37,33.65714285714286,24.442857142857143,0.3,0,6,11.385714285714286,1,30.12,7
Haryana,Jind,2017,38,32.142857142857146,22.185714285714287,33.0,2,5,13.271428571428572,1,27.92,7
Haryana,Jind,2017,39,34.65714285714286,22.457142857142856,0.0,0,7,10.014285714285714,4,31.55,7
Haryana,Jind,2017,40,34.98571428571429,20.97142857142857,0.0,0,7,11.585714285714285,1,32.84,7
Haryana,Jind,2017,41,34.18571428571429,21.071428571428573,0.0,0,7,9.6,4,29.759999999999998,7
Haryana,Jind,2017,42,33.68571428571428,18.557142857142857,0.1,0,7,11.685714285714287,2,29.78,7
Haryana,Jind,2017,43,31.12857142857143,17.142857142857142,0.0,0,7,10.685714285714285,4,27.259999999999998,7
Haryana,Jind,2017,44,29.014285714285712,17.014285714285712,0.0,0,7,8.085714285714285,7,21.6,7
Haryana,Jind,2017,45,27.771428571428572,16.157142857142855,0.0,0,7,9.128571428571428,7,19.86,7
Haryana,Jind,2017,46,25.057142857142857,14.771428571428572,0.6,0,6,12.928571428571429,2,18.25,7
Haryana,Jind,2017,47,24.014285714285712,10.057142857142859,0.0,0,7,13.014285714285714,0,20.990000000000002,7
Haryana,Jind,2017,48,24.975,9.5,0.0,0,4,11.125,1,10.7,4
Haryana,Jind,2018,35,31.05,26.049999999999997,27.4,2,0,10.3,1,5.67,2
Haryana,Jind,2018,36,31.514285714285712,25.37142857142857,25.7,6,1,13.157142857142857,1,23.619999999999997,7
Haryana,Jind,2018,37,32.72857142857143,24.885714285714283,1.7000000000000002,1,5,13.485714285714286,2,32.17,7
Haryana,Jind,2018,38,31.928571428571427,22.657142857142855,55.7,3,4,16.95714285714286,0,27.4,7
Haryana,Jind,2018,39,30.457142857142856,21.857142857142858,76.69999999999999,1,6,12.914285714285715,1,24.810000000000002,7
Haryana,Jind,2018,40,32.07142857142857,20.042857142857144,1.9,1,6,10.728571428571428,4,29.03,7
Haryana,Jind,2018,41,30.357142857142858,18.814285714285713,5.0,1,6,13.828571428571427,1,27.37,7
Haryana,Jind,2018,42,31.057142857142857,17.514285714285712,0.4,0,6,12.299999999999999,1,27.37,7
Haryana,Jind,2018,43,29.942857142857143,15.685714285714285,0.0,0,7,10.642857142857142,2,26.11,7
Haryana,Jind,2018,44,28.485714285714288,16.428571428571427,0.4,0,6,12.757142857142856,3,23.009999999999998,7
Haryana,Jind,2018,45,26.814285714285713,12.771428571428572,0.0,0,7,10.728571428571428,4,22.85,7
Haryana,Jind,2018,46,26.52857142857143,14.185714285714285,5.0,1,6,13.37142857142857,1,20.09,7
Haryana,Jind,2018,47,26.32857142857143,12.971428571428572,0.0,0,7,13.87142857142857,2,21.62,7
Haryana,Jind,2018,48,25.56,12.219999999999999,0.0,0,5,10.34,3,12.4,5
Haryana,Kaithal,2012,35,32.45,25.1,15.700000000000001,2,0,9.100000000000001,1,7.449999999999999,2
Haryana,Kaithal,2012,36,30.685714285714287,25.17142857142857,36.5,6,1,17.12857142857143,1,24.97,7
Haryana,Kaithal,2012,37,31.52857142857143,24.928571428571427,39.0,5,0,9.885714285714286,5,23.34,7
Haryana,Kaithal,2012,38,30.114285714285717,21.942857142857143,20.2,3,4,11.557142857142859,2,27.2,7
Haryana,Kaithal,2012,39,31.37142857142857,20.028571428571432,0.0,0,7,12.814285714285715,0,31.82,7
Haryana,Kaithal,2012,40,32.114285714285714,19.485714285714288,0.0,0,7,12.114285714285714,1,32.17,7
Haryana,Kaithal,2012,41,31.0,17.314285714285713,0.0,0,7,10.87142857142857,3,30.79,7
Haryana,Kaithal,2012,42,29.442857142857143,17.02857142857143,3.5,2,5,10.885714285714286,4,26.799999999999997,7
Haryana,Kaithal,2012,43,27.285714285714285,14.085714285714285,2.6,1,6,11.314285714285715,2,25.98,7
Haryana,Kaithal,2012,44,28.071428571428573,15.12857142857143,0.0,0,7,9.87142857142857,4,25.09,7
Haryana,Kaithal,2012,45,27.12857142857143,13.828571428571427,3.8,1,6,10.157142857142857,3,23.06,7
Haryana,Kaithal,2012,46,25.785714285714285,12.985714285714284,0.0,0,7,10.585714285714285,3,21.68,7
Haryana,Kaithal,2012,47,24.485714285714288,10.971428571428572,0.0,0,7,11.471428571428572,3,21.46,7
Haryana,Kaithal,2012,48,23.2,10.4,0.6,0,4,11.959999999999999,0,14.309999999999999,5
Haryana,Kaithal,2013,35,32.5,24.9,0.4,0,0,15.1,0,4.43,1
Haryana,Kaithal,2013,36,32.55714285714286,24.428571428571427,1.0,0,4,14.142857142857142,0,32.87,7
Haryana,Kaithal,2013,37,32.68571428571429,23.914285714285715,2.0,0,3,9.700000000000001,4,31.119999999999997,7
Haryana,Kaithal,2013,38,32.41428571428572,22.542857142857144,32.1,3,4,12.742857142857144,1,29.439999999999998,7
Haryana,Kaithal,2013,39,31.771428571428572,23.942857142857143,25.9,4,1,9.071428571428571,4,25.93,7
Haryana,Kaithal,2013,40,30.557142857142857,22.87142857142857,12.9,2,4,10.37142857142857,3,24.43,7
Haryana,Kaithal,2013,41,29.771428571428572,22.985714285714288,11.399999999999999,3,0,11.0,3,20.84,7
Haryana,Kaithal,2013,42,31.185714285714287,19.02857142857143,1.7,1,6,9.614285714285714,5,28.259999999999998,7
Haryana,Kaithal,2013,43,29.814285714285713,17.514285714285712,0.0,0,7,9.200000000000001,5,26.33,7
Haryana,Kaithal,2013,44,28.714285714285715,16.485714285714288,0.1,0,7,12.342857142857143,1,27.52,7
Haryana,Kaithal,2013,45,25.142857142857142,13.157142857142857,8.2,2,5,10.857142857142858,3,21.62,7
Haryana,Kaithal,2013,46,25.0,10.414285714285715,0.0,0,7,11.014285714285714,0,23.54,7
Haryana,Kaithal,2013,47,25.514285714285712,11.0,0.0,0,7,12.0,1,22.72,7
Haryana,Kaithal,2013,48,26.266666666666666,12.9,0.0,0,6,15.733333333333334,0,21.94,6
Haryana,Kaithal,2014,36,30.771428571428572,24.942857142857143,71.3,7,0,19.185714285714287,1,23.59,7
Haryana,Kaithal,2014,37,31.4,24.271428571428572,31.8,4,1,9.157142857142857,4,26.16,7
Haryana,Kaithal,2014,38,33.67142857142857,23.842857142857145,1.0,0,4,11.114285714285714,1,32.75,7
Haryana,Kaithal,2014,39,35.01428571428572,23.442857142857143,0.0,0,7,15.214285714285714,0,39.29,7
Haryana,Kaithal,2014,40,35.028571428571425,23.942857142857143,1.7000000000000002,1,6,11.957142857142857,1,31.81,7
Haryana,Kaithal,2014,41,34.41428571428572,22.014285714285712,2.6,1,6,11.700000000000001,2,34.54,7
Haryana,Kaithal,2014,42,29.52857142857143,17.442857142857143,18.7,1,6,9.814285714285715,3,28.13,7
Haryana,Kaithal,2014,43,30.814285714285713,18.714285714285715,3.6,1,4,9.614285714285714,5,26.45,7
Haryana,Kaithal,2014,44,29.414285714285715,16.928571428571427,0.8,0,6,11.185714285714285,3,28.02,7
Haryana,Kaithal,2014,45,29.685714285714287,17.5,0.0,0,7,13.414285714285715,1,28.68,7
Haryana,Kaithal,2014,46,27.157142857142855,12.457142857142857,0.0,0,7,12.685714285714285,0,28.11,7
Haryana,Kaithal,2014,47,26.599999999999998,11.257142857142856,0.0,0,7,11.685714285714285,0,25.17,7
Haryana,Kaithal,2014,48,26.514285714285712,12.5,0.0,0,7,11.985714285714286,3,22.89,7
Haryana,Kaithal,2015,36,33.25,23.833333333333332,0.0,0,6,15.533333333333331,0,30.69,6
Haryana,Kaithal,2015,37,33.92857142857143,22.12857142857143,0.0,0,7,14.1,0,36.89,7
Haryana,Kaithal,2015,38,33.042857142857144,23.728571428571428,11.899999999999999,3,4,10.942857142857141,2,30.15,7
Haryana,Kaithal,2015,39,30.75714285714286,22.585714285714285,30.5,2,3,14.285714285714286,2,26.17,7
Haryana,Kaithal,2015,40,32.92857142857143,19.557142857142857,0.0,0,7,12.514285714285714,1,34.53,7
Haryana,Kaithal,2015,41,34.714285714285715,20.74285714285714,0.0,0,7,12.714285714285714,2,34.9,7
Haryana,Kaithal,2015,42,32.32857142857143,21.557142857142857,4.9,1,4,12.700000000000001,2,28.92,7
Haryana,Kaithal,2015,43,31.885714285714283,18.82857142857143,4.0,1,4,12.614285714285714,1,30.97,7
Haryana,Kaithal,2015,44,27.985714285714288,15.957142857142857,15.799999999999999,1,6,10.299999999999999,4,24.72,7
Haryana,Kaithal,2015,45,27.614285714285717,16.357142857142858,2.6,1,5,10.728571428571428,4,21.669999999999998,7
Haryana,Kaithal,2015,46,27.885714285714283,16.114285714285714,0.0,0,7,13.6,0,25.03,7
Haryana,Kaithal,2015,47,26.614285714285717,12.114285714285714,0.0,0,7,11.957142857142857,1,23.77,7
Haryana,Kaithal,2015,48,25.400000000000002,13.200000000000001,0.3,0,6,13.257142857142856,1,20.05,7
Haryana,Kaithal,2015,49,25.7,14.0,0.0,0,1,7.9,1,2.42,1
Haryana,Kaithal,2016,35,31.700000000000003,24.675,3.6,1,2,14.025,1,16.96,4
Haryana,Kaithal,2016,36,34.285714285714285,25.74285714285714,0.2,0,6,14.285714285714286,0,37.08,7
Haryana,Kaithal,2016,37,35.42857142857143,24.7,0.3,0,6,10.12857142857143,4,34.81,7
Haryana,Kaithal,2016,38,34.42857142857143,24.82857142857143,3.0999999999999996,1,3,11.528571428571428,4,30.63,7
Haryana,Kaithal,2016,39,34.971428571428575,24.97142857142857,1.8,1,4,9.771428571428572,3,29.919999999999998,7
Haryana,Kaithal,2016,40,34.72857142857143,23.885714285714283,9.100000000000001,2,4,10.214285714285714,2,29.73,7
Haryana,Kaithal,2016,41,34.9,19.62857142857143,0.0,0,7,13.328571428571427,0,39.28,7
Haryana,Kaithal,2016,42,34.214285714285715,19.071428571428573,0.0,0,7,13.014285714285714,0,36.31,7
Haryana,Kaithal,2016,43,32.028571428571425,17.87142857142857,0.0,0,7,12.557142857142859,2,32.07,7
Haryana,Kaithal,2016,44,30.142857142857142,16.185714285714287,0.0,0,7,10.357142857142858,4,26.72,7
Haryana,Kaithal,2016,45,29.385714285714283,15.299999999999999,0.1,0,7,13.314285714285715,2,27.84,7
Haryana,Kaithal,2016,46,27.74285714285714,13.757142857142856,0.0,0,7,12.085714285714285,3,25.72,7
Haryana,Kaithal,2016,47,28.67142857142857,14.457142857142857,0.0,0,7,16.685714285714287,0,29.23,7
Haryana,Kaithal,2016,48,26.833333333333332,12.833333333333334,0.0,0,3,12.166666666666666,1,10.15,3
Haryana,Kaithal,2017,35,29.433333333333334,24.099999999999998,30.099999999999998,3,0,12.200000000000001,1,8.39,3
Haryana,Kaithal,2017,36,32.0,24.37142857142857,5.5,2,3,12.657142857142857,0,29.41,7
Haryana,Kaithal,2017,37,32.65714285714286,23.8,0.0,0,7,12.985714285714286,0,30.560000000000002,7
Haryana,Kaithal,2017,38,31.342857142857145,21.957142857142856,26.1,2,5,11.7,1,26.48,7
Haryana,Kaithal,2017,39,33.08571428571428,21.942857142857143,0.0,0,7,10.814285714285715,3,30.76,7
Haryana,Kaithal,2017,40,33.285714285714285,20.62857142857143,0.0,0,7,11.157142857142857,2,31.97,7
Haryana,Kaithal,2017,41,32.885714285714286,20.585714285714285,0.0,0,7,9.014285714285714,4,28.68,7
Haryana,Kaithal,2017,42,32.471428571428575,18.228571428571428,0.0,0,7,11.014285714285714,2,28.84,7
Haryana,Kaithal,2017,43,30.02857142857143,16.314285714285713,0.0,0,7,10.271428571428572,4,25.38,7
Haryana,Kaithal,2017,44,28.214285714285715,16.057142857142857,0.0,0,7,8.242857142857144,7,20.58,7
Haryana,Kaithal,2017,45,27.12857142857143,14.957142857142857,0.0,0,7,9.171428571428573,7,19.15,7
Haryana,Kaithal,2017,46,24.428571428571427,14.342857142857143,1.9000000000000001,0,4,13.171428571428573,0,17.51,7
Haryana,Kaithal,2017,47,23.271428571428572,10.028571428571428,0.0,0,7,13.657142857142857,0,20.28,7
Haryana,Kaithal,2017,48,23.95,9.525,0.0,0,4,11.7,1,10.16,4
Haryana,Kaithal,2018,35,30.65,26.2,17.8,2,0,10.65,1,5.05,2
Haryana,Kaithal,2018,36,31.0,25.271428571428572,39.2,6,0,11.242857142857144,3,22.22,7
Haryana,Kaithal,2018,37,32.05714285714286,24.571428571428573,1.6,0,5,11.071428571428571,4,30.78,7
Haryana,Kaithal,2018,38,30.8,22.32857142857143,69.9,3,4,17.3,0,26.55,7
Haryana,Kaithal,2018,39,30.12857142857143,21.75714285714286,84.89999999999999,2,5,12.814285714285715,1,24.14,7
Haryana,Kaithal,2018,40,31.671428571428574,19.914285714285715,0.0,0,7,10.928571428571429,3,29.58,7
Haryana,Kaithal,2018,41,29.728571428571428,18.62857142857143,5.1,2,5,14.0,2,26.84,7
Haryana,Kaithal,2018,42,30.24285714285714,16.928571428571427,0.0,0,7,10.271428571428572,2,26.62,7
Haryana,Kaithal,2018,43,29.314285714285713,15.042857142857143,0.0,0,7,11.471428571428572,3,25.990000000000002,7
Haryana,Kaithal,2018,44,27.74285714285714,16.014285714285716,2.8,2,5,13.4,3,22.12,7
Haryana,Kaithal,2018,45,26.142857142857142,12.942857142857145,0.0,0,7,10.957142857142857,4,22.0,7
Haryana,Kaithal,2018,46,25.814285714285713,13.571428571428571,6.8999999999999995,1,5,14.514285714285714,1,20.01,7
Haryana,Kaithal,2018,47,25.642857142857142,13.057142857142859,0.0,0,7,14.0,2,20.91,7
Haryana,Kaithal,2018,48,24.9,12.36,0.0,0,5,10.86,2,12.14,5
Haryana,Karnal,2012,35,32.0,25.0,11.600000000000001,2,0,8.649999999999999,1,7.0,2
Haryana,Karnal,2012,36,30.47142857142857,25.17142857142857,36.5,5,1,17.0,1,24.86,7
Haryana,Karnal,2012,37,31.485714285714284,24.97142857142857,34.4,6,0,10.085714285714285,4,22.43,7
Haryana,Karnal,2012,38,30.214285714285715,22.285714285714285,40.5,3,4,12.685714285714285,2,27.130000000000003,7
Haryana,Karnal,2012,39,31.314285714285713,20.67142857142857,0.0,0,7,14.185714285714285,0,32.26,7
Haryana,Karnal,2012,40,32.0,19.485714285714288,0.0,0,7,13.885714285714286,1,32.24,7
Haryana,Karnal,2012,41,30.914285714285715,17.47142857142857,0.0,0,7,10.914285714285715,3,30.49,7
Haryana,Karnal,2012,42,29.5,17.142857142857142,2.6,1,5,11.414285714285715,3,26.83,7
Haryana,Karnal,2012,43,27.357142857142858,14.614285714285714,0.8,0,6,12.2,3,26.57,7
Haryana,Karnal,2012,44,27.942857142857143,15.171428571428573,0.0,0,7,10.014285714285714,3,24.81,7
Haryana,Karnal,2012,45,27.0,13.857142857142858,1.0,0,5,11.214285714285714,2,23.12,7
Haryana,Karnal,2012,46,25.74285714285714,13.657142857142857,0.0,0,7,11.085714285714285,2,21.9,7
Haryana,Karnal,2012,47,24.514285714285712,11.485714285714286,0.0,0,7,11.957142857142857,3,21.96,7
Haryana,Karnal,2012,48,23.4,10.8,0.5,0,4,12.9,1,15.01,5
Haryana,Karnal,2013,35,32.1,24.9,0.7,0,0,15.8,0,4.34,1
Haryana,Karnal,2013,36,32.22857142857143,24.400000000000002,2.8,1,1,15.214285714285714,0,32.23,7
Haryana,Karnal,2013,37,32.300000000000004,23.728571428571428,3.2,1,2,9.985714285714286,5,30.5,7
Haryana,Karnal,2013,38,31.928571428571427,22.37142857142857,22.8,3,3,12.685714285714285,1,28.7,7
Haryana,Karnal,2013,39,31.414285714285715,23.900000000000002,25.900000000000002,4,0,9.271428571428572,4,25.3,7
Haryana,Karnal,2013,40,30.157142857142855,22.74285714285714,17.6,2,3,10.357142857142858,4,23.87,7
Haryana,Karnal,2013,41,29.357142857142858,22.87142857142857,9.799999999999999,2,1,10.771428571428572,4,19.64,7
Haryana,Karnal,2013,42,30.442857142857143,19.142857142857142,0.6,0,6,10.385714285714286,3,27.46,7
Haryana,Karnal,2013,43,29.114285714285717,17.4,0.0,0,7,9.342857142857143,6,25.43,7
Haryana,Karnal,2013,44,28.228571428571428,16.357142857142858,1.0,0,5,12.842857142857143,2,26.759999999999998,7
Haryana,Karnal,2013,45,25.099999999999998,13.257142857142856,3.3000000000000003,2,5,11.157142857142857,3,21.31,7
Haryana,Karnal,2013,46,24.814285714285713,11.185714285714285,0.0,0,7,11.314285714285715,0,23.44,7
Haryana,Karnal,2013,47,25.114285714285717,11.200000000000001,0.0,0,7,12.185714285714285,2,22.48,7
Haryana,Karnal,2013,48,25.983333333333334,13.433333333333332,0.0,0,6,17.216666666666665,1,23.06,6
Haryana,Karnal,2014,36,30.428571428571427,24.885714285714283,55.0,7,0,18.571428571428573,1,23.830000000000002,7
Haryana,Karnal,2014,37,31.12857142857143,23.985714285714288,20.4,4,0,9.299999999999999,4,25.18,7
Haryana,Karnal,2014,38,33.199999999999996,23.385714285714283,0.4,0,6,11.62857142857143,2,32.78,7
Haryana,Karnal,2014,39,34.114285714285714,23.485714285714288,0.3,0,6,16.214285714285715,0,38.48,7
Haryana,Karnal,2014,40,33.714285714285715,23.47142857142857,1.5000000000000002,1,5,12.528571428571428,1,30.07,7
Haryana,Karnal,2014,41,33.714285714285715,21.571428571428573,0.8,0,5,11.771428571428572,2,33.7,7
Haryana,Karnal,2014,42,29.17142857142857,17.414285714285715,7.1,1,6,11.414285714285715,2,27.47,7
Haryana,Karnal,2014,43,30.17142857142857,18.514285714285712,3.6,1,6,9.328571428571427,5,25.68,7
Haryana,Karnal,2014,44,29.071428571428573,17.071428571428573,0.0,0,7,12.071428571428571,2,28.22,7
Haryana,Karnal,2014,45,29.557142857142857,17.67142857142857,0.0,0,7,15.342857142857143,0,29.98,7
Haryana,Karnal,2014,46,26.785714285714285,13.271428571428572,0.0,0,7,14.057142857142859,0,28.67,7
Haryana,Karnal,2014,47,26.185714285714287,11.671428571428573,0.0,0,7,12.185714285714285,0,25.04,7
Haryana,Karnal,2014,48,26.142857142857142,12.642857142857142,0.2,0,6,12.442857142857141,3,22.89,7
Haryana,Karnal,2015,36,33.083333333333336,23.96666666666667,0.0,0,6,17.333333333333332,0,30.96,6
Haryana,Karnal,2015,37,33.857142857142854,22.485714285714288,0.0,0,7,15.714285714285714,0,37.59,7
Haryana,Karnal,2015,38,33.0,23.785714285714285,6.5,1,3,9.757142857142856,4,29.22,7
Haryana,Karnal,2015,39,30.842857142857145,22.87142857142857,29.8,2,1,15.72857142857143,2,26.86,7
Haryana,Karnal,2015,40,32.51428571428571,19.785714285714285,0.0,0,7,13.042857142857143,1,34.28,7
Haryana,Karnal,2015,41,34.214285714285715,20.74285714285714,0.0,0,7,13.085714285714285,0,34.1,7
Haryana,Karnal,2015,42,32.18571428571429,21.528571428571432,2.9,1,4,13.085714285714285,1,28.38,7
Haryana,Karnal,2015,43,31.885714285714283,19.071428571428573,2.0,1,4,13.657142857142858,1,31.92,7
Haryana,Karnal,2015,44,28.52857142857143,16.385714285714286,5.6,1,4,10.842857142857143,3,25.11,7
Haryana,Karnal,2015,45,27.685714285714287,16.52857142857143,14.7,1,4,9.828571428571427,5,21.53,7
Haryana,Karnal,2015,46,28.071428571428573,16.5,0.0,0,7,14.442857142857145,1,26.16,7
Haryana,Karnal,2015,47,26.585714285714285,13.042857142857143,0.0,0,7,11.642857142857142,4,23.44,7
Haryana,Karnal,2015,48,25.5,13.642857142857142,0.5,0,6,13.12857142857143,1,19.95,7
Haryana,Karnal,2015,49,25.9,15.1,0.0,0,1,8.2,1,2.33,1
Haryana,Karnal,2016,35,31.15,24.45,6.9,1,2,14.850000000000001,1,16.44,4
Haryana,Karnal,2016,36,32.642857142857146,25.099999999999998,0.0,0,7,15.085714285714285,0,33.53,7
Haryana,Karnal,2016,37,33.08571428571428,23.45714285714286,0.0,0,7,10.157142857142857,4,31.57,7
Haryana,Karnal,2016,38,32.17142857142857,23.87142857142857,3.4,1,2,11.414285714285715,4,27.36,7
Haryana,Karnal,2016,39,32.885714285714286,24.214285714285715,1.4,0,4,9.828571428571427,3,27.2,7
Haryana,Karnal,2016,40,32.9,23.085714285714285,6.8,2,5,10.357142857142858,3,27.71,7
Haryana,Karnal,2016,41,33.371428571428574,19.37142857142857,0.0,0,7,14.62857142857143,0,37.1,7
Haryana,Karnal,2016,42,32.77142857142857,18.542857142857144,0.0,0,7,13.528571428571428,1,34.39,7
Haryana,Karnal,2016,43,31.0,17.442857142857143,0.0,0,7,13.314285714285715,2,31.21,7
Haryana,Karnal,2016,44,29.214285714285715,15.771428571428572,0.0,0,7,10.37142857142857,4,25.63,7
Haryana,Karnal,2016,45,28.485714285714288,14.885714285714286,0.0,0,7,12.785714285714286,4,26.73,7
Haryana,Karnal,2016,46,27.02857142857143,13.62857142857143,0.0,0,7,12.5,2,25.03,7
Haryana,Karnal,2016,47,28.157142857142855,14.957142857142857,0.0,0,7,18.357142857142858,0,30.27,7
Haryana,Karnal,2016,48,26.0,12.966666666666667,0.0,0,3,12.366666666666667,2,9.54,3
Haryana,Karnal,2017,35,29.03333333333333,24.03333333333333,87.4,3,0,13.266666666666666,0,8.059999999999999,3
Haryana,Karnal,2017,36,31.571428571428573,24.157142857142855,4.699999999999999,2,2,12.671428571428573,2,29.07,7
Haryana,Karnal,2017,37,32.22857142857143,23.857142857142858,0.4,0,6,12.357142857142858,0,29.95,7
Haryana,Karnal,2017,38,30.985714285714288,22.957142857142856,119.0,2,4,11.514285714285714,2,24.55,7
Haryana,Karnal,2017,39,32.357142857142854,22.185714285714287,0.0,0,7,11.514285714285714,2,30.259999999999998,7
Haryana,Karnal,2017,40,32.357142857142854,20.814285714285713,0.0,0,7,10.4,1,30.68,7
Haryana,Karnal,2017,41,32.285714285714285,20.24285714285714,0.0,0,7,9.62857142857143,4,28.759999999999998,7
Haryana,Karnal,2017,42,31.857142857142858,17.928571428571427,0.0,0,7,11.542857142857143,1,28.2,7
Haryana,Karnal,2017,43,29.571428571428573,16.342857142857145,0.0,0,7,10.257142857142856,5,25.26,7
Haryana,Karnal,2017,44,27.97142857142857,16.24285714285714,0.0,0,7,8.87142857142857,7,20.75,7
Haryana,Karnal,2017,45,26.985714285714288,14.714285714285714,0.0,0,7,9.614285714285714,5,19.33,7
Haryana,Karnal,2017,46,24.67142857142857,14.457142857142857,0.1,0,7,12.014285714285714,2,17.54,7
Haryana,Karnal,2017,47,23.085714285714285,10.5,0.0,0,7,13.599999999999998,0,20.95,7
Haryana,Karnal,2017,48,23.75,9.975,0.0,0,4,12.0,1,10.47,4
Haryana,Karnal,2018,35,29.65,25.6,12.9,2,0,9.85,1,4.390000000000001,2
Haryana,Karnal,2018,36,30.785714285714285,24.985714285714288,46.300000000000004,5,0,11.442857142857141,3,21.41,7
Haryana,Karnal,2018,37,31.599999999999998,24.414285714285715,4.5,2,5,12.242857142857142,2,30.23,7
Haryana,Karnal,2018,38,30.599999999999998,22.02857142857143,57.4,3,4,17.557142857142857,1,26.33,7
Haryana,Karnal,2018,39,29.885714285714283,22.042857142857144,58.800000000000004,1,3,13.742857142857144,1,24.27,7
Haryana,Karnal,2018,40,31.542857142857144,19.842857142857145,0.0,0,7,11.928571428571429,0,29.919999999999998,7
Haryana,Karnal,2018,41,29.585714285714285,18.571428571428573,2.4000000000000004,1,5,14.085714285714285,1,26.98,7
Haryana,Karnal,2018,42,30.142857142857142,17.04285714285714,0.0,0,7,11.185714285714285,4,26.46,7
Haryana,Karnal,2018,43,29.042857142857144,14.685714285714285,0.0,0,7,12.414285714285715,1,26.29,7
Haryana,Karnal,2018,44,27.514285714285712,15.9,0.8999999999999999,0,5,13.700000000000001,3,21.99,7
Haryana,Karnal,2018,45,25.885714285714283,13.228571428571428,0.0,0,7,11.957142857142857,1,22.09,7
Haryana,Karnal,2018,46,25.67142857142857,13.62857142857143,7.7,2,5,14.828571428571427,1,20.42,7
Haryana,Karnal,2018,47,25.25714285714286,12.928571428571429,0.0,0,7,14.257142857142856,0,21.15,7
Haryana,Karnal,2018,48,24.72,12.28,0.0,0,5,11.02,2,11.95,5
Haryana,Kurukshetra,2012,35,32.45,24.9,14.6,2,0,9.149999999999999,1,7.24,2
Haryana,Kurukshetra,2012,36,30.8,25.099999999999998,34.8,6,1,15.528571428571428,1,24.84,7
Haryana,Kurukshetra,2012,37,31.285714285714285,24.928571428571427,34.1,6,0,9.642857142857142,5,22.87,7
Haryana,Kurukshetra,2012,38,30.228571428571428,22.142857142857142,33.1,3,4,12.614285714285714,2,26.95,7
Haryana,Kurukshetra,2012,39,31.400000000000002,20.7,0.0,0,7,13.87142857142857,0,32.11,7
Haryana,Kurukshetra,2012,40,32.15714285714286,20.400000000000002,0.0,0,7,13.642857142857142,1,32.61,7
Haryana,Kurukshetra,2012,41,31.042857142857144,17.7,0.0,0,7,11.057142857142859,3,30.82,7
Haryana,Kurukshetra,2012,42,29.3,17.0,4.5,1,5,11.12857142857143,5,26.48,7
Haryana,Kurukshetra,2012,43,27.414285714285715,14.814285714285715,0.0,0,7,11.614285714285714,3,26.650000000000002,7
Haryana,Kurukshetra,2012,44,28.114285714285717,15.214285714285714,0.0,0,7,10.042857142857143,4,24.97,7
Haryana,Kurukshetra,2012,45,27.02857142857143,14.114285714285714,1.2000000000000002,0,5,11.228571428571428,2,23.259999999999998,7
Haryana,Kurukshetra,2012,46,25.885714285714283,13.5,0.0,0,7,11.27142857142857,2,22.0,7
Haryana,Kurukshetra,2012,47,24.599999999999998,11.4,0.0,0,7,11.771428571428572,3,21.77,7
Haryana,Kurukshetra,2012,48,23.3,11.059999999999999,1.3,1,4,13.040000000000001,1,14.879999999999999,5
Haryana,Kurukshetra,2013,35,32.3,24.8,0.4,0,0,15.8,0,4.44,1
Haryana,Kurukshetra,2013,36,32.01428571428571,24.25714285714286,3.8,2,5,14.1,1,30.98,7
Haryana,Kurukshetra,2013,37,32.042857142857144,23.614285714285717,2.6,1,3,10.242857142857144,3,30.16,7
Haryana,Kurukshetra,2013,38,31.842857142857145,22.457142857142856,13.7,3,3,12.342857142857143,2,29.01,7
Haryana,Kurukshetra,2013,39,31.542857142857144,23.957142857142856,19.1,5,1,9.171428571428573,4,25.48,7
Haryana,Kurukshetra,2013,40,30.37142857142857,22.657142857142855,13.8,1,3,10.442857142857141,4,24.03,7
Haryana,Kurukshetra,2013,41,29.542857142857144,22.857142857142858,14.299999999999999,3,0,11.6,3,19.73,7
Haryana,Kurukshetra,2013,42,30.74285714285714,18.942857142857143,0.7,0,6,10.471428571428572,2,28.09,7
Haryana,Kurukshetra,2013,43,29.32857142857143,17.185714285714287,0.0,0,7,9.314285714285715,6,25.66,7
Haryana,Kurukshetra,2013,44,28.3,16.014285714285716,1.4000000000000001,1,5,12.685714285714285,3,26.96,7
Haryana,Kurukshetra,2013,45,25.0,13.014285714285714,4.199999999999999,2,5,11.385714285714286,2,21.09,7
Haryana,Kurukshetra,2013,46,24.957142857142856,10.728571428571428,0.0,0,7,11.228571428571428,1,22.92,7
Haryana,Kurukshetra,2013,47,25.0,11.614285714285714,0.0,0,7,12.242857142857144,1,22.31,7
Haryana,Kurukshetra,2013,48,25.866666666666664,13.483333333333334,0.0,0,6,17.05,0,22.88,6
Haryana,Kurukshetra,2014,36,30.599999999999998,24.900000000000002,48.7,6,0,17.84285714285714,1,23.17,7
Haryana,Kurukshetra,2014,37,31.142857142857142,24.057142857142857,22.9,5,1,9.771428571428572,3,25.41,7
Haryana,Kurukshetra,2014,38,33.357142857142854,23.228571428571428,0.5,0,5,12.142857142857142,1,32.98,7
Haryana,Kurukshetra,2014,39,33.91428571428572,23.314285714285713,0.6,0,6,15.728571428571428,0,37.27,7
Haryana,Kurukshetra,2014,40,33.02857142857143,22.985714285714288,3.3,1,5,12.571428571428571,1,29.130000000000003,7
Haryana,Kurukshetra,2014,41,33.4,21.585714285714285,0.8,0,6,12.028571428571428,2,33.26,7
Haryana,Kurukshetra,2014,42,29.185714285714287,17.314285714285713,9.2,1,6,10.814285714285715,2,27.380000000000003,7
Haryana,Kurukshetra,2014,43,29.985714285714288,18.342857142857145,4.8,1,4,9.357142857142858,5,25.25,7
Haryana,Kurukshetra,2014,44,28.97142857142857,16.485714285714288,0.2,0,6,11.571428571428571,2,28.009999999999998,7
Haryana,Kurukshetra,2014,45,29.5,17.6,0.0,0,7,14.771428571428572,0,29.72,7
Haryana,Kurukshetra,2014,46,26.771428571428572,13.200000000000001,0.0,0,7,13.87142857142857,0,28.02,7
Haryana,Kurukshetra,2014,47,26.142857142857142,11.642857142857142,0.0,0,7,11.971428571428572,0,24.599999999999998,7
Haryana,Kurukshetra,2014,48,25.985714285714288,12.385714285714286,0.0,0,7,12.299999999999999,3,22.919999999999998,7
Haryana,Kurukshetra,2015,36,32.9,23.96666666666667,0.0,0,6,16.45,0,30.05,6
Haryana,Kurukshetra,2015,37,33.68571428571428,22.571428571428573,0.0,0,7,15.514285714285714,0,37.47,7
Haryana,Kurukshetra,2015,38,32.628571428571426,23.785714285714285,7.3,1,2,10.171428571428573,3,29.21,7
Haryana,Kurukshetra,2015,39,30.485714285714288,22.442857142857143,25.8,3,0,15.342857142857143,2,25.880000000000003,7
Haryana,Kurukshetra,2015,40,32.2,19.714285714285715,0.0,0,7,12.842857142857143,2,33.63,7
Haryana,Kurukshetra,2015,41,33.628571428571426,20.47142857142857,0.0,0,7,13.085714285714285,1,33.22,7
Haryana,Kurukshetra,2015,42,31.542857142857144,21.0,3.6999999999999997,1,4,13.114285714285714,2,27.9,7
Haryana,Kurukshetra,2015,43,31.685714285714287,18.7,1.5,1,5,13.528571428571427,1,31.2,7
Haryana,Kurukshetra,2015,44,28.457142857142856,16.15714285714286,7.6,1,6,10.457142857142857,3,25.54,7
Haryana,Kurukshetra,2015,45,27.37142857142857,16.514285714285712,21.2,1,4,10.12857142857143,5,21.4,7
Haryana,Kurukshetra,2015,46,27.557142857142857,16.04285714285714,0.0,0,7,14.271428571428572,0,25.150000000000002,7
Haryana,Kurukshetra,2015,47,26.214285714285715,12.828571428571427,0.0,0,7,11.728571428571428,3,22.62,7
Haryana,Kurukshetra,2015,48,25.24285714285714,13.514285714285714,0.6,0,5,12.642857142857142,1,19.59,7
Haryana,Kurukshetra,2015,49,25.8,15.3,0.0,0,1,7.9,1,2.28,1
Haryana,Kurukshetra,2016,35,31.2,24.4,1.8,1,1,14.125,1,16.46,4
Haryana,Kurukshetra,2016,36,32.81428571428571,25.3,0.1,0,7,14.071428571428571,0,32.91,7
Haryana,Kurukshetra,2016,37,33.4,23.82857142857143,0.0,0,7,10.742857142857144,3,32.14,7
Haryana,Kurukshetra,2016,38,32.528571428571425,24.071428571428573,4.2,1,1,12.12857142857143,3,28.25,7
Haryana,Kurukshetra,2016,39,33.18571428571429,24.342857142857145,1.3,0,5,10.214285714285714,3,27.86,7
Haryana,Kurukshetra,2016,40,33.24285714285715,23.314285714285713,4.2,1,4,10.87142857142857,3,28.59,7
Haryana,Kurukshetra,2016,41,33.857142857142854,19.214285714285715,0.0,0,7,15.985714285714286,0,38.12,7
Haryana,Kurukshetra,2016,42,33.17142857142857,19.057142857142857,0.0,0,7,14.557142857142859,0,35.5,7
Haryana,Kurukshetra,2016,43,31.342857142857145,17.885714285714286,0.0,0,7,13.814285714285715,1,31.93,7
Haryana,Kurukshetra,2016,44,29.585714285714285,16.071428571428573,0.0,0,7,10.428571428571429,4,25.93,7
Haryana,Kurukshetra,2016,45,28.75714285714286,14.942857142857141,0.0,0,7,13.242857142857144,3,27.34,7
Haryana,Kurukshetra,2016,46,27.271428571428572,13.657142857142857,0.0,0,7,12.799999999999999,2,25.51,7
Haryana,Kurukshetra,2016,47,28.25714285714286,15.171428571428573,0.0,0,7,18.242857142857144,0,30.240000000000002,7
Haryana,Kurukshetra,2016,48,26.133333333333336,12.633333333333333,0.0,0,3,12.633333333333333,1,9.459999999999999,3
Haryana,Kurukshetra,2017,35,29.3,24.0,70.4,2,0,12.799999999999999,0,7.95,3
Haryana,Kurukshetra,2017,36,31.67142857142857,23.942857142857143,13.4,3,3,13.042857142857143,1,29.17,7
Haryana,Kurukshetra,2017,37,32.24285714285714,23.5,0.8,0,6,13.957142857142857,0,30.46,7
Haryana,Kurukshetra,2017,38,31.085714285714285,22.414285714285715,75.0,2,5,12.200000000000001,2,25.72,7
Haryana,Kurukshetra,2017,39,32.528571428571425,22.32857142857143,0.0,0,7,12.071428571428571,3,30.89,7
Haryana,Kurukshetra,2017,40,32.72857142857143,20.657142857142855,0.0,0,7,11.585714285714285,1,30.98,7
Haryana,Kurukshetra,2017,41,32.34285714285714,20.12857142857143,0.0,0,7,9.6,4,28.52,7
Haryana,Kurukshetra,2017,42,32.042857142857144,17.785714285714285,0.0,0,7,11.542857142857143,1,28.29,7
Haryana,Kurukshetra,2017,43,29.485714285714288,16.071428571428573,0.0,0,7,10.842857142857143,3,25.47,7
Haryana,Kurukshetra,2017,44,27.8,15.771428571428572,0.0,0,7,8.914285714285715,6,20.37,7
Haryana,Kurukshetra,2017,45,26.942857142857143,15.042857142857143,0.0,0,7,9.471428571428572,5,18.85,7
Haryana,Kurukshetra,2017,46,24.414285714285715,13.9,1.4000000000000001,1,6,12.2,2,17.27,7
Haryana,Kurukshetra,2017,47,23.2,10.357142857142858,0.0,0,7,14.185714285714285,0,20.73,7
Haryana,Kurukshetra,2017,48,23.625,9.95,0.0,0,4,12.8,1,10.32,4
Haryana,Kurukshetra,2018,35,29.85,25.75,14.9,2,0,11.05,1,4.359999999999999,2
Haryana,Kurukshetra,2018,36,30.985714285714288,25.114285714285717,47.099999999999994,6,0,11.5,3,21.82,7
Haryana,Kurukshetra,2018,37,31.47142857142857,24.285714285714285,2.3,1,4,11.657142857142857,2,29.9,7
Haryana,Kurukshetra,2018,38,30.314285714285713,22.25714285714286,73.6,3,4,19.25714285714286,1,26.479999999999997,7
Haryana,Kurukshetra,2018,39,29.957142857142856,21.614285714285717,119.8,1,3,15.971428571428572,0,24.79,7
Haryana,Kurukshetra,2018,40,31.428571428571427,19.900000000000002,0.0,0,7,11.685714285714285,2,29.810000000000002,7
Haryana,Kurukshetra,2018,41,29.314285714285713,18.342857142857145,12.8,2,5,14.457142857142857,2,26.23,7
Haryana,Kurukshetra,2018,42,29.728571428571428,16.385714285714286,1.3,1,6,11.200000000000001,1,25.71,7
Haryana,Kurukshetra,2018,43,28.599999999999998,14.614285714285714,0.0,0,7,12.285714285714286,1,25.89,7
Haryana,Kurukshetra,2018,44,27.271428571428572,15.742857142857144,4.199999999999999,2,5,13.414285714285715,2,21.49,7
Haryana,Kurukshetra,2018,45,25.571428571428573,12.714285714285714,0.0,0,7,11.557142857142859,3,21.2,7
Haryana,Kurukshetra,2018,46,25.357142857142858,13.257142857142856,2.8,1,5,14.799999999999999,1,19.94,7
Haryana,Kurukshetra,2018,47,25.12857142857143,12.571428571428571,0.0,0,7,14.814285714285715,1,20.72,7
Haryana,Kurukshetra,2018,48,24.580000000000002,12.46,0.0,0,5,11.46,2,11.85,5
Haryana,Mahendragarh,2012,35,33.0,25.35,11.4,1,0,9.95,1,7.85,2
Haryana,Mahendragarh,2012,36,30.02857142857143,24.885714285714283,16.7,4,1,19.514285714285712,1,23.05,7
Haryana,Mahendragarh,2012,37,31.75714285714286,24.957142857142856,21.2,6,0,12.685714285714285,1,24.52,7
Haryana,Mahendragarh,2012,38,31.571428571428573,22.885714285714283,7.6,2,4,11.071428571428571,2,28.740000000000002,7
Haryana,Mahendragarh,2012,39,32.48571428571429,21.114285714285717,0.0,0,7,12.642857142857142,0,34.7,7
Haryana,Mahendragarh,2012,40,34.27142857142857,19.400000000000002,0.0,0,7,11.271428571428572,2,35.94,7
Haryana,Mahendragarh,2012,41,33.65714285714286,18.285714285714285,0.0,0,7,13.557142857142859,0,36.81,7
Haryana,Mahendragarh,2012,42,31.62857142857143,19.32857142857143,2.8000000000000003,1,5,10.942857142857141,3,29.849999999999998,7
Haryana,Mahendragarh,2012,43,28.67142857142857,15.799999999999999,5.3,1,6,11.342857142857143,2,27.6,7
Haryana,Mahendragarh,2012,44,28.97142857142857,14.971428571428572,0.0,0,7,10.1,3,27.02,7
Haryana,Mahendragarh,2012,45,28.785714285714285,14.385714285714286,0.0,0,7,11.085714285714285,1,26.71,7
Haryana,Mahendragarh,2012,46,26.900000000000002,13.471428571428572,0.0,0,7,10.657142857142857,0,23.8,7
Haryana,Mahendragarh,2012,47,25.585714285714285,11.657142857142857,0.0,0,7,10.485714285714286,1,23.330000000000002,7
Haryana,Mahendragarh,2012,48,24.380000000000003,10.739999999999998,0.6,0,4,11.26,1,15.75,5
Haryana,Mahendragarh,2013,35,33.3,26.4,0.0,0,1,15.3,0,5.35,1
Haryana,Mahendragarh,2013,36,33.51428571428571,25.214285714285715,0.0,0,7,18.400000000000002,0,43.33,7
Haryana,Mahendragarh,2013,37,34.957142857142856,24.571428571428573,0.2,0,7,10.442857142857141,2,34.97,7
Haryana,Mahendragarh,2013,38,33.614285714285714,23.428571428571427,30.200000000000003,4,3,15.0,0,30.3,7
Haryana,Mahendragarh,2013,39,31.5,24.657142857142855,14.1,4,1,11.771428571428572,1,25.59,7
Haryana,Mahendragarh,2013,40,30.114285714285717,23.02857142857143,6.300000000000001,2,4,13.971428571428572,2,24.35,7
Haryana,Mahendragarh,2013,41,30.785714285714285,22.514285714285712,10.7,2,4,11.799999999999999,2,25.43,7
Haryana,Mahendragarh,2013,42,32.27142857142857,20.285714285714285,0.6,0,6,10.37142857142857,4,29.73,7
Haryana,Mahendragarh,2013,43,31.071428571428573,17.6,0.0,0,7,10.042857142857143,5,29.21,7
Haryana,Mahendragarh,2013,44,30.12857142857143,16.728571428571428,0.3,0,6,11.157142857142857,1,29.700000000000003,7
Haryana,Mahendragarh,2013,45,26.085714285714285,13.971428571428572,3.0,1,6,11.342857142857143,2,23.51,7
Haryana,Mahendragarh,2013,46,24.74285714285714,10.985714285714286,0.0,0,7,11.071428571428571,1,25.19,7
Haryana,Mahendragarh,2013,47,26.728571428571428,11.285714285714286,0.0,0,7,11.585714285714285,1,24.51,7
Haryana,Mahendragarh,2013,48,27.083333333333332,13.583333333333334,0.0,0,6,14.333333333333334,0,21.38,6
Haryana,Mahendragarh,2014,36,30.75714285714286,24.614285714285717,36.4,4,0,18.185714285714287,2,23.41,7
Haryana,Mahendragarh,2014,37,31.928571428571427,24.428571428571427,17.9,3,1,10.799999999999999,4,27.06,7
Haryana,Mahendragarh,2014,38,34.77142857142857,24.557142857142857,0.2,0,6,16.314285714285713,0,40.04,7
Haryana,Mahendragarh,2014,39,35.55714285714286,24.47142857142857,0.0,0,7,19.3,0,47.06,7
Haryana,Mahendragarh,2014,40,37.08571428571429,24.52857142857143,0.1,0,7,14.685714285714285,0,43.57,7
Haryana,Mahendragarh,2014,41,35.32857142857143,22.52857142857143,0.0,0,7,11.285714285714286,2,36.99,7
Haryana,Mahendragarh,2014,42,30.728571428571428,18.242857142857144,0.4,0,5,11.771428571428572,2,30.04,7
Haryana,Mahendragarh,2014,43,32.68571428571429,19.514285714285712,0.1,0,7,10.514285714285714,2,29.950000000000003,7
Haryana,Mahendragarh,2014,44,31.12857142857143,18.442857142857143,0.2,0,6,11.014285714285714,2,29.240000000000002,7
Haryana,Mahendragarh,2014,45,31.0,17.7,0.0,0,7,12.514285714285714,1,29.1,7
Haryana,Mahendragarh,2014,46,27.585714285714285,12.785714285714286,0.0,0,7,11.657142857142857,1,29.66,7
Haryana,Mahendragarh,2014,47,27.52857142857143,11.985714285714286,0.0,0,7,10.700000000000001,2,26.32,7
Haryana,Mahendragarh,2014,48,27.7,13.142857142857142,0.0,0,7,10.571428571428571,3,25.330000000000002,7
Haryana,Mahendragarh,2015,36,35.88333333333333,26.183333333333334,0.0,0,6,17.666666666666668,0,41.64,6
Haryana,Mahendragarh,2015,37,37.34285714285714,25.400000000000002,0.0,0,7,14.342857142857143,1,46.14,7
Haryana,Mahendragarh,2015,38,36.32857142857143,25.87142857142857,19.1,2,4,14.071428571428571,0,35.519999999999996,7
Haryana,Mahendragarh,2015,39,33.51428571428572,23.957142857142856,4.2,1,5,15.642857142857142,0,35.4,7
Haryana,Mahendragarh,2015,40,36.24285714285714,20.571428571428573,0.0,0,7,13.914285714285713,0,41.26,7
Haryana,Mahendragarh,2015,41,37.114285714285714,23.185714285714287,0.0,0,7,17.87142857142857,0,46.28,7
Haryana,Mahendragarh,2015,42,36.3,22.97142857142857,0.0,0,7,13.671428571428573,1,37.68,7
Haryana,Mahendragarh,2015,43,34.285714285714285,20.414285714285715,0.2,0,6,12.842857142857143,0,35.33,7
Haryana,Mahendragarh,2015,44,28.428571428571427,16.97142857142857,8.7,2,5,11.285714285714286,4,25.01,7
Haryana,Mahendragarh,2015,45,29.25714285714286,18.114285714285714,3.4000000000000004,1,4,10.985714285714286,3,23.55,7
Haryana,Mahendragarh,2015,46,29.157142857142855,16.714285714285715,3.2,2,5,11.157142857142857,3,24.83,7
Haryana,Mahendragarh,2015,47,27.2,13.228571428571428,0.0,0,7,11.057142857142859,2,25.669999999999998,7
Haryana,Mahendragarh,2015,48,26.357142857142858,13.557142857142859,0.0,0,7,12.857142857142858,0,23.240000000000002,7
Haryana,Mahendragarh,2015,49,26.4,15.1,0.0,0,1,9.7,1,2.91,1
Haryana,Mahendragarh,2016,35,31.45,24.35,1.0,0,1,15.925,1,17.8,4
Haryana,Mahendragarh,2016,36,32.08571428571428,24.071428571428573,0.3,0,6,17.114285714285714,0,38.02,7
Haryana,Mahendragarh,2016,37,33.81428571428571,23.97142857142857,0.0,0,7,10.799999999999999,4,34.42,7
Haryana,Mahendragarh,2016,38,34.3,24.557142857142857,1.1,0,5,11.12857142857143,4,32.4,7
Haryana,Mahendragarh,2016,39,35.51428571428571,24.842857142857145,0.4,0,6,10.757142857142856,1,33.7,7
Haryana,Mahendragarh,2016,40,33.68571428571429,23.857142857142858,14.8,2,3,9.885714285714286,4,28.259999999999998,7
Haryana,Mahendragarh,2016,41,34.22857142857143,20.542857142857144,0.0,0,7,13.771428571428572,1,37.71,7
Haryana,Mahendragarh,2016,42,34.05714285714286,19.585714285714285,0.0,0,7,14.799999999999999,0,40.21,7
Haryana,Mahendragarh,2016,43,32.714285714285715,17.82857142857143,0.0,0,7,13.757142857142856,0,35.28,7
Haryana,Mahendragarh,2016,44,30.557142857142857,15.642857142857142,0.0,0,7,9.714285714285714,4,27.87,7
Haryana,Mahendragarh,2016,45,30.085714285714285,15.014285714285714,0.0,0,7,12.299999999999999,0,30.13,7
Haryana,Mahendragarh,2016,46,27.67142857142857,13.428571428571429,0.0,0,7,11.028571428571428,2,25.85,7
Haryana,Mahendragarh,2016,47,28.47142857142857,14.042857142857143,0.0,0,7,14.057142857142859,1,28.91,7
Haryana,Mahendragarh,2016,48,28.23333333333333,13.433333333333332,0.0,0,3,11.833333333333334,1,11.34,3
Haryana,Mahendragarh,2017,35,30.233333333333334,24.366666666666664,18.7,2,0,15.0,0,8.76,3
Haryana,Mahendragarh,2017,36,33.885714285714286,25.0,5.1,2,3,12.62857142857143,0,32.4,7
Haryana,Mahendragarh,2017,37,35.44285714285714,26.3,2.9,1,5,12.728571428571428,1,31.589999999999996,7
Haryana,Mahendragarh,2017,38,35.68571428571429,23.885714285714283,1.2000000000000002,1,6,16.114285714285714,0,37.38,7
Haryana,Mahendragarh,2017,39,37.68571428571429,24.428571428571427,0.0,0,7,15.714285714285714,0,42.28,7
Haryana,Mahendragarh,2017,40,37.12857142857143,22.97142857142857,0.0,0,7,13.671428571428573,1,41.3,7
Haryana,Mahendragarh,2017,41,36.07142857142857,22.24285714285714,0.0,0,7,12.271428571428572,1,37.88,7
Haryana,Mahendragarh,2017,42,35.65714285714286,20.557142857142857,0.0,0,7,12.642857142857142,0,35.35,7
Haryana,Mahendragarh,2017,43,32.82857142857143,18.37142857142857,0.6,0,6,11.9,0,30.1,7
Haryana,Mahendragarh,2017,44,30.957142857142856,17.814285714285713,0.0,0,7,10.514285714285714,2,26.32,7
Haryana,Mahendragarh,2017,45,29.271428571428572,15.799999999999999,0.0,0,7,9.128571428571428,7,22.94,7
Haryana,Mahendragarh,2017,46,25.728571428571428,15.314285714285715,1.5,0,4,12.585714285714285,1,20.27,7
Haryana,Mahendragarh,2017,47,24.157142857142855,10.042857142857143,0.0,0,7,12.228571428571428,1,23.35,7
Haryana,Mahendragarh,2017,48,26.55,10.425,0.0,0,4,11.649999999999999,0,12.58,4
Haryana,Mahendragarh,2018,35,31.85,26.0,6.4,1,0,17.5,0,7.66,2
Haryana,Mahendragarh,2018,36,31.514285714285712,25.12857142857143,13.2,5,0,16.357142857142858,0,23.98,7
Haryana,Mahendragarh,2018,37,32.957142857142856,24.785714285714285,3.6,2,4,16.37142857142857,0,34.97,7
Haryana,Mahendragarh,2018,38,33.142857142857146,23.32857142857143,49.7,2,3,18.157142857142855,0,30.64,7
Haryana,Mahendragarh,2018,39,32.128571428571426,21.7,45.4,1,6,13.085714285714285,2,28.57,7
Haryana,Mahendragarh,2018,40,33.957142857142856,20.885714285714283,0.3,0,6,12.514285714285714,1,32.21,7
Haryana,Mahendragarh,2018,41,33.871428571428574,19.82857142857143,0.0,0,7,13.071428571428571,0,33.61,7
Haryana,Mahendragarh,2018,42,34.25714285714286,19.82857142857143,0.0,0,7,15.1,0,34.03,7
Haryana,Mahendragarh,2018,43,32.01428571428571,17.12857142857143,0.1,0,7,13.185714285714285,1,31.39,7
Haryana,Mahendragarh,2018,44,31.67142857142857,18.1,0.0,0,7,15.771428571428572,0,29.759999999999998,7
Haryana,Mahendragarh,2018,45,28.47142857142857,12.971428571428572,0.0,0,7,11.585714285714285,2,27.06,7
Haryana,Mahendragarh,2018,46,28.728571428571428,14.857142857142858,0.30000000000000004,0,6,13.028571428571428,0,22.71,7
Haryana,Mahendragarh,2018,47,27.942857142857143,14.185714285714285,0.0,0,7,13.528571428571427,0,23.15,7
Haryana,Mahendragarh,2018,48,26.82,12.84,0.0,0,5,11.0,2,14.32,5
Haryana,Mewat,2012,35,32.9,25.75,12.200000000000001,1,0,8.35,1,7.43,2
Haryana,Mewat,2012,36,30.457142857142856,25.228571428571428,31.099999999999998,5,1,19.028571428571432,1,23.22,7
Haryana,Mewat,2012,37,31.985714285714288,25.314285714285713,45.9,7,0,11.257142857142856,3,23.42,7
Haryana,Mewat,2012,38,31.75714285714286,23.24285714285714,15.1,3,4,10.885714285714286,2,28.43,7
Haryana,Mewat,2012,39,32.67142857142857,21.5,0.0,0,7,12.357142857142858,1,34.33,7
Haryana,Mewat,2012,40,33.98571428571429,20.014285714285712,0.0,0,7,10.585714285714285,2,34.26,7
Haryana,Mewat,2012,41,33.45714285714286,18.2,0.0,0,7,11.685714285714285,2,33.5,7
Haryana,Mewat,2012,42,31.542857142857144,18.985714285714288,2.6,1,6,8.157142857142857,6,28.39,7
Haryana,Mewat,2012,43,28.928571428571427,16.45714285714286,4.7,1,5,10.700000000000001,4,27.18,7
Haryana,Mewat,2012,44,29.014285714285712,15.785714285714286,0.0,0,7,8.528571428571428,7,26.15,7
Haryana,Mewat,2012,45,28.814285714285713,14.87142857142857,0.5,0,6,9.357142857142858,6,24.41,7
Haryana,Mewat,2012,46,27.157142857142855,13.6,0.0,0,7,9.685714285714285,5,23.490000000000002,7
Haryana,Mewat,2012,47,26.0,12.12857142857143,0.0,0,7,10.4,3,23.36,7
Haryana,Mewat,2012,48,24.82,11.7,0.0,0,5,11.24,1,15.97,5
Haryana,Mewat,2013,35,33.3,26.5,0.0,0,1,14.5,0,4.73,1
Haryana,Mewat,2013,36,33.642857142857146,25.714285714285715,0.2,0,6,16.0,0,40.64,7
Haryana,Mewat,2013,37,34.17142857142857,24.97142857142857,2.0,1,4,7.914285714285714,7,32.87,7
Haryana,Mewat,2013,38,32.67142857142857,23.942857142857143,51.5,4,3,14.4,1,28.18,7
Haryana,Mewat,2013,39,31.557142857142857,25.057142857142857,17.200000000000003,4,1,11.371428571428572,3,23.98,7
Haryana,Mewat,2013,40,29.728571428571428,23.32857142857143,4.6,2,3,14.442857142857145,1,22.89,7
Haryana,Mewat,2013,41,30.457142857142856,22.599999999999998,5.699999999999999,2,4,10.957142857142857,3,23.810000000000002,7
Haryana,Mewat,2013,42,32.214285714285715,21.014285714285712,0.1,0,7,9.142857142857142,6,28.279999999999998,7
Haryana,Mewat,2013,43,30.585714285714285,18.685714285714287,0.0,0,7,9.22857142857143,6,28.02,7
Haryana,Mewat,2013,44,30.400000000000002,16.914285714285715,0.2,0,6,11.228571428571428,3,28.7,7
Haryana,Mewat,2013,45,26.457142857142856,14.842857142857143,4.3,1,5,9.700000000000001,3,23.36,7
Haryana,Mewat,2013,46,25.271428571428572,11.971428571428572,0.0,0,7,10.614285714285714,1,25.21,7
Haryana,Mewat,2013,47,26.67142857142857,12.87142857142857,0.0,0,7,10.9,4,24.42,7
Haryana,Mewat,2013,48,27.433333333333334,14.166666666666666,0.0,0,6,14.833333333333334,0,22.47,6
Haryana,Mewat,2014,36,30.58571428571429,25.071428571428573,52.8,5,0,18.414285714285715,2,22.25,7
Haryana,Mewat,2014,37,31.942857142857143,24.82857142857143,16.1,4,1,11.485714285714286,1,26.240000000000002,7
Haryana,Mewat,2014,38,34.8,25.142857142857142,0.1,0,7,13.942857142857141,0,37.24,7
Haryana,Mewat,2014,39,36.05714285714286,25.485714285714288,0.0,0,7,18.057142857142857,0,46.8,7
Haryana,Mewat,2014,40,36.971428571428575,25.057142857142857,0.3,0,6,12.414285714285715,0,37.61,7
Haryana,Mewat,2014,41,35.57142857142857,23.014285714285712,0.2,0,6,11.37142857142857,1,36.89,7
Haryana,Mewat,2014,42,30.885714285714283,18.97142857142857,4.6000000000000005,2,4,11.014285714285714,5,29.28,7
Haryana,Mewat,2014,43,32.67142857142857,20.357142857142858,5.5,1,5,9.62857142857143,5,28.94,7
Haryana,Mewat,2014,44,31.457142857142856,19.2,0.1,0,7,10.62857142857143,4,28.95,7
Haryana,Mewat,2014,45,31.514285714285712,18.52857142857143,0.0,0,7,12.528571428571428,2,29.69,7
Haryana,Mewat,2014,46,28.214285714285715,14.185714285714285,0.0,0,7,11.971428571428572,1,30.83,7
Haryana,Mewat,2014,47,27.657142857142855,12.742857142857144,0.0,0,7,10.085714285714285,3,26.2,7
Haryana,Mewat,2014,48,27.62857142857143,13.87142857142857,0.0,0,7,10.557142857142859,3,24.54,7
Haryana,Mewat,2015,36,35.48333333333333,25.483333333333334,0.0,0,6,16.466666666666665,0,37.36,6
Haryana,Mewat,2015,37,36.5,24.585714285714285,0.0,0,7,13.942857142857141,1,42.67,7
Haryana,Mewat,2015,38,35.42857142857143,25.900000000000002,33.5,3,4,12.557142857142859,1,32.61,7
Haryana,Mewat,2015,39,33.34285714285714,24.285714285714285,8.6,1,5,14.957142857142857,1,34.22,7
Haryana,Mewat,2015,40,35.371428571428574,20.414285714285715,0.0,0,7,12.700000000000001,1,39.1,7
Haryana,Mewat,2015,41,36.885714285714286,22.87142857142857,0.3,0,6,15.77142857142857,0,42.22,7
Haryana,Mewat,2015,42,35.18571428571428,22.614285714285717,3.7,1,4,11.228571428571428,2,32.35,7
Haryana,Mewat,2015,43,33.92857142857143,20.5,1.2,1,6,11.285714285714286,2,33.120000000000005,7
Haryana,Mewat,2015,44,27.900000000000002,17.385714285714286,20.0,2,4,11.257142857142856,3,23.17,7
Haryana,Mewat,2015,45,29.057142857142857,18.457142857142856,0.0,0,7,9.528571428571428,5,22.23,7
Haryana,Mewat,2015,46,29.62857142857143,17.728571428571428,2.3000000000000003,1,5,11.114285714285714,3,25.83,7
Haryana,Mewat,2015,47,27.428571428571427,13.857142857142858,0.0,0,7,9.842857142857143,5,24.990000000000002,7
Haryana,Mewat,2015,48,26.542857142857144,14.342857142857143,0.0,0,7,10.642857142857142,3,22.72,7
Haryana,Mewat,2015,49,27.4,15.8,0.0,0,1,8.0,1,2.59,1
Haryana,Mewat,2016,35,31.9,25.325,10.9,1,1,16.125,1,17.82,4
Haryana,Mewat,2016,36,32.614285714285714,25.085714285714285,0.0,0,7,16.47142857142857,0,37.11,7
Haryana,Mewat,2016,37,33.385714285714286,25.014285714285712,0.1,0,7,10.085714285714285,3,32.47,7
Haryana,Mewat,2016,38,33.3,24.67142857142857,1.0,0,5,10.442857142857141,5,29.419999999999998,7
Haryana,Mewat,2016,39,34.05714285714286,24.82857142857143,0.4,0,5,9.299999999999999,4,30.02,7
Haryana,Mewat,2016,40,33.728571428571435,24.75714285714286,17.3,3,3,10.028571428571428,3,27.83,7
Haryana,Mewat,2016,41,34.2,19.942857142857143,0.0,0,7,12.914285714285715,1,36.7,7
Haryana,Mewat,2016,42,34.24285714285714,19.728571428571428,0.0,0,7,14.342857142857143,0,38.94,7
Haryana,Mewat,2016,43,32.75714285714285,18.142857142857142,0.0,0,7,12.771428571428572,1,34.05,7
Haryana,Mewat,2016,44,30.385714285714283,16.32857142857143,0.0,0,7,9.514285714285714,5,27.08,7
Haryana,Mewat,2016,45,29.928571428571427,15.542857142857143,0.0,0,7,11.62857142857143,3,28.34,7
Haryana,Mewat,2016,46,27.914285714285715,14.842857142857143,0.0,0,7,10.728571428571428,3,25.57,7
Haryana,Mewat,2016,47,28.842857142857145,15.028571428571428,0.0,0,7,15.542857142857144,1,30.67,7
Haryana,Mewat,2016,48,27.599999999999998,14.200000000000001,0.0,0,3,11.6,1,11.0,3
Haryana,Mewat,2017,35,30.166666666666668,24.900000000000002,17.0,3,0,13.866666666666667,1,9.01,3
Haryana,Mewat,2017,36,33.27142857142857,25.428571428571427,5.3,1,3,11.328571428571427,3,30.95,7
Haryana,Mewat,2017,37,34.028571428571425,25.97142857142857,0.7999999999999999,0,5,10.1,3,29.26,7
Haryana,Mewat,2017,38,32.714285714285715,24.057142857142857,25.9,2,4,14.771428571428572,2,27.08,7
Haryana,Mewat,2017,39,35.75714285714285,23.657142857142855,0.4,0,6,11.585714285714285,2,32.82,7
Haryana,Mewat,2017,40,36.5,22.457142857142856,0.0,0,7,13.528571428571428,1,36.81,7
Haryana,Mewat,2017,41,35.885714285714286,22.37142857142857,0.0,0,7,10.528571428571428,3,32.49,7
Haryana,Mewat,2017,42,35.32857142857143,20.2,0.0,0,7,11.228571428571428,3,31.6,7
Haryana,Mewat,2017,43,32.51428571428571,18.485714285714288,1.1,1,6,10.442857142857141,2,27.92,7
Haryana,Mewat,2017,44,30.285714285714285,18.157142857142855,0.0,0,7,9.4,6,23.740000000000002,7
Haryana,Mewat,2017,45,29.457142857142856,17.04285714285714,0.0,0,7,9.514285714285714,4,22.25,7
Haryana,Mewat,2017,46,26.485714285714288,15.514285714285714,0.0,0,7,11.314285714285715,2,19.75,7
Haryana,Mewat,2017,47,24.642857142857142,11.485714285714286,0.0,0,7,12.542857142857143,1,24.14,7
Haryana,Mewat,2017,48,26.35,10.95,0.0,0,4,11.4,1,11.84,4
Haryana,Mewat,2018,35,30.95,25.95,30.7,2,0,11.1,0,5.45,2
Haryana,Mewat,2018,36,30.75714285714286,25.099999999999998,50.199999999999996,5,1,15.785714285714286,1,21.38,7
Haryana,Mewat,2018,37,32.34285714285714,24.97142857142857,3.7,2,4,13.342857142857143,1,30.46,7
Haryana,Mewat,2018,38,32.05714285714286,23.2,58.8,3,4,16.728571428571428,1,27.34,7
Haryana,Mewat,2018,39,32.0,22.557142857142857,14.6,1,6,13.885714285714286,1,27.240000000000002,7
Haryana,Mewat,2018,40,33.15714285714286,21.0,0.0,0,7,11.057142857142859,3,29.69,7
Haryana,Mewat,2018,41,31.7,19.342857142857145,1.2,1,6,11.614285714285714,3,28.15,7
Haryana,Mewat,2018,42,31.885714285714283,19.2,0.2,0,6,10.428571428571429,4,26.34,7
Haryana,Mewat,2018,43,30.685714285714287,16.585714285714285,0.0,0,7,10.642857142857142,2,26.51,7
Haryana,Mewat,2018,44,29.8,18.0,0.0,0,7,10.857142857142858,3,24.28,7
Haryana,Mewat,2018,45,27.142857142857142,14.314285714285715,0.0,0,7,10.571428571428571,2,23.85,7
Haryana,Mewat,2018,46,27.571428571428573,15.442857142857141,0.7,0,6,11.842857142857143,3,20.71,7
Haryana,Mewat,2018,47,27.12857142857143,13.671428571428573,0.0,0,7,12.671428571428573,1,21.83,7
Haryana,Mewat,2018,48,25.74,12.42,0.0,0,5,10.059999999999999,2,12.69,5
Haryana,Palwal,2012,35,32.1,25.5,9.9,1,0,8.45,2,7.220000000000001,2
Haryana,Palwal,2012,36,30.557142857142857,25.2,31.2,5,1,18.75714285714286,1,23.72,7
Haryana,Palwal,2012,37,31.82857142857143,25.3,48.0,7,0,10.9,3,23.28,7
Haryana,Palwal,2012,38,31.428571428571427,22.985714285714288,15.9,3,4,10.414285714285715,3,28.06,7
Haryana,Palwal,2012,39,32.25714285714286,20.985714285714288,0.0,0,7,11.857142857142858,1,33.07,7
Haryana,Palwal,2012,40,33.31428571428571,19.74285714285714,0.0,0,7,9.957142857142857,4,32.89,7
Haryana,Palwal,2012,41,32.642857142857146,18.8,0.0,0,7,10.885714285714286,1,31.83,7
Haryana,Palwal,2012,42,31.071428571428573,18.22857142857143,3.9,1,6,8.357142857142858,7,27.91,7
Haryana,Palwal,2012,43,28.428571428571427,16.0,4.7,1,5,10.914285714285715,4,26.37,7
Haryana,Palwal,2012,44,28.485714285714288,15.585714285714285,0.0,0,7,8.157142857142857,7,25.03,7
Haryana,Palwal,2012,45,28.142857142857142,14.62857142857143,0.2,0,6,9.299999999999999,6,23.39,7
Haryana,Palwal,2012,46,26.714285714285715,13.299999999999999,0.0,0,7,9.657142857142857,4,22.66,7
Haryana,Palwal,2012,47,25.7,11.771428571428572,0.0,0,7,10.257142857142856,3,22.59,7
Haryana,Palwal,2012,48,24.419999999999998,11.540000000000001,0.1,0,5,11.379999999999999,1,15.49,5
Haryana,Palwal,2013,35,32.9,26.1,0.0,0,1,13.5,0,4.44,1
Haryana,Palwal,2013,36,33.357142857142854,25.52857142857143,0.5,0,6,15.014285714285714,0,38.91,7
Haryana,Palwal,2013,37,33.58571428571428,24.714285714285715,0.8999999999999999,0,5,7.457142857142857,7,32.2,7
Haryana,Palwal,2013,38,32.15714285714286,23.714285714285715,55.2,4,3,13.87142857142857,1,27.57,7
Haryana,Palwal,2013,39,31.442857142857143,24.75714285714286,23.099999999999998,4,2,10.728571428571428,4,23.55,7
Haryana,Palwal,2013,40,29.414285714285715,23.185714285714287,6.5,2,4,14.428571428571429,1,22.43,7
Haryana,Palwal,2013,41,30.17142857142857,22.47142857142857,5.6,2,4,10.514285714285714,3,23.37,7
Haryana,Palwal,2013,42,31.58571428571429,20.74285714285714,0.1,0,7,8.885714285714286,6,27.57,7
Haryana,Palwal,2013,43,30.071428571428573,18.357142857142858,0.0,0,7,9.271428571428572,6,27.11,7
Haryana,Palwal,2013,44,29.985714285714288,16.614285714285714,0.3,0,6,11.0,3,27.54,7
Haryana,Palwal,2013,45,26.17142857142857,14.299999999999999,4.199999999999999,1,5,9.657142857142857,4,22.57,7
Haryana,Palwal,2013,46,25.099999999999998,11.657142857142857,0.0,0,7,10.528571428571428,1,24.08,7
Haryana,Palwal,2013,47,26.285714285714285,12.0,0.0,0,7,10.857142857142858,4,23.61,7
Haryana,Palwal,2013,48,27.150000000000002,13.833333333333334,0.0,0,6,14.766666666666666,0,22.0,6
Haryana,Palwal,2014,36,30.571428571428573,25.042857142857144,53.0,5,0,18.271428571428572,2,22.47,7
Haryana,Palwal,2014,37,31.585714285714285,24.728571428571428,14.0,3,0,10.914285714285715,2,25.740000000000002,7
Haryana,Palwal,2014,38,34.05714285714286,24.657142857142855,0.30000000000000004,0,6,12.200000000000001,1,34.48,7
Haryana,Palwal,2014,39,35.44285714285714,25.02857142857143,0.0,0,7,16.67142857142857,0,43.95,7
Haryana,Palwal,2014,40,35.55714285714286,23.557142857142857,0.6,0,6,11.857142857142858,1,34.26,7
Haryana,Palwal,2014,41,34.6,22.228571428571428,0.0,0,7,10.9,1,35.37,7
Haryana,Palwal,2014,42,30.214285714285715,18.52857142857143,4.8,2,5,11.514285714285714,5,28.36,7
Haryana,Palwal,2014,43,31.857142857142858,19.814285714285713,4.4,1,5,9.585714285714285,6,28.12,7
Haryana,Palwal,2014,44,31.157142857142855,18.900000000000002,0.3,0,6,10.057142857142859,4,28.46,7
Haryana,Palwal,2014,45,31.214285714285715,18.342857142857145,0.0,0,7,12.657142857142857,2,29.270000000000003,7
Haryana,Palwal,2014,46,28.057142857142857,13.942857142857141,0.0,0,7,12.057142857142859,0,30.43,7
Haryana,Palwal,2014,47,27.32857142857143,12.257142857142856,0.0,0,7,10.014285714285714,3,25.27,7
Haryana,Palwal,2014,48,27.25714285714286,13.428571428571429,0.0,0,7,10.914285714285715,2,23.86,7
Haryana,Palwal,2015,36,34.983333333333334,24.516666666666666,0.0,0,6,15.983333333333334,0,35.269999999999996,6
Haryana,Palwal,2015,37,35.77142857142857,23.62857142857143,0.1,0,7,14.042857142857143,1,40.480000000000004,7
Haryana,Palwal,2015,38,34.91428571428572,25.67142857142857,34.800000000000004,3,3,12.4,1,31.57,7
Haryana,Palwal,2015,39,32.67142857142857,23.87142857142857,7.1,1,5,14.471428571428572,1,32.53,7
Haryana,Palwal,2015,40,34.385714285714286,20.357142857142858,0.0,0,7,12.171428571428573,1,36.88,7
Haryana,Palwal,2015,41,36.142857142857146,21.8,0.0,0,7,14.928571428571429,1,39.35,7
Haryana,Palwal,2015,42,34.142857142857146,22.5,7.2,1,4,10.37142857142857,4,30.880000000000003,7
Haryana,Palwal,2015,43,33.4,20.0,1.4,1,6,11.257142857142856,3,32.19,7
Haryana,Palwal,2015,44,28.17142857142857,17.442857142857143,22.599999999999998,1,4,10.757142857142856,4,23.25,7
Haryana,Palwal,2015,45,28.785714285714285,18.3,0.1,0,7,9.357142857142858,5,21.96,7
Haryana,Palwal,2015,46,29.457142857142856,17.45714285714286,1.8,1,5,10.828571428571427,3,25.75,7
Haryana,Palwal,2015,47,27.25714285714286,13.671428571428573,0.0,0,7,9.571428571428571,5,24.02,7
Haryana,Palwal,2015,48,26.385714285714283,14.071428571428571,0.0,0,7,10.37142857142857,2,21.92,7
Haryana,Palwal,2015,49,27.3,16.8,0.0,0,1,8.0,1,2.44,1
Haryana,Palwal,2016,35,31.9,25.25,13.200000000000001,1,2,15.675,1,17.66,4
Haryana,Palwal,2016,36,32.471428571428575,25.157142857142855,0.2,0,6,15.971428571428572,0,36.22,7
Haryana,Palwal,2016,37,32.91428571428572,24.842857142857145,0.1,0,7,9.200000000000001,5,31.14,7
Haryana,Palwal,2016,38,32.785714285714285,24.342857142857145,0.7,0,5,10.328571428571427,5,28.4,7
Haryana,Palwal,2016,39,33.55714285714286,24.742857142857144,1.1,0,5,8.742857142857144,6,29.07,7
Haryana,Palwal,2016,40,33.385714285714286,24.67142857142857,13.4,3,4,10.171428571428573,3,27.32,7
Haryana,Palwal,2016,41,33.714285714285715,19.057142857142857,0.0,0,7,12.22857142857143,2,35.14,7
Haryana,Palwal,2016,42,33.77142857142857,18.985714285714288,0.0,0,7,13.9,0,36.96,7
Haryana,Palwal,2016,43,32.41428571428572,17.571428571428573,0.0,0,7,12.357142857142858,3,32.35,7
Haryana,Palwal,2016,44,30.12857142857143,16.185714285714287,0.0,0,7,9.714285714285714,6,26.48,7
Haryana,Palwal,2016,45,29.7,14.942857142857141,0.0,0,7,11.62857142857143,2,27.77,7
Haryana,Palwal,2016,46,27.82857142857143,14.814285714285715,0.0,0,7,10.514285714285714,4,24.93,7
Haryana,Palwal,2016,47,28.928571428571427,15.185714285714285,0.0,0,7,15.557142857142859,1,30.7,7
Haryana,Palwal,2016,48,27.366666666666664,13.5,0.0,0,3,11.166666666666666,1,10.700000000000001,3
Haryana,Palwal,2017,35,29.7,24.7,15.2,3,0,14.066666666666668,0,8.96,3
Haryana,Palwal,2017,36,32.98571428571429,25.014285714285712,4.0,1,4,11.085714285714285,2,30.66,7
Haryana,Palwal,2017,37,34.1,25.842857142857145,0.30000000000000004,0,6,9.971428571428572,4,30.369999999999997,7
Haryana,Palwal,2017,38,32.528571428571425,24.285714285714285,41.2,2,4,16.02857142857143,2,26.34,7
Haryana,Palwal,2017,39,35.17142857142857,23.042857142857144,0.0,0,7,11.528571428571428,3,32.01,7
Haryana,Palwal,2017,40,36.214285714285715,21.928571428571427,0.0,0,7,13.528571428571428,1,35.42,7
Haryana,Palwal,2017,41,35.81428571428571,21.957142857142856,0.0,0,7,11.685714285714285,1,32.85,7
Haryana,Palwal,2017,42,35.4,20.17142857142857,0.0,0,7,12.157142857142857,1,31.5,7
Haryana,Palwal,2017,43,32.614285714285714,18.37142857142857,0.3,0,6,11.142857142857142,2,28.78,7
Haryana,Palwal,2017,44,30.385714285714283,18.04285714285714,0.0,0,7,9.257142857142856,3,24.15,7
Haryana,Palwal,2017,45,29.47142857142857,16.1,0.0,0,7,9.285714285714286,5,22.77,7
Haryana,Palwal,2017,46,26.8,15.785714285714286,0.2,0,7,12.014285714285714,1,21.12,7
Haryana,Palwal,2017,47,24.75714285714286,10.942857142857141,0.0,0,7,13.357142857142858,0,24.19,7
Haryana,Palwal,2017,48,26.475,10.2,0.0,0,4,11.4,2,11.98,4
Haryana,Palwal,2018,35,30.65,25.85,30.5,2,0,10.9,1,5.4,2
Haryana,Palwal,2018,36,30.485714285714288,24.928571428571427,32.1,5,0,15.585714285714285,2,21.259999999999998,7
Haryana,Palwal,2018,37,32.028571428571425,24.67142857142857,3.4,2,4,12.700000000000001,0,29.93,7
Haryana,Palwal,2018,38,31.8,23.24285714285714,45.4,3,4,17.728571428571428,0,27.64,7
Haryana,Palwal,2018,39,31.17142857142857,22.057142857142857,13.3,1,6,13.87142857142857,2,26.87,7
Haryana,Palwal,2018,40,33.0,20.7,0.4,0,6,9.514285714285714,5,29.58,7
Haryana,Palwal,2018,41,31.457142857142856,19.37142857142857,1.0,0,6,12.785714285714286,2,28.38,7
Haryana,Palwal,2018,42,31.728571428571428,18.928571428571427,0.2,0,6,10.242857142857144,4,26.48,7
Haryana,Palwal,2018,43,30.385714285714283,16.242857142857144,0.0,0,7,10.328571428571427,2,26.71,7
Haryana,Palwal,2018,44,29.385714285714283,17.242857142857144,0.0,0,7,10.642857142857142,5,24.28,7
Haryana,Palwal,2018,45,26.87142857142857,13.4,0.0,0,7,10.328571428571427,5,22.77,7
Haryana,Palwal,2018,46,27.32857142857143,15.37142857142857,1.5,1,6,12.299999999999999,1,20.73,7
Haryana,Palwal,2018,47,26.885714285714283,13.442857142857141,0.0,0,7,13.157142857142857,1,21.75,7
Haryana,Palwal,2018,48,25.6,12.14,0.0,0,5,10.34,3,12.530000000000001,5
Haryana,Panchkula,2012,35,30.200000000000003,24.0,7.5,2,0,6.800000000000001,2,7.08,2
Haryana,Panchkula,2012,36,29.314285714285713,23.82857142857143,45.300000000000004,5,1,9.671428571428573,5,22.54,7
Haryana,Panchkula,2012,37,29.114285714285717,23.614285714285717,26.1,6,0,8.928571428571429,4,20.79,7
Haryana,Panchkula,2012,38,28.185714285714287,21.17142857142857,19.2,4,1,11.528571428571428,3,25.12,7
Haryana,Panchkula,2012,39,29.728571428571428,19.62857142857143,1.0,0,5,13.085714285714285,0,29.76,7
Haryana,Panchkula,2012,40,30.62857142857143,18.914285714285715,0.0,0,7,14.1,1,32.32,7
Haryana,Panchkula,2012,41,29.485714285714288,16.54285714285714,0.8,0,5,12.228571428571428,0,30.16,7
Haryana,Panchkula,2012,42,27.771428571428572,15.585714285714285,1.1,0,5,10.9,3,26.46,7
Haryana,Panchkula,2012,43,25.514285714285712,13.4,0.1,0,7,10.685714285714285,4,24.79,7
Haryana,Panchkula,2012,44,26.428571428571427,14.357142857142858,0.0,0,7,8.914285714285715,5,23.35,7
Haryana,Panchkula,2012,45,24.74285714285714,12.62857142857143,0.4,0,6,10.528571428571428,3,22.27,7
Haryana,Panchkula,2012,46,23.914285714285715,11.814285714285715,0.0,0,7,8.957142857142857,4,20.259999999999998,7
Haryana,Panchkula,2012,47,22.900000000000002,10.87142857142857,0.0,0,7,8.971428571428572,6,18.97,7
Haryana,Panchkula,2012,48,21.860000000000003,9.58,4.8,1,4,11.72,1,13.04,5
Haryana,Panchkula,2013,35,30.7,23.9,0.3,0,0,16.8,0,4.41,1
Haryana,Panchkula,2013,36,29.714285714285715,22.52857142857143,24.6,6,1,12.142857142857142,3,27.69,7
Haryana,Panchkula,2013,37,29.542857142857144,21.657142857142855,22.2,6,0,10.185714285714285,3,27.880000000000003,7
Haryana,Panchkula,2013,38,30.52857142857143,20.985714285714288,7.0,3,3,10.200000000000001,3,28.37,7
Haryana,Panchkula,2013,39,29.771428571428572,22.585714285714285,29.3,7,0,7.814285714285715,6,24.04,7
Haryana,Panchkula,2013,40,28.485714285714288,21.557142857142857,18.8,5,0,9.314285714285715,4,22.56,7
Haryana,Panchkula,2013,41,27.814285714285713,21.814285714285713,19.3,5,1,8.528571428571428,5,16.45,7
Haryana,Panchkula,2013,42,28.785714285714285,17.557142857142857,0.0,0,7,12.085714285714285,0,27.009999999999998,7
Haryana,Panchkula,2013,43,27.428571428571427,16.571428571428573,0.0,0,7,9.957142857142857,4,24.65,7
Haryana,Panchkula,2013,44,26.17142857142857,14.1,2.4,1,5,11.971428571428572,3,24.7,7
Haryana,Panchkula,2013,45,22.985714285714288,12.257142857142856,3.4,1,4,9.771428571428572,4,18.7,7
Haryana,Panchkula,2013,46,23.285714285714285,10.028571428571428,0.0,0,7,8.871428571428572,5,20.32,7
Haryana,Panchkula,2013,47,23.342857142857145,11.014285714285714,0.0,0,7,10.028571428571428,3,19.43,7
Haryana,Panchkula,2013,48,24.416666666666668,11.75,0.0,0,6,13.6,1,18.72,6
Haryana,Panchkula,2014,36,29.400000000000002,23.842857142857145,144.6,7,0,14.171428571428573,3,20.46,7
Haryana,Panchkula,2014,37,29.2,22.75714285714286,18.7,5,2,9.757142857142856,5,24.28,7
Haryana,Panchkula,2014,38,31.457142857142856,21.75714285714286,4.199999999999999,1,5,12.071428571428571,2,31.78,7
Haryana,Panchkula,2014,39,31.285714285714285,22.0,3.3,2,4,14.942857142857141,0,31.94,7
Haryana,Panchkula,2014,40,29.62857142857143,21.314285714285713,16.900000000000002,6,0,7.8999999999999995,6,24.08,7
Haryana,Panchkula,2014,41,30.714285714285715,18.82857142857143,3.4,1,4,11.557142857142859,2,30.36,7
Haryana,Panchkula,2014,42,27.3,16.385714285714286,2.7,1,5,10.028571428571428,4,25.35,7
Haryana,Panchkula,2014,43,27.657142857142855,16.742857142857144,2.5,1,4,8.614285714285714,6,24.16,7
Haryana,Panchkula,2014,44,26.87142857142857,14.642857142857142,0.2,0,6,12.12857142857143,0,25.78,7
Haryana,Panchkula,2014,45,27.542857142857144,15.1,0.5,0,6,13.799999999999999,0,26.14,7
Haryana,Panchkula,2014,46,25.157142857142855,12.528571428571428,0.0,0,7,11.799999999999999,2,22.99,7
Haryana,Panchkula,2014,47,24.557142857142857,11.171428571428573,0.0,0,7,11.299999999999999,1,21.77,7
Haryana,Panchkula,2014,48,24.5,11.428571428571429,0.0,0,7,11.87142857142857,2,21.43,7
Haryana,Panchkula,2015,36,31.0,22.483333333333334,4.3,2,0,15.85,0,29.41,6
Haryana,Panchkula,2015,37,32.08571428571428,20.928571428571427,1.0,0,6,15.842857142857143,0,37.41,7
Haryana,Panchkula,2015,38,31.24285714285714,22.67142857142857,9.4,2,0,9.528571428571428,5,27.05,7
Haryana,Panchkula,2015,39,28.47142857142857,20.87142857142857,38.3,2,3,13.6,2,24.509999999999998,7
Haryana,Panchkula,2015,40,30.47142857142857,18.5,0.0,0,7,11.442857142857141,2,31.15,7
Haryana,Panchkula,2015,41,31.74285714285714,19.3,0.0,0,7,12.714285714285714,3,31.36,7
Haryana,Panchkula,2015,42,28.87142857142857,19.357142857142858,4.9,3,4,10.457142857142857,2,23.990000000000002,7
Haryana,Panchkula,2015,43,29.75714285714286,17.485714285714288,1.2000000000000002,0,4,12.585714285714285,0,28.78,7
Haryana,Panchkula,2015,44,27.12857142857143,15.257142857142856,1.7000000000000002,1,5,9.428571428571429,4,24.14,7
Haryana,Panchkula,2015,45,26.042857142857144,15.228571428571428,1.8,1,6,9.028571428571428,5,21.79,7
Haryana,Panchkula,2015,46,26.52857142857143,14.728571428571428,0.9,0,5,12.542857142857143,2,23.08,7
Haryana,Panchkula,2015,47,25.457142857142856,13.471428571428572,0.0,0,7,10.642857142857142,3,21.35,7
Haryana,Panchkula,2015,48,24.67142857142857,13.12857142857143,0.8,0,4,10.671428571428573,4,18.42,7
Haryana,Panchkula,2015,49,24.8,14.7,0.0,0,1,11.3,0,2.39,1
Haryana,Panchkula,2016,35,29.45,22.925,5.2,1,0,13.1,1,16.11,4
Haryana,Panchkula,2016,36,30.728571428571428,23.842857142857145,11.600000000000001,4,1,14.014285714285714,0,28.44,7
Haryana,Panchkula,2016,37,31.099999999999998,22.3,2.6,1,4,11.657142857142857,2,30.0,7
Haryana,Panchkula,2016,38,30.342857142857145,22.542857142857144,16.8,4,0,8.971428571428572,5,26.48,7
Haryana,Panchkula,2016,39,30.442857142857143,22.228571428571428,10.7,4,1,8.5,5,25.82,7
Haryana,Panchkula,2016,40,31.057142857142857,21.571428571428573,7.1,3,4,10.985714285714286,3,27.549999999999997,7
Haryana,Panchkula,2016,41,31.057142857142857,17.95714285714286,0.3,0,6,15.700000000000001,0,33.59,7
Haryana,Panchkula,2016,42,30.685714285714287,17.414285714285715,0.0,0,7,15.12857142857143,0,33.25,7
Haryana,Panchkula,2016,43,28.885714285714283,15.585714285714285,0.0,0,7,13.914285714285715,2,29.61,7
Haryana,Panchkula,2016,44,27.400000000000002,14.700000000000001,0.0,0,7,10.114285714285714,4,24.62,7
Haryana,Panchkula,2016,45,26.74285714285714,13.814285714285715,0.0,0,7,11.342857142857143,4,25.18,7
Haryana,Panchkula,2016,46,25.24285714285714,12.542857142857143,0.0,0,7,11.914285714285713,2,22.52,7
Haryana,Panchkula,2016,47,27.25714285714286,14.171428571428573,0.0,0,7,14.771428571428572,1,26.18,7
Haryana,Panchkula,2016,48,24.46666666666667,12.866666666666667,0.0,0,3,8.9,2,8.26,3
Haryana,Panchkula,2017,35,28.433333333333334,23.099999999999998,29.900000000000002,2,0,13.466666666666667,1,8.72,3
Haryana,Panchkula,2017,36,31.099999999999998,23.457142857142856,4.3,1,3,15.385714285714286,1,30.589999999999996,7
Haryana,Panchkula,2017,37,33.285714285714285,23.957142857142856,0.0,0,7,17.9,0,34.93,7
Haryana,Panchkula,2017,38,32.08571428571428,23.842857142857145,155.6,4,2,13.785714285714286,0,27.85,7
Haryana,Panchkula,2017,39,31.75714285714286,22.642857142857142,0.0,0,7,17.442857142857143,0,32.1,7
Haryana,Panchkula,2017,40,33.785714285714285,22.157142857142855,0.0,0,7,17.128571428571426,0,34.730000000000004,7
Haryana,Panchkula,2017,41,33.01428571428571,21.228571428571428,0.0,0,7,14.071428571428571,1,32.86,7
Haryana,Panchkula,2017,42,33.31428571428571,19.785714285714285,0.0,0,7,15.257142857142856,1,34.04,7
Haryana,Panchkula,2017,43,29.942857142857143,17.357142857142858,0.0,0,7,14.314285714285715,1,30.33,7
Haryana,Panchkula,2017,44,27.62857142857143,17.142857142857142,0.1,0,7,10.785714285714286,4,22.46,7
Haryana,Panchkula,2017,45,26.314285714285713,15.571428571428571,0.0,0,7,10.342857142857143,3,19.83,7
Haryana,Panchkula,2017,46,24.071428571428573,14.214285714285714,0.1,0,7,12.771428571428572,2,19.19,7
Haryana,Panchkula,2017,47,22.97142857142857,11.1,0.0,0,7,15.642857142857142,0,20.759999999999998,7
Haryana,Panchkula,2017,48,23.475,11.825,0.0,0,4,15.725,1,12.27,4
Haryana,Panchkula,2018,35,29.299999999999997,25.15,42.3,2,0,9.8,1,4.9,2
Haryana,Panchkula,2018,36,30.285714285714285,24.7,17.1,6,0,11.0,4,23.07,7
Haryana,Panchkula,2018,37,30.428571428571427,23.442857142857143,17.0,3,2,13.742857142857144,1,29.17,7
Haryana,Panchkula,2018,38,30.071428571428573,22.37142857142857,95.5,3,3,18.314285714285713,1,27.32,7
Haryana,Panchkula,2018,39,29.042857142857144,21.285714285714285,60.199999999999996,3,4,15.414285714285715,0,25.8,7
Haryana,Panchkula,2018,40,30.385714285714283,19.085714285714285,0.0,0,7,13.214285714285714,2,31.7,7
Haryana,Panchkula,2018,41,28.642857142857142,17.914285714285715,3.8,1,5,15.428571428571429,2,28.13,7
Haryana,Panchkula,2018,42,29.414285714285715,17.02857142857143,0.0,0,7,11.485714285714286,4,29.22,7
Haryana,Panchkula,2018,43,28.457142857142856,15.157142857142857,0.0,0,7,15.928571428571429,1,29.09,7
Haryana,Panchkula,2018,44,26.557142857142857,16.95714285714286,6.699999999999999,2,5,12.457142857142857,3,22.23,7
Haryana,Panchkula,2018,45,25.157142857142855,14.299999999999999,0.0,0,7,13.142857142857142,1,22.05,7
Haryana,Panchkula,2018,46,25.114285714285717,14.428571428571429,0.3,0,6,14.757142857142856,1,23.02,7
Haryana,Panchkula,2018,47,24.74285714285714,13.857142857142858,0.0,0,7,16.071428571428573,1,22.73,7
Haryana,Panchkula,2018,48,24.3,13.76,0.0,0,5,13.780000000000001,1,12.24,5
Haryana,Panipat,2012,35,32.0,25.1,11.399999999999999,2,0,9.55,1,7.369999999999999,2
Haryana,Panipat,2012,36,30.342857142857138,25.3,25.599999999999998,4,0,19.3,1,24.78,7
Haryana,Panipat,2012,37,31.7,25.142857142857142,33.2,6,0,10.514285714285714,4,22.63,7
Haryana,Panipat,2012,38,30.47142857142857,22.485714285714288,27.9,3,4,11.857142857142858,3,27.45,7
Haryana,Panipat,2012,39,31.557142857142857,20.37142857142857,0.0,0,7,13.257142857142856,0,32.2,7
Haryana,Panipat,2012,40,32.357142857142854,19.342857142857145,0.0,0,7,12.485714285714286,1,32.12,7
Haryana,Panipat,2012,41,31.342857142857145,17.785714285714285,0.0,0,7,11.242857142857144,2,30.990000000000002,7
Haryana,Panipat,2012,42,30.04285714285714,17.32857142857143,2.8,1,5,11.214285714285714,4,27.68,7
Haryana,Panipat,2012,43,27.614285714285717,14.714285714285714,1.8,1,6,11.528571428571428,2,26.49,7
Haryana,Panipat,2012,44,28.17142857142857,15.228571428571428,0.0,0,7,9.957142857142857,4,25.26,7
Haryana,Panipat,2012,45,27.442857142857143,14.485714285714284,0.0,0,7,10.514285714285714,2,23.67,7
Haryana,Panipat,2012,46,26.17142857142857,13.357142857142858,0.0,0,7,10.542857142857143,4,22.27,7
Haryana,Panipat,2012,47,25.0,11.171428571428573,0.0,0,7,11.6,3,22.26,7
Haryana,Panipat,2012,48,23.779999999999998,10.52,0.4,0,4,12.02,1,15.22,5
Haryana,Panipat,2013,35,32.4,25.6,0.8,0,0,14.7,0,4.32,1
Haryana,Panipat,2013,36,32.84285714285714,24.957142857142856,0.8,0,5,15.714285714285714,1,34.629999999999995,7
Haryana,Panipat,2013,37,33.05714285714286,24.3,2.7,1,3,9.214285714285714,5,31.36,7
Haryana,Panipat,2013,38,32.2,22.928571428571427,33.4,3,3,13.299999999999999,1,28.61,7
Haryana,Panipat,2013,39,31.485714285714288,24.52857142857143,40.1,5,1,9.87142857142857,4,25.07,7
Haryana,Panipat,2013,40,30.0,22.74285714285714,28.299999999999997,4,1,12.4,1,23.34,7
Haryana,Panipat,2013,41,29.471428571428568,22.97142857142857,8.100000000000001,2,2,10.8,3,20.87,7
Haryana,Panipat,2013,42,30.62857142857143,19.814285714285713,1.5,1,6,10.057142857142859,5,27.21,7
Haryana,Panipat,2013,43,29.285714285714285,17.685714285714287,0.0,0,7,9.285714285714286,6,25.6,7
Haryana,Panipat,2013,44,28.7,16.62857142857143,0.0,0,7,13.042857142857143,1,27.34,7
Haryana,Panipat,2013,45,25.457142857142856,13.585714285714285,3.2,2,5,10.857142857142858,3,21.97,7
Haryana,Panipat,2013,46,25.0,10.914285714285715,0.0,0,7,10.700000000000001,2,23.6,7
Haryana,Panipat,2013,47,25.657142857142855,11.285714285714286,0.0,0,7,12.0,1,22.94,7
Haryana,Panipat,2013,48,26.53333333333333,13.133333333333333,0.0,0,6,16.383333333333333,1,22.69,6
Haryana,Panipat,2014,36,30.771428571428572,24.985714285714288,65.1,5,0,20.042857142857144,2,25.189999999999998,7
Haryana,Panipat,2014,37,31.3,24.442857142857143,26.2,5,0,10.185714285714285,4,25.86,7
Haryana,Panipat,2014,38,33.18571428571429,23.7,0.8,0,5,11.4,1,32.05,7
Haryana,Panipat,2014,39,34.68571428571429,23.75714285714286,0.0,0,7,16.6,0,40.56,7
Haryana,Panipat,2014,40,35.08571428571428,24.12857142857143,0.7,0,6,12.885714285714286,1,32.6,7
Haryana,Panipat,2014,41,34.3,22.24285714285714,0.1,0,7,11.87142857142857,2,34.98,7
Haryana,Panipat,2014,42,29.642857142857142,17.685714285714287,3.3,1,6,11.228571428571428,3,28.21,7
Haryana,Panipat,2014,43,31.0,18.985714285714288,2.1,1,6,10.457142857142857,5,27.19,7
Haryana,Panipat,2014,44,29.74285714285714,17.47142857142857,0.1,0,7,11.442857142857141,3,28.21,7
Haryana,Panipat,2014,45,30.099999999999998,17.771428571428572,0.0,0,7,14.514285714285716,0,29.79,7
Haryana,Panipat,2014,46,27.185714285714287,12.928571428571429,0.0,0,7,13.671428571428573,0,29.07,7
Haryana,Panipat,2014,47,26.599999999999998,11.299999999999999,0.0,0,7,12.0,0,25.47,7
Haryana,Panipat,2014,48,26.62857142857143,12.771428571428572,0.0,0,7,12.328571428571427,3,23.24,7
Haryana,Panipat,2015,36,33.88333333333333,23.866666666666664,0.0,0,6,17.53333333333333,0,32.56,6
Haryana,Panipat,2015,37,34.82857142857143,22.785714285714285,0.0,0,7,14.971428571428573,2,38.58,7
Haryana,Panipat,2015,38,34.028571428571425,24.400000000000002,14.8,2,4,10.642857142857142,3,30.29,7
Haryana,Panipat,2015,39,31.842857142857138,23.357142857142858,9.6,1,4,15.514285714285714,0,28.9,7
Haryana,Panipat,2015,40,34.48571428571429,19.8,0.0,0,7,12.928571428571429,1,37.410000000000004,7
Haryana,Panipat,2015,41,35.94285714285714,21.32857142857143,0.0,0,7,14.071428571428571,0,36.94,7
Haryana,Panipat,2015,42,33.214285714285715,21.74285714285714,4.5,1,5,12.671428571428573,2,29.45,7
Haryana,Panipat,2015,43,32.74285714285714,19.485714285714288,1.0,0,5,12.900000000000002,1,32.86,7
Haryana,Panipat,2015,44,29.142857142857142,16.87142857142857,2.5999999999999996,1,5,10.142857142857142,3,25.29,7
Haryana,Panipat,2015,45,28.542857142857144,17.357142857142858,0.8,0,6,10.242857142857144,4,22.29,7
Haryana,Panipat,2015,46,29.32857142857143,17.0,0.0,0,7,13.185714285714285,1,27.189999999999998,7
Haryana,Panipat,2015,47,27.614285714285717,13.257142857142856,0.0,0,7,10.799999999999999,4,25.05,7
Haryana,Panipat,2015,48,26.085714285714285,13.671428571428573,1.4,0,5,12.585714285714285,4,21.04,7
Haryana,Panipat,2015,49,26.3,15.4,0.0,0,1,7.4,1,2.53,1
Haryana,Panipat,2016,35,31.35,24.65,9.7,2,1,15.125,1,16.509999999999998,4
Haryana,Panipat,2016,36,32.614285714285714,25.114285714285717,0.1,0,7,16.32857142857143,0,35.89,7
Haryana,Panipat,2016,37,33.128571428571426,24.085714285714285,0.0,0,7,10.071428571428571,5,32.1,7
Haryana,Panipat,2016,38,32.528571428571425,24.228571428571428,2.9000000000000004,2,3,11.471428571428572,4,28.27,7
Haryana,Panipat,2016,39,33.08571428571428,24.514285714285712,2.6,1,4,9.814285714285715,3,27.79,7
Haryana,Panipat,2016,40,32.871428571428574,23.32857142857143,12.100000000000001,2,4,10.057142857142859,3,26.9,7
Haryana,Panipat,2016,41,33.34285714285714,18.571428571428573,0.0,0,7,12.357142857142858,0,35.68,7
Haryana,Panipat,2016,42,33.1,17.857142857142858,0.0,0,7,12.528571428571428,2,33.75,7
Haryana,Panipat,2016,43,31.471428571428568,17.314285714285713,0.0,0,7,12.171428571428573,2,30.95,7
Haryana,Panipat,2016,44,29.542857142857144,15.62857142857143,0.0,0,7,9.328571428571427,5,25.28,7
Haryana,Panipat,2016,45,29.085714285714285,15.214285714285714,0.0,0,7,12.9,3,27.3,7
Haryana,Panipat,2016,46,27.414285714285715,14.057142857142859,0.0,0,7,11.799999999999999,3,25.17,7
Haryana,Panipat,2016,47,28.74285714285714,14.542857142857143,0.0,0,7,17.257142857142856,0,30.56,7
Haryana,Panipat,2016,48,26.666666666666668,13.233333333333334,0.0,0,3,11.466666666666669,2,10.2,3
Haryana,Panipat,2017,35,29.566666666666666,24.233333333333334,21.1,3,0,14.133333333333335,1,8.489999999999998,3
Haryana,Panipat,2017,36,32.2,24.442857142857143,5.6,3,3,11.985714285714286,0,30.33,7
Haryana,Panipat,2017,37,33.01428571428572,24.414285714285715,0.5,0,6,13.12857142857143,0,30.07,7
Haryana,Panipat,2017,38,31.37142857142857,22.857142857142858,120.7,2,4,14.014285714285716,1,25.55,7
Haryana,Panipat,2017,39,32.971428571428575,22.157142857142855,0.0,0,7,11.042857142857143,3,30.700000000000003,7
Haryana,Panipat,2017,40,32.871428571428574,20.428571428571427,0.0,0,7,10.657142857142857,2,30.66,7
Haryana,Panipat,2017,41,32.84285714285714,20.442857142857143,0.0,0,7,9.657142857142857,4,29.0,7
Haryana,Panipat,2017,42,32.44285714285714,18.085714285714285,0.0,0,7,11.671428571428573,0,28.65,7
Haryana,Panipat,2017,43,30.114285714285717,16.3,0.0,0,7,10.385714285714286,4,25.75,7
Haryana,Panipat,2017,44,28.442857142857143,16.557142857142857,0.0,0,7,8.957142857142857,7,21.17,7
Haryana,Panipat,2017,45,27.47142857142857,14.614285714285714,0.0,0,7,9.614285714285714,4,19.95,7
Haryana,Panipat,2017,46,25.085714285714285,14.771428571428572,0.8,0,5,12.442857142857141,2,18.34,7
Haryana,Panipat,2017,47,23.585714285714285,10.242857142857144,0.0,0,7,13.728571428571428,0,21.3,7
Haryana,Panipat,2017,48,24.425,10.225,0.0,0,4,11.975000000000001,1,10.8,4
Haryana,Panipat,2018,35,30.0,25.549999999999997,28.8,2,0,11.35,0,4.6,2
Haryana,Panipat,2018,36,31.0,24.842857142857145,58.3,6,1,14.0,2,22.17,7
Haryana,Panipat,2018,37,31.814285714285717,24.442857142857143,3.5,2,4,13.642857142857142,2,30.64,7
Haryana,Panipat,2018,38,31.02857142857143,22.185714285714287,66.0,3,4,17.542857142857144,1,26.71,7
Haryana,Panipat,2018,39,30.099999999999998,22.114285714285717,40.0,2,3,12.885714285714286,3,24.310000000000002,7
Haryana,Panipat,2018,40,31.87142857142857,20.085714285714285,0.0,0,7,11.242857142857144,3,29.38,7
Haryana,Panipat,2018,41,29.814285714285713,18.357142857142858,15.100000000000001,1,5,14.457142857142857,2,26.810000000000002,7
Haryana,Panipat,2018,42,30.414285714285715,17.114285714285714,0.2,0,6,11.171428571428573,1,26.21,7
Haryana,Panipat,2018,43,29.214285714285715,14.657142857142857,0.0,0,7,12.5,0,25.7,7
Haryana,Panipat,2018,44,27.771428571428572,15.828571428571427,0.3,0,6,12.857142857142858,2,21.91,7
Haryana,Panipat,2018,45,26.12857142857143,12.914285714285715,0.0,0,7,11.1,3,22.05,7
Haryana,Panipat,2018,46,26.042857142857144,14.142857142857142,6.2,2,4,14.471428571428573,2,20.12,7
Haryana,Panipat,2018,47,25.74285714285714,12.799999999999999,0.0,0,7,14.385714285714286,0,21.240000000000002,7
Haryana,Panipat,2018,48,25.1,11.82,0.0,0,5,11.0,2,12.27,5
Haryana,Rewari,2012,35,33.2,25.7,11.8,1,0,10.65,1,7.7700000000000005,2
Haryana,Rewari,2012,36,30.37142857142857,25.2,17.6,4,1,20.085714285714285,1,23.72,7
Haryana,Rewari,2012,37,32.142857142857146,25.385714285714283,24.5,7,0,12.485714285714286,1,24.48,7
Haryana,Rewari,2012,38,31.728571428571428,23.071428571428573,3.5,2,4,11.242857142857144,2,28.88,7
Haryana,Rewari,2012,39,32.857142857142854,21.24285714285714,0.0,0,7,12.6,1,35.089999999999996,7
Haryana,Rewari,2012,40,34.58571428571428,19.542857142857144,0.0,0,7,11.642857142857142,2,35.75,7
Haryana,Rewari,2012,41,34.128571428571426,18.285714285714285,0.0,0,7,14.071428571428571,0,36.54,7
Haryana,Rewari,2012,42,32.15714285714286,19.900000000000002,1.1,0,5,10.171428571428573,4,30.07,7
Haryana,Rewari,2012,43,29.085714285714285,16.342857142857145,6.3,1,6,11.228571428571428,2,28.02,7
Haryana,Rewari,2012,44,29.32857142857143,15.342857142857143,0.0,0,7,9.957142857142857,3,27.36,7
Haryana,Rewari,2012,45,28.985714285714288,14.671428571428573,0.8,0,6,10.799999999999999,3,26.49,7
Haryana,Rewari,2012,46,27.099999999999998,13.828571428571427,0.0,0,7,10.542857142857143,1,23.97,7
Haryana,Rewari,2012,47,25.857142857142858,11.528571428571428,0.0,0,7,10.9,1,23.6,7
Haryana,Rewari,2012,48,24.6,10.78,0.5,0,4,11.48,1,15.86,5
Haryana,Rewari,2013,35,33.6,26.9,0.0,0,1,15.7,0,5.31,1
Haryana,Rewari,2013,36,33.98571428571429,25.842857142857145,0.1,0,7,17.814285714285713,0,43.59,7
Haryana,Rewari,2013,37,35.17142857142857,25.02857142857143,0.7000000000000001,0,6,10.328571428571427,1,35.04,7
Haryana,Rewari,2013,38,33.6,23.900000000000002,37.900000000000006,4,3,16.014285714285716,0,29.91,7
Haryana,Rewari,2013,39,31.957142857142856,25.085714285714285,15.9,3,0,12.071428571428571,1,25.97,7
Haryana,Rewari,2013,40,30.228571428571428,23.342857142857145,6.0,3,3,14.357142857142858,2,24.38,7
Haryana,Rewari,2013,41,30.942857142857143,22.97142857142857,8.1,3,4,11.871428571428572,2,25.26,7
Haryana,Rewari,2013,42,32.44285714285714,20.657142857142855,0.6,0,6,10.214285714285714,3,29.43,7
Haryana,Rewari,2013,43,31.042857142857144,18.37142857142857,0.0,0,7,9.471428571428572,5,28.8,7
Haryana,Rewari,2013,44,30.400000000000002,16.7,0.0,0,7,11.685714285714285,1,29.5,7
Haryana,Rewari,2013,45,26.5,14.5,2.4000000000000004,1,5,10.542857142857143,2,23.82,7
Haryana,Rewari,2013,46,25.17142857142857,11.0,0.0,0,7,10.985714285714286,1,25.25,7
Haryana,Rewari,2013,47,26.771428571428572,11.6,0.0,0,7,11.471428571428572,2,24.439999999999998,7
Haryana,Rewari,2013,48,27.3,13.549999999999999,0.0,0,6,14.533333333333333,0,21.77,6
Haryana,Rewari,2014,36,31.099999999999998,24.957142857142856,40.0,4,0,18.9,2,23.89,7
Haryana,Rewari,2014,37,32.34285714285714,24.87142857142857,17.8,3,0,11.1,1,27.42,7
Haryana,Rewari,2014,38,35.285714285714285,25.099999999999998,0.0,0,7,15.471428571428572,0,40.21,7
Haryana,Rewari,2014,39,36.15714285714286,25.142857142857142,0.0,0,7,18.785714285714285,0,47.72,7
Haryana,Rewari,2014,40,37.15714285714286,24.385714285714283,0.0,0,7,13.428571428571429,0,41.5,7
Haryana,Rewari,2014,41,35.51428571428571,23.099999999999998,1.9,1,5,11.37142857142857,2,36.72,7
Haryana,Rewari,2014,42,30.957142857142856,18.642857142857142,0.6000000000000001,0,5,11.257142857142856,4,29.91,7
Haryana,Rewari,2014,43,32.628571428571426,20.2,0.4,0,6,10.414285714285715,2,29.42,7
Haryana,Rewari,2014,44,31.24285714285714,18.614285714285717,0.0,0,7,10.614285714285714,3,29.12,7
Haryana,Rewari,2014,45,31.157142857142855,17.9,0.0,0,7,12.6,1,29.21,7
Haryana,Rewari,2014,46,27.685714285714287,12.857142857142858,0.0,0,7,11.614285714285714,1,29.47,7
Haryana,Rewari,2014,47,27.3,12.071428571428571,0.0,0,7,10.685714285714285,2,25.8,7
Haryana,Rewari,2014,48,27.357142857142858,13.271428571428572,0.0,0,7,10.771428571428572,3,24.54,7
Haryana,Rewari,2015,36,35.96666666666667,26.099999999999998,0.0,0,6,17.25,0,40.48,6
Haryana,Rewari,2015,37,37.15714285714286,25.357142857142858,0.0,0,7,14.742857142857144,1,45.0,7
Haryana,Rewari,2015,38,36.1,26.085714285714285,27.5,3,4,13.842857142857143,0,34.510000000000005,7
Haryana,Rewari,2015,39,33.24285714285714,24.25714285714286,9.299999999999999,1,6,15.642857142857142,0,34.83,7
Haryana,Rewari,2015,40,35.67142857142857,20.228571428571428,0.0,0,7,13.785714285714286,0,40.11,7
Haryana,Rewari,2015,41,36.91428571428571,22.885714285714283,0.0,0,7,17.314285714285713,0,44.46,7
Haryana,Rewari,2015,42,35.714285714285715,22.97142857142857,0.3,0,6,13.071428571428571,1,34.91,7
Haryana,Rewari,2015,43,34.114285714285714,20.685714285714287,0.0,0,7,12.771428571428572,0,34.43,7
Haryana,Rewari,2015,44,28.414285714285715,17.37142857142857,8.0,2,4,11.114285714285714,3,24.4,7
Haryana,Rewari,2015,45,29.214285714285715,18.5,2.3000000000000003,1,6,10.285714285714286,4,22.81,7
Haryana,Rewari,2015,46,29.400000000000002,17.071428571428573,1.5999999999999999,1,5,11.271428571428572,3,25.26,7
Haryana,Rewari,2015,47,27.357142857142858,13.257142857142856,0.0,0,7,10.814285714285715,2,25.54,7
Haryana,Rewari,2015,48,26.52857142857143,14.071428571428571,0.1,0,7,12.12857142857143,2,22.71,7
Haryana,Rewari,2015,49,27.1,13.8,0.0,0,1,9.6,1,2.88,1
Haryana,Rewari,2016,35,31.799999999999997,24.95,2.1,1,1,16.2,1,17.97,4
Haryana,Rewari,2016,36,32.628571428571426,24.728571428571428,0.0,0,7,16.914285714285715,0,38.879999999999995,7
Haryana,Rewari,2016,37,33.94285714285714,24.599999999999998,0.1,0,7,11.057142857142859,3,34.43,7
Haryana,Rewari,2016,38,34.18571428571429,24.985714285714288,0.6000000000000001,0,5,11.585714285714285,4,32.01,7
Haryana,Rewari,2016,39,35.24285714285714,25.542857142857144,0.8,0,5,10.885714285714286,1,33.19,7
Haryana,Rewari,2016,40,34.114285714285714,24.414285714285715,14.299999999999999,2,3,9.87142857142857,4,28.76,7
Haryana,Rewari,2016,41,34.528571428571425,20.12857142857143,0.0,0,7,13.571428571428571,1,37.86,7
Haryana,Rewari,2016,42,34.385714285714286,19.52857142857143,0.0,0,7,15.0,0,40.21,7
Haryana,Rewari,2016,43,32.885714285714286,17.95714285714286,0.0,0,7,13.5,2,34.8,7
Haryana,Rewari,2016,44,30.514285714285712,15.842857142857143,0.0,0,7,9.185714285714285,6,27.439999999999998,7
Haryana,Rewari,2016,45,30.042857142857144,15.114285714285714,0.0,0,7,12.057142857142859,1,29.27,7
Haryana,Rewari,2016,46,27.771428571428572,13.885714285714286,0.0,0,7,10.799999999999999,3,25.45,7
Haryana,Rewari,2016,47,28.557142857142857,14.071428571428571,0.0,0,7,14.485714285714286,1,29.1,7
Haryana,Rewari,2016,48,27.766666666666666,13.233333333333334,0.0,0,3,11.766666666666666,2,11.17,3
Haryana,Rewari,2017,35,29.733333333333334,24.666666666666668,34.4,2,0,13.933333333333332,1,8.559999999999999,3
Haryana,Rewari,2017,36,33.614285714285714,25.057142857142857,6.8,2,3,12.957142857142857,1,31.830000000000002,7
Haryana,Rewari,2017,37,34.800000000000004,25.942857142857143,4.5,2,4,11.657142857142857,3,30.77,7
Haryana,Rewari,2017,38,34.042857142857144,23.557142857142857,0.2,0,6,16.857142857142858,0,32.59,7
Haryana,Rewari,2017,39,37.1,24.014285714285712,0.0,0,7,13.5,0,38.03,7
Haryana,Rewari,2017,40,37.0,22.47142857142857,0.0,0,7,13.928571428571429,1,39.66,7
Haryana,Rewari,2017,41,35.885714285714286,22.099999999999998,0.0,0,7,11.37142857142857,1,35.21,7
Haryana,Rewari,2017,42,35.51428571428571,20.271428571428572,0.0,0,7,13.042857142857143,1,34.66,7
Haryana,Rewari,2017,43,32.84285714285714,18.47142857142857,0.0,0,7,10.571428571428571,1,30.34,7
Haryana,Rewari,2017,44,30.7,18.02857142857143,0.0,0,7,9.614285714285714,4,25.32,7
Haryana,Rewari,2017,45,29.314285714285713,16.728571428571428,0.0,0,7,9.571428571428571,7,23.07,7
Haryana,Rewari,2017,46,25.857142857142858,15.614285714285714,0.6,0,6,12.9,2,20.330000000000002,7
Haryana,Rewari,2017,47,24.414285714285715,11.014285714285714,0.0,0,7,12.685714285714285,1,24.29,7
Haryana,Rewari,2017,48,26.525,10.75,0.0,0,4,11.775,0,12.61,4
Haryana,Rewari,2018,35,31.05,25.4,19.8,1,0,15.75,0,6.2,2
Haryana,Rewari,2018,36,31.32857142857143,24.914285714285715,25.2,5,1,16.685714285714287,0,23.6,7
Haryana,Rewari,2018,37,32.542857142857144,24.82857142857143,2.7,1,4,15.214285714285714,1,32.92,7
Haryana,Rewari,2018,38,32.128571428571426,23.142857142857142,52.3,2,4,16.514285714285712,0,28.4,7
Haryana,Rewari,2018,39,31.628571428571426,22.071428571428573,12.4,1,6,13.857142857142858,0,27.71,7
Haryana,Rewari,2018,40,33.271428571428565,20.985714285714288,0.1,0,7,11.171428571428573,1,30.650000000000002,7
Haryana,Rewari,2018,41,32.385714285714286,19.17142857142857,0.2,0,6,12.071428571428571,2,30.75,7
Haryana,Rewari,2018,42,32.82857142857143,19.285714285714285,0.0,0,7,13.057142857142859,2,30.7,7
Haryana,Rewari,2018,43,31.142857142857142,17.014285714285712,0.1,0,7,11.442857142857141,1,29.3,7
Haryana,Rewari,2018,44,30.285714285714285,17.571428571428573,0.0,0,7,12.228571428571428,2,26.5,7
Haryana,Rewari,2018,45,27.542857142857144,13.542857142857143,0.0,0,7,11.728571428571428,1,25.46,7
Haryana,Rewari,2018,46,27.75714285714286,15.071428571428571,0.5,0,6,12.37142857142857,2,22.07,7
Haryana,Rewari,2018,47,27.071428571428573,14.142857142857142,0.0,0,7,13.514285714285714,2,22.7,7
Haryana,Rewari,2018,48,25.78,12.78,0.0,0,5,10.6,2,13.2,5
Haryana,Rohtak,2012,35,32.8,25.5,12.9,2,0,10.05,1,7.68,2
Haryana,Rohtak,2012,36,30.47142857142857,25.314285714285713,33.3,3,1,19.599999999999998,1,24.7,7
Haryana,Rohtak,2012,37,31.928571428571427,25.342857142857145,39.4,6,0,11.242857142857144,3,23.25,7
Haryana,Rohtak,2012,38,31.042857142857144,22.485714285714288,14.1,3,4,11.0,3,27.71,7
Haryana,Rohtak,2012,39,32.17142857142857,20.25714285714286,0.0,0,7,12.328571428571427,0,33.01,7
Haryana,Rohtak,2012,40,33.457142857142856,19.385714285714283,0.0,0,7,11.485714285714286,1,33.3,7
Haryana,Rohtak,2012,41,32.81428571428571,18.74285714285714,0.5,0,6,11.957142857142857,1,33.41,7
Haryana,Rohtak,2012,42,31.214285714285715,18.014285714285712,1.6,1,5,10.6,6,28.759999999999998,7
Haryana,Rohtak,2012,43,28.314285714285713,15.657142857142857,4.2,1,6,10.942857142857141,3,26.740000000000002,7
Haryana,Rohtak,2012,44,28.728571428571428,15.200000000000001,0.0,0,7,9.657142857142857,4,25.74,7
Haryana,Rohtak,2012,45,28.142857142857142,14.328571428571427,0.0,0,7,9.728571428571428,6,24.080000000000002,7
Haryana,Rohtak,2012,46,26.585714285714285,13.4,0.0,0,7,10.157142857142857,4,22.56,7
Haryana,Rohtak,2012,47,25.514285714285712,11.257142857142856,0.0,0,7,11.242857142857144,3,22.71,7
Haryana,Rohtak,2012,48,24.1,10.419999999999998,0.6,0,4,11.02,1,14.93,5
Haryana,Rohtak,2013,35,33.6,25.9,0.1,0,1,15.3,0,4.93,1
Haryana,Rohtak,2013,36,34.05714285714286,25.957142857142856,0.3,0,6,16.82857142857143,0,38.45,7
Haryana,Rohtak,2013,37,34.457142857142856,25.099999999999998,1.6,1,5,10.771428571428572,2,33.68,7
Haryana,Rohtak,2013,38,33.05714285714286,23.82857142857143,47.4,4,3,14.757142857142856,0,29.44,7
Haryana,Rohtak,2013,39,31.885714285714283,24.8,38.0,6,0,9.87142857142857,3,25.7,7
Haryana,Rohtak,2013,40,30.214285714285715,23.114285714285717,11.2,2,2,12.414285714285715,2,24.130000000000003,7
Haryana,Rohtak,2013,41,30.37142857142857,23.214285714285715,5.4,2,4,10.885714285714286,4,23.26,7
Haryana,Rohtak,2013,42,31.742857142857144,20.599999999999998,2.4,1,6,9.742857142857144,5,28.31,7
Haryana,Rohtak,2013,43,30.400000000000002,17.885714285714286,0.0,0,7,9.771428571428572,4,27.53,7
Haryana,Rohtak,2013,44,29.75714285714286,16.814285714285713,0.0,0,7,12.185714285714285,1,28.42,7
Haryana,Rohtak,2013,45,25.900000000000002,14.542857142857143,8.6,2,5,10.857142857142858,2,22.77,7
Haryana,Rohtak,2013,46,25.099999999999998,10.857142857142858,0.0,0,7,10.914285714285715,2,24.33,7
Haryana,Rohtak,2013,47,26.271428571428572,11.671428571428573,0.0,0,7,11.442857142857141,1,23.53,7
Haryana,Rohtak,2013,48,27.133333333333336,13.416666666666666,0.0,0,6,15.383333333333335,0,22.0,6
Haryana,Rohtak,2014,36,31.37142857142857,25.214285714285715,35.9,5,1,19.62857142857143,2,24.7,7
Haryana,Rohtak,2014,37,32.08571428571428,24.82857142857143,30.599999999999998,5,0,10.571428571428571,3,26.86,7
Haryana,Rohtak,2014,38,34.5,24.542857142857144,0.5,0,5,12.799999999999999,1,35.54,7
Haryana,Rohtak,2014,39,35.94285714285714,24.685714285714287,0.0,0,7,18.04285714285714,0,44.49,7
Haryana,Rohtak,2014,40,36.68571428571429,24.47142857142857,0.3,0,6,11.771428571428572,0,36.51,7
Haryana,Rohtak,2014,41,35.114285714285714,23.04285714285714,2.7,1,6,11.914285714285715,2,36.28,7
Haryana,Rohtak,2014,42,30.32857142857143,17.985714285714288,3.8,1,6,11.428571428571429,2,29.310000000000002,7
Haryana,Rohtak,2014,43,31.985714285714288,20.057142857142857,2.3,1,5,10.728571428571428,2,28.82,7
Haryana,Rohtak,2014,44,30.685714285714287,18.342857142857145,2.0,1,5,12.114285714285714,3,29.009999999999998,7
Haryana,Rohtak,2014,45,30.785714285714285,18.2,0.0,0,7,13.528571428571428,1,29.59,7
Haryana,Rohtak,2014,46,27.52857142857143,12.928571428571429,0.0,0,7,12.62857142857143,0,29.279999999999998,7
Haryana,Rohtak,2014,47,26.957142857142856,11.328571428571427,0.0,0,7,11.142857142857142,1,25.46,7
Haryana,Rohtak,2014,48,27.185714285714283,12.700000000000001,0.0,0,7,11.37142857142857,3,23.27,7
Haryana,Rohtak,2015,36,35.050000000000004,24.400000000000002,0.2,0,5,16.716666666666665,0,35.25,6
Haryana,Rohtak,2015,37,35.785714285714285,23.342857142857145,0.0,0,7,14.471428571428572,1,40.04,7
Haryana,Rohtak,2015,38,34.7,24.957142857142856,36.0,2,3,11.785714285714286,2,31.64,7
Haryana,Rohtak,2015,39,32.01428571428571,23.82857142857143,13.7,2,4,14.87142857142857,0,30.310000000000002,7
Haryana,Rohtak,2015,40,34.4,19.8,0.0,0,7,12.914285714285715,0,36.92,7
Haryana,Rohtak,2015,41,36.0,21.485714285714288,0.0,0,7,15.4,0,38.66,7
Haryana,Rohtak,2015,42,34.01428571428572,22.157142857142855,6.800000000000001,1,4,10.985714285714286,2,30.65,7
Haryana,Rohtak,2015,43,33.08571428571428,19.75714285714286,1.3,1,6,11.971428571428572,2,32.480000000000004,7
Haryana,Rohtak,2015,44,28.942857142857143,16.985714285714288,2.0,1,5,10.542857142857143,4,25.22,7
Haryana,Rohtak,2015,45,28.557142857142857,17.8,0.7,0,5,10.657142857142857,6,22.57,7
Haryana,Rohtak,2015,46,29.142857142857142,17.04285714285714,0.30000000000000004,0,6,11.857142857142858,3,25.84,7
Haryana,Rohtak,2015,47,27.357142857142858,12.957142857142857,0.6,0,6,11.328571428571427,3,25.53,7
Haryana,Rohtak,2015,48,26.185714285714287,13.12857142857143,0.8,0,6,12.414285714285715,3,20.98,7
Haryana,Rohtak,2015,49,26.4,13.5,0.0,0,1,9.2,1,2.76,1
Haryana,Rohtak,2016,35,31.875,24.975,6.7,1,2,16.125,0,17.3,4
Haryana,Rohtak,2016,36,33.18571428571429,25.185714285714287,0.0,0,7,17.228571428571428,0,38.8,7
Haryana,Rohtak,2016,37,33.98571428571429,24.957142857142856,0.0,0,7,10.057142857142859,5,34.15,7
Haryana,Rohtak,2016,38,33.628571428571426,24.914285714285715,3.4,2,4,11.314285714285715,4,30.85,7
Haryana,Rohtak,2016,39,34.44285714285714,25.057142857142857,1.2,0,5,9.414285714285715,6,30.41,7
Haryana,Rohtak,2016,40,33.75714285714286,24.5,9.8,1,3,10.442857142857141,4,27.64,7
Haryana,Rohtak,2016,41,34.471428571428575,19.042857142857144,0.0,0,7,12.614285714285714,1,37.66,7
Haryana,Rohtak,2016,42,34.22857142857143,18.928571428571427,0.0,0,7,15.0,0,38.35,7
Haryana,Rohtak,2016,43,32.6,17.485714285714288,0.0,0,7,12.700000000000001,2,32.99,7
Haryana,Rohtak,2016,44,30.142857142857142,16.45714285714286,0.0,0,7,10.014285714285714,5,26.509999999999998,7
Haryana,Rohtak,2016,45,29.642857142857142,15.171428571428573,0.0,0,7,12.685714285714285,1,27.67,7
Haryana,Rohtak,2016,46,27.614285714285717,14.157142857142857,0.0,0,7,11.514285714285714,3,24.95,7
Haryana,Rohtak,2016,47,28.942857142857143,14.085714285714285,0.0,0,7,15.985714285714286,1,30.0,7
Haryana,Rohtak,2016,48,27.400000000000002,13.033333333333333,0.0,0,3,12.0,2,10.86,3
Haryana,Rohtak,2017,35,29.599999999999998,24.666666666666668,19.9,3,0,15.366666666666665,0,8.290000000000001,3
Haryana,Rohtak,2017,36,33.142857142857146,24.900000000000002,4.9,2,3,12.285714285714286,0,31.02,7
Haryana,Rohtak,2017,37,34.128571428571426,25.685714285714287,0.8999999999999999,0,5,13.400000000000002,0,29.59,7
Haryana,Rohtak,2017,38,32.67142857142857,23.042857142857144,15.2,2,5,16.04285714285714,0,29.58,7
Haryana,Rohtak,2017,39,35.857142857142854,23.67142857142857,0.5,0,6,13.828571428571427,0,34.86,7
Haryana,Rohtak,2017,40,36.357142857142854,21.928571428571427,0.0,0,7,15.071428571428571,0,36.86,7
Haryana,Rohtak,2017,41,35.385714285714286,22.042857142857144,0.0,0,7,11.242857142857144,1,32.78,7
Haryana,Rohtak,2017,42,35.0,19.557142857142857,0.0,0,7,12.485714285714286,2,32.160000000000004,7
Haryana,Rohtak,2017,43,32.15714285714286,17.814285714285713,0.1,0,7,11.62857142857143,1,28.41,7
Haryana,Rohtak,2017,44,30.085714285714285,17.885714285714283,0.0,0,7,9.342857142857143,6,23.49,7
Haryana,Rohtak,2017,45,28.67142857142857,15.785714285714286,0.0,0,7,9.471428571428572,5,21.27,7
Haryana,Rohtak,2017,46,25.599999999999998,15.457142857142857,2.3,1,4,13.171428571428573,1,19.75,7
Haryana,Rohtak,2017,47,24.47142857142857,10.314285714285715,0.0,0,7,13.228571428571428,0,22.66,7
Haryana,Rohtak,2017,48,25.725,9.825,0.0,0,4,11.325,1,11.34,4
Haryana,Rohtak,2018,35,31.15,25.8,27.8,2,0,10.100000000000001,1,5.720000000000001,2
Haryana,Rohtak,2018,36,31.24285714285714,25.357142857142858,30.9,5,1,13.657142857142857,1,23.77,7
Haryana,Rohtak,2018,37,32.871428571428574,25.02857142857143,3.1999999999999997,1,4,14.1,1,32.79,7
Haryana,Rohtak,2018,38,32.08571428571428,23.157142857142855,94.39999999999999,3,4,17.485714285714288,0,28.28,7
Haryana,Rohtak,2018,39,30.571428571428573,22.114285714285717,53.7,1,4,12.614285714285714,3,25.19,7
Haryana,Rohtak,2018,40,32.57142857142857,20.400000000000002,1.1,1,6,10.928571428571429,3,29.54,7
Haryana,Rohtak,2018,41,30.87142857142857,19.285714285714285,2.0,1,5,13.685714285714285,2,28.32,7
Haryana,Rohtak,2018,42,31.52857142857143,17.871428571428574,0.3,0,6,10.642857142857142,3,26.96,7
Haryana,Rohtak,2018,43,30.3,15.957142857142857,0.0,0,7,11.414285714285715,0,27.09,7
Haryana,Rohtak,2018,44,29.214285714285715,16.6,0.5,0,5,12.328571428571427,3,23.73,7
Haryana,Rohtak,2018,45,26.885714285714283,13.614285714285714,0.0,0,7,10.657142857142857,4,23.13,7
Haryana,Rohtak,2018,46,26.82857142857143,14.542857142857143,8.6,2,5,14.057142857142855,1,20.43,7
Haryana,Rohtak,2018,47,26.657142857142855,13.242857142857144,0.0,0,7,13.671428571428573,1,21.64,7
Haryana,Rohtak,2018,48,25.860000000000003,12.24,0.0,0,5,10.86,2,12.98,5
Haryana,Sirsa,2012,35,33.4,26.45,3.2,1,0,11.399999999999999,0,8.04,2
Haryana,Sirsa,2012,36,31.099999999999998,25.657142857142855,40.8,6,0,19.771428571428572,0,25.28,7
Haryana,Sirsa,2012,37,32.72857142857143,25.557142857142857,36.2,5,0,10.4,4,25.33,7
Haryana,Sirsa,2012,38,32.214285714285715,22.585714285714285,2.3000000000000003,1,4,9.342857142857143,6,30.35,7
Haryana,Sirsa,2012,39,33.58571428571428,21.114285714285717,0.0,0,7,10.471428571428572,2,34.26,7
Haryana,Sirsa,2012,40,35.27142857142857,20.0,0.0,0,7,9.87142857142857,5,35.58,7
Haryana,Sirsa,2012,41,34.32857142857143,19.17142857142857,1.5,1,6,11.085714285714285,3,35.620000000000005,7
Haryana,Sirsa,2012,42,31.557142857142857,18.785714285714285,1.2000000000000002,0,5,10.485714285714286,6,28.990000000000002,7
Haryana,Sirsa,2012,43,29.014285714285712,15.857142857142858,2.0,1,6,10.214285714285714,5,26.85,7
Haryana,Sirsa,2012,44,30.042857142857144,16.95714285714286,0.0,0,7,7.971428571428571,7,25.47,7
Haryana,Sirsa,2012,45,29.17142857142857,15.657142857142857,0.0,0,7,9.642857142857142,6,25.35,7
Haryana,Sirsa,2012,46,27.12857142857143,14.1,0.0,0,7,8.742857142857144,7,21.94,7
Haryana,Sirsa,2012,47,25.900000000000002,12.285714285714286,0.0,0,7,10.771428571428572,4,22.77,7
Haryana,Sirsa,2012,48,24.419999999999998,11.42,0.0,0,5,11.74,2,15.64,5
Haryana,Sirsa,2013,35,35.9,26.9,0.0,0,1,12.7,0,5.55,1
Haryana,Sirsa,2013,36,36.01428571428572,26.900000000000002,0.0,0,7,17.285714285714285,0,43.18,7
Haryana,Sirsa,2013,37,37.042857142857144,26.5,2.3,1,5,12.857142857142858,0,38.32,7
Haryana,Sirsa,2013,38,35.385714285714286,24.5,7.6,2,3,15.485714285714286,1,35.77,7
Haryana,Sirsa,2013,39,33.84285714285714,25.87142857142857,14.8,6,0,10.614285714285714,4,28.87,7
Haryana,Sirsa,2013,40,32.614285714285714,24.0,6.8,2,5,11.057142857142859,1,28.22,7
Haryana,Sirsa,2013,41,32.7,24.728571428571428,14.2,4,3,11.414285714285715,3,26.67,7
Haryana,Sirsa,2013,42,33.642857142857146,21.12857142857143,0.1,0,7,9.342857142857143,5,30.72,7
Haryana,Sirsa,2013,43,32.08571428571428,19.042857142857144,0.0,0,7,9.828571428571427,3,30.119999999999997,7
Haryana,Sirsa,2013,44,30.400000000000002,17.285714285714285,0.0,0,7,10.014285714285714,4,28.96,7
Haryana,Sirsa,2013,45,26.0,14.742857142857144,8.7,1,5,10.928571428571429,2,22.99,7
Haryana,Sirsa,2013,46,25.685714285714287,11.471428571428572,0.0,0,7,11.585714285714285,0,24.87,7
Haryana,Sirsa,2013,47,27.057142857142857,11.542857142857143,0.0,0,7,11.071428571428571,3,23.37,7
Haryana,Sirsa,2013,48,27.666666666666668,13.616666666666667,0.0,0,6,12.733333333333334,2,19.95,6
Haryana,Sirsa,2014,36,30.614285714285717,25.400000000000002,81.0,5,0,20.657142857142855,1,20.67,7
Haryana,Sirsa,2014,37,32.614285714285714,25.185714285714287,11.9,3,1,8.571428571428571,5,28.83,7
Haryana,Sirsa,2014,38,34.24285714285714,24.071428571428573,0.3,0,6,12.185714285714285,2,34.68,7
Haryana,Sirsa,2014,39,34.528571428571425,23.485714285714288,0.0,0,7,16.157142857142855,0,39.57,7
Haryana,Sirsa,2014,40,35.94285714285714,23.74285714285714,0.6,0,6,11.242857142857144,3,36.8,7
Haryana,Sirsa,2014,41,34.642857142857146,22.400000000000002,0.5,0,6,10.085714285714285,4,34.35,7
Haryana,Sirsa,2014,42,30.11428571428571,18.3,2.0,1,6,10.957142857142857,4,30.16,7
Haryana,Sirsa,2014,43,32.2,20.057142857142857,1.8,1,5,9.542857142857143,4,28.919999999999998,7
Haryana,Sirsa,2014,44,30.7,17.95714285714286,0.2,0,6,11.328571428571427,2,28.52,7
Haryana,Sirsa,2014,45,30.02857142857143,18.071428571428573,0.30000000000000004,0,6,12.700000000000001,1,27.61,7
Haryana,Sirsa,2014,46,27.385714285714283,12.485714285714286,0.0,0,7,10.771428571428572,3,27.16,7
Haryana,Sirsa,2014,47,26.842857142857145,12.457142857142857,0.0,0,7,10.242857142857144,3,23.81,7
Haryana,Sirsa,2014,48,27.2,12.6,0.0,0,7,10.185714285714285,2,22.66,7
Haryana,Sirsa,2015,36,37.333333333333336,25.883333333333336,0.0,0,6,16.516666666666666,0,40.64,6
Haryana,Sirsa,2015,37,38.642857142857146,25.514285714285712,0.0,0,7,13.771428571428572,0,45.23,7
Haryana,Sirsa,2015,38,36.44285714285714,26.5,14.0,2,4,14.62857142857143,1,36.660000000000004,7
Haryana,Sirsa,2015,39,32.27142857142857,23.685714285714287,27.5,2,1,15.328571428571427,0,29.490000000000002,7
Haryana,Sirsa,2015,40,35.9,21.542857142857144,0.0,0,7,11.642857142857142,3,37.78,7
Haryana,Sirsa,2015,41,37.542857142857144,22.657142857142855,0.1,0,7,16.714285714285715,0,41.28,7
Haryana,Sirsa,2015,42,35.94285714285714,23.428571428571427,1.1,0,5,11.642857142857142,3,33.81,7
Haryana,Sirsa,2015,43,33.9,20.24285714285714,0.7,0,6,13.714285714285714,1,33.379999999999995,7
Haryana,Sirsa,2015,44,29.599999999999998,17.02857142857143,1.0,0,5,11.12857142857143,4,27.47,7
Haryana,Sirsa,2015,45,29.400000000000002,17.742857142857144,0.7,0,6,10.685714285714285,3,24.46,7
Haryana,Sirsa,2015,46,28.75714285714286,16.942857142857143,1.3,0,5,10.771428571428572,2,24.21,7
Haryana,Sirsa,2015,47,28.071428571428573,12.87142857142857,0.0,0,7,10.928571428571429,3,26.39,7
Haryana,Sirsa,2015,48,26.642857142857142,13.242857142857144,0.3,0,6,12.142857142857142,1,22.65,7
Haryana,Sirsa,2015,49,25.8,14.0,0.0,0,1,8.7,1,2.6,1
Haryana,Sirsa,2016,35,33.55,25.5,1.1,0,2,13.65,1,19.37,4
Haryana,Sirsa,2016,36,35.74285714285714,25.885714285714283,0.0,0,7,15.571428571428571,0,41.9,7
Haryana,Sirsa,2016,37,37.457142857142856,26.37142857142857,0.0,0,7,11.885714285714286,2,39.87,7
Haryana,Sirsa,2016,38,37.18571428571429,26.942857142857143,6.9,3,4,12.485714285714286,2,37.9,7
Haryana,Sirsa,2016,39,36.98571428571428,26.614285714285717,0.30000000000000004,0,6,9.942857142857141,3,35.64,7
Haryana,Sirsa,2016,40,35.51428571428571,25.5,9.5,1,3,10.900000000000002,3,30.78,7
Haryana,Sirsa,2016,41,36.0,20.599999999999998,0.0,0,7,10.757142857142856,4,38.71,7
Haryana,Sirsa,2016,42,35.142857142857146,19.97142857142857,0.0,0,7,14.242857142857144,0,38.25,7
Haryana,Sirsa,2016,43,33.72857142857143,18.271428571428572,0.0,0,7,11.928571428571429,2,33.74,7
Haryana,Sirsa,2016,44,31.3,17.214285714285715,0.0,0,7,9.9,4,27.39,7
Haryana,Sirsa,2016,45,30.400000000000002,15.842857142857143,0.0,0,7,12.071428571428571,2,28.4,7
Haryana,Sirsa,2016,46,28.285714285714285,13.642857142857142,0.0,0,7,10.442857142857141,3,25.1,7
Haryana,Sirsa,2016,47,28.985714285714288,14.357142857142858,0.0,0,7,12.771428571428572,3,26.74,7
Haryana,Sirsa,2016,48,28.933333333333334,13.866666666666667,0.0,0,3,11.233333333333334,1,11.13,3
Haryana,Sirsa,2017,35,30.333333333333332,25.266666666666666,74.60000000000001,2,0,13.6,1,8.780000000000001,3
Haryana,Sirsa,2017,36,33.528571428571425,25.728571428571428,5.6,2,3,10.485714285714286,4,30.34,7
Haryana,Sirsa,2017,37,35.25714285714286,25.485714285714288,0.4,0,6,10.728571428571428,2,33.51,7
Haryana,Sirsa,2017,38,35.75714285714286,24.085714285714285,0.0,0,7,11.471428571428572,2,36.15,7
Haryana,Sirsa,2017,39,36.471428571428575,23.52857142857143,0.0,0,7,11.414285714285715,0,36.37,7
Haryana,Sirsa,2017,40,36.31428571428571,22.928571428571427,0.0,0,7,11.87142857142857,3,36.62,7
Haryana,Sirsa,2017,41,35.41428571428572,22.485714285714288,0.2,0,6,9.785714285714286,5,31.79,7
Haryana,Sirsa,2017,42,34.15714285714286,20.385714285714283,0.0,0,7,10.528571428571428,2,30.21,7
Haryana,Sirsa,2017,43,32.1,18.942857142857143,0.0,0,7,11.985714285714286,2,29.310000000000002,7
Haryana,Sirsa,2017,44,29.900000000000002,17.985714285714288,0.0,0,7,9.971428571428572,3,22.71,7
Haryana,Sirsa,2017,45,27.67142857142857,15.842857142857143,0.0,0,7,8.72857142857143,7,18.52,7
Haryana,Sirsa,2017,46,24.25714285714286,14.3,2.0,1,5,12.442857142857145,1,17.95,7
Haryana,Sirsa,2017,47,24.085714285714285,10.014285714285714,0.0,0,7,11.814285714285715,0,20.17,7
Haryana,Sirsa,2017,48,25.225,10.075,0.0,0,4,9.375,3,10.54,4
Haryana,Sirsa,2018,35,36.05,29.0,0.0,0,2,13.15,0,9.96,2
Haryana,Sirsa,2018,36,35.642857142857146,27.514285714285712,8.1,1,3,12.957142857142857,1,31.96,7
Haryana,Sirsa,2018,37,36.27142857142857,26.571428571428573,0.30000000000000004,0,6,14.657142857142858,0,39.129999999999995,7
Haryana,Sirsa,2018,38,34.92857142857143,24.785714285714285,23.7,2,5,16.385714285714286,0,33.78,7
Haryana,Sirsa,2018,39,32.81428571428571,22.514285714285712,0.8,0,6,11.571428571428571,3,28.66,7
Haryana,Sirsa,2018,40,35.2,21.87142857142857,0.0,0,7,12.114285714285714,1,32.39,7
Haryana,Sirsa,2018,41,33.24285714285715,20.62857142857143,0.4,0,6,15.385714285714286,0,32.339999999999996,7
Haryana,Sirsa,2018,42,33.528571428571425,19.599999999999998,0.0,0,7,13.271428571428572,0,34.1,7
Haryana,Sirsa,2018,43,32.15714285714286,17.97142857142857,0.0,0,7,11.957142857142857,1,31.21,7
Haryana,Sirsa,2018,44,30.82857142857143,18.642857142857142,0.0,0,7,11.799999999999999,1,26.09,7
Haryana,Sirsa,2018,45,28.314285714285713,13.814285714285715,0.0,0,7,10.928571428571429,3,25.46,7
Haryana,Sirsa,2018,46,27.771428571428572,14.885714285714286,0.9,0,5,13.457142857142857,0,21.28,7
Haryana,Sirsa,2018,47,27.67142857142857,13.914285714285715,0.0,0,7,12.9,0,21.78,7
Haryana,Sirsa,2018,48,26.939999999999998,13.440000000000001,0.0,0,5,10.64,3,13.16,5
Haryana,Sonipat,2012,35,31.950000000000003,25.1,9.9,2,0,9.649999999999999,1,7.49,2
Haryana,Sonipat,2012,36,30.485714285714284,25.342857142857145,24.0,4,1,19.885714285714283,1,24.69,7
Haryana,Sonipat,2012,37,31.7,25.185714285714287,33.2,5,0,10.328571428571427,4,22.9,7
Haryana,Sonipat,2012,38,30.642857142857142,22.5,19.6,3,4,11.685714285714285,2,27.6,7
Haryana,Sonipat,2012,39,31.571428571428573,20.228571428571428,0.0,0,7,12.971428571428572,1,32.16,7
Haryana,Sonipat,2012,40,32.41428571428571,19.271428571428572,0.0,0,7,12.257142857142856,1,31.99,7
Haryana,Sonipat,2012,41,31.428571428571427,17.7,0.5,0,6,11.299999999999999,2,31.06,7
Haryana,Sonipat,2012,42,30.2,17.285714285714285,1.9,1,5,10.957142857142857,4,27.619999999999997,7
Haryana,Sonipat,2012,43,27.614285714285717,14.657142857142857,3.0,1,6,11.157142857142857,3,26.34,7
Haryana,Sonipat,2012,44,28.12857142857143,15.028571428571428,0.0,0,7,9.557142857142859,4,24.95,7
Haryana,Sonipat,2012,45,27.414285714285715,14.571428571428571,0.0,0,7,9.528571428571428,4,23.33,7
Haryana,Sonipat,2012,46,26.12857142857143,13.214285714285714,0.0,0,7,10.457142857142857,4,22.1,7
Haryana,Sonipat,2012,47,25.042857142857144,11.042857142857143,0.0,0,7,11.328571428571427,3,22.169999999999998,7
Haryana,Sonipat,2012,48,23.759999999999998,10.3,1.3,1,4,11.440000000000001,1,14.899999999999999,5
Haryana,Sonipat,2013,35,32.8,25.5,0.5,0,0,14.8,0,4.4,1
Haryana,Sonipat,2013,36,33.1,25.085714285714285,0.7,0,5,15.928571428571429,1,35.6,7
Haryana,Sonipat,2013,37,33.34285714285714,24.485714285714288,2.3,1,3,9.442857142857141,5,31.9,7
Haryana,Sonipat,2013,38,32.214285714285715,23.114285714285717,39.099999999999994,4,3,13.585714285714287,1,28.28,7
Haryana,Sonipat,2013,39,31.614285714285717,24.599999999999998,39.9,7,0,10.185714285714285,2,25.05,7
Haryana,Sonipat,2013,40,29.97142857142857,22.82857142857143,19.5,2,3,13.12857142857143,1,23.259999999999998,7
Haryana,Sonipat,2013,41,29.657142857142855,22.914285714285715,7.499999999999999,2,2,10.442857142857141,4,21.59,7
Haryana,Sonipat,2013,42,30.771428571428572,19.785714285714285,1.1,1,6,9.685714285714285,5,27.27,7
Haryana,Sonipat,2013,43,29.485714285714288,17.52857142857143,0.0,0,7,9.171428571428573,6,26.0,7
Haryana,Sonipat,2013,44,28.900000000000002,16.5,0.0,0,7,12.657142857142857,1,27.36,7
Haryana,Sonipat,2013,45,25.485714285714288,13.671428571428573,3.8000000000000003,1,5,10.528571428571428,4,22.04,7
Haryana,Sonipat,2013,46,24.985714285714288,10.942857142857141,0.0,0,7,10.642857142857142,3,23.66,7
Haryana,Sonipat,2013,47,25.8,11.257142857142856,0.0,0,7,11.785714285714286,1,22.97,7
Haryana,Sonipat,2013,48,26.733333333333334,13.1,0.0,0,6,15.866666666666667,1,22.3,6
Haryana,Sonipat,2014,36,31.071428571428573,25.042857142857144,69.1,6,0,19.771428571428572,2,25.36,7
Haryana,Sonipat,2014,37,31.571428571428573,24.599999999999998,20.8,4,0,10.728571428571428,2,26.29,7
Haryana,Sonipat,2014,38,33.457142857142856,23.914285714285715,0.5,0,5,12.357142857142858,1,32.75,7
Haryana,Sonipat,2014,39,35.042857142857144,24.014285714285712,0.0,0,7,17.514285714285712,0,41.77,7
Haryana,Sonipat,2014,40,35.58571428571428,24.214285714285715,0.0,0,7,12.0,1,33.28,7
Haryana,Sonipat,2014,41,34.5,22.52857142857143,0.2,0,6,11.714285714285714,2,35.35,7
Haryana,Sonipat,2014,42,29.928571428571427,17.742857142857144,2.0,1,5,11.714285714285714,2,28.72,7
Haryana,Sonipat,2014,43,31.37142857142857,19.214285714285715,2.0999999999999996,1,5,10.6,5,27.96,7
Haryana,Sonipat,2014,44,30.157142857142855,17.742857142857144,0.2,0,6,11.342857142857143,3,28.6,7
Haryana,Sonipat,2014,45,30.485714285714288,17.928571428571427,0.0,0,7,14.400000000000002,0,29.91,7
Haryana,Sonipat,2014,46,27.400000000000002,12.985714285714286,0.0,0,7,13.542857142857143,0,29.52,7
Haryana,Sonipat,2014,47,26.814285714285713,11.200000000000001,0.0,0,7,11.814285714285715,0,25.55,7
Haryana,Sonipat,2014,48,26.885714285714283,12.657142857142857,0.0,0,7,12.0,3,23.23,7
Haryana,Sonipat,2015,36,34.050000000000004,23.883333333333336,0.0,0,6,17.400000000000002,0,33.04,6
Haryana,Sonipat,2015,37,34.92857142857143,22.657142857142855,0.0,0,7,14.614285714285714,2,38.44,7
Haryana,Sonipat,2015,38,34.042857142857144,24.599999999999998,27.6,2,4,10.857142857142858,2,30.05,7
Haryana,Sonipat,2015,39,31.614285714285717,23.271428571428572,10.7,2,3,14.957142857142857,1,28.869999999999997,7
Haryana,Sonipat,2015,40,34.1,19.67142857142857,0.0,0,7,12.428571428571429,2,36.46,7
Haryana,Sonipat,2015,41,35.6,21.042857142857144,0.0,0,7,14.0,0,36.0,7
Haryana,Sonipat,2015,42,33.1,21.657142857142855,6.8999999999999995,1,6,12.0,2,28.93,7
Haryana,Sonipat,2015,43,32.528571428571425,19.400000000000002,1.1,1,6,11.957142857142857,2,32.19,7
Haryana,Sonipat,2015,44,29.042857142857144,16.857142857142858,2.0,1,4,9.685714285714285,4,24.9,7
Haryana,Sonipat,2015,45,28.400000000000002,17.571428571428573,0.7,0,6,9.9,5,21.68,7
Haryana,Sonipat,2015,46,29.2,17.085714285714285,0.7,0,6,12.242857142857144,3,26.5,7
Haryana,Sonipat,2015,47,27.414285714285715,13.085714285714285,0.4,0,6,10.728571428571428,4,24.919999999999998,7
Haryana,Sonipat,2015,48,26.085714285714285,13.328571428571431,0.6000000000000001,0,5,11.971428571428572,4,21.04,7
Haryana,Sonipat,2015,49,26.3,15.6,0.0,0,1,8.7,1,2.61,1
Haryana,Sonipat,2016,35,31.45,24.725,9.5,2,1,15.55,1,16.7,4
Haryana,Sonipat,2016,36,32.57142857142857,25.085714285714285,0.0,0,7,16.8,0,36.53,7
Haryana,Sonipat,2016,37,33.1,24.214285714285715,0.0,0,7,10.4,4,32.49,7
Haryana,Sonipat,2016,38,32.57142857142857,24.342857142857145,2.5,1,4,11.314285714285715,4,28.55,7
Haryana,Sonipat,2016,39,33.214285714285715,24.557142857142857,1.2,0,4,9.485714285714286,5,28.349999999999998,7
Haryana,Sonipat,2016,40,32.92857142857143,23.75714285714286,8.8,2,4,10.285714285714286,4,26.97,7
Haryana,Sonipat,2016,41,33.48571428571429,18.557142857142857,0.0,0,7,12.0,1,35.36,7
Haryana,Sonipat,2016,42,33.24285714285714,17.685714285714287,0.0,0,7,12.885714285714286,1,34.0,7
Haryana,Sonipat,2016,43,31.685714285714287,17.142857142857142,0.0,0,7,11.885714285714286,2,30.86,7
Haryana,Sonipat,2016,44,29.514285714285712,15.62857142857143,0.0,0,7,9.042857142857143,6,24.91,7
Haryana,Sonipat,2016,45,29.071428571428573,15.057142857142859,0.0,0,7,12.328571428571427,3,26.830000000000002,7
Haryana,Sonipat,2016,46,27.32857142857143,14.12857142857143,0.0,0,7,11.471428571428572,4,24.54,7
Haryana,Sonipat,2016,47,28.8,14.285714285714286,0.0,0,7,16.585714285714285,0,30.28,7
Haryana,Sonipat,2016,48,26.8,13.233333333333334,0.0,0,3,11.366666666666667,2,10.36,3
Haryana,Sonipat,2017,35,29.566666666666666,24.3,14.9,3,0,14.533333333333331,1,8.6,3
Haryana,Sonipat,2017,36,32.32857142857143,24.442857142857143,9.9,4,2,11.557142857142859,1,30.29,7
Haryana,Sonipat,2017,37,32.957142857142856,24.7,0.0,0,7,12.37142857142857,0,29.37,7
Haryana,Sonipat,2017,38,31.08571428571429,22.87142857142857,135.2,2,5,14.514285714285716,2,25.3,7
Haryana,Sonipat,2017,39,33.27142857142857,22.24285714285714,0.0,0,7,11.428571428571429,1,30.89,7
Haryana,Sonipat,2017,40,33.0,20.514285714285712,0.0,0,7,10.728571428571428,1,30.71,7
Haryana,Sonipat,2017,41,32.74285714285714,20.52857142857143,0.0,0,7,9.614285714285714,3,28.78,7
Haryana,Sonipat,2017,42,32.357142857142854,18.242857142857144,0.0,0,7,11.5,3,28.43,7
Haryana,Sonipat,2017,43,30.25714285714286,16.442857142857143,0.0,0,7,10.328571428571427,5,26.12,7
Haryana,Sonipat,2017,44,28.542857142857144,17.014285714285716,0.0,0,7,8.5,7,21.68,7
Haryana,Sonipat,2017,45,27.657142857142855,14.728571428571428,0.0,0,7,9.528571428571428,6,20.3,7
Haryana,Sonipat,2017,46,25.157142857142855,15.142857142857142,1.2,0,6,12.728571428571428,2,18.94,7
Haryana,Sonipat,2017,47,23.714285714285715,10.142857142857142,0.0,0,7,13.385714285714286,0,21.47,7
Haryana,Sonipat,2017,48,24.7,10.175,0.0,0,4,11.725,0,10.75,4
Haryana,Sonipat,2018,35,30.6,25.35,27.7,2,0,10.0,1,5.24,2
Haryana,Sonipat,2018,36,30.771428571428572,24.97142857142857,28.900000000000002,6,1,13.828571428571427,2,22.7,7
Haryana,Sonipat,2018,37,32.08571428571428,24.585714285714285,2.9000000000000004,1,4,13.485714285714286,2,30.99,7
Haryana,Sonipat,2018,38,31.214285714285715,22.47142857142857,98.30000000000001,3,4,17.485714285714288,1,27.09,7
Haryana,Sonipat,2018,39,30.157142857142855,22.228571428571428,31.5,2,4,12.285714285714286,3,24.28,7
Haryana,Sonipat,2018,40,32.07142857142857,20.099999999999998,0.0,0,7,10.657142857142857,2,29.39,7
Haryana,Sonipat,2018,41,30.099999999999998,18.8,2.2,1,5,14.171428571428573,2,27.03,7
Haryana,Sonipat,2018,42,30.457142857142856,17.657142857142855,0.1,0,7,10.700000000000001,2,26.04,7
Haryana,Sonipat,2018,43,29.37142857142857,15.071428571428571,0.0,0,7,12.042857142857143,1,25.59,7
Haryana,Sonipat,2018,44,28.114285714285717,16.45714285714286,0.0,0,7,13.157142857142857,3,22.41,7
Haryana,Sonipat,2018,45,26.157142857142855,13.157142857142857,0.0,0,7,10.87142857142857,4,22.28,7
Haryana,Sonipat,2018,46,26.185714285714287,14.085714285714285,3.2,1,5,14.299999999999999,1,19.9,7
Haryana,Sonipat,2018,47,25.900000000000002,12.942857142857141,0.0,0,7,13.957142857142857,1,20.93,7
Haryana,Sonipat,2018,48,25.259999999999998,11.959999999999999,0.0,0,5,11.1,2,12.4,5
Haryana,Yamunanagar,2012,35,31.55,24.7,12.9,2,0,9.15,2,6.71,2
Haryana,Yamunanagar,2012,36,30.7,24.52857142857143,41.4,5,0,12.928571428571429,2,24.55,7
Haryana,Yamunanagar,2012,37,30.7,24.599999999999998,32.4,7,0,10.328571428571427,3,20.38,7
Haryana,Yamunanagar,2012,38,29.914285714285715,22.014285714285712,32.4,3,4,13.485714285714286,2,26.5,7
Haryana,Yamunanagar,2012,39,30.87142857142857,20.285714285714285,0.0,0,7,13.057142857142859,1,30.48,7
Haryana,Yamunanagar,2012,40,31.47142857142857,19.857142857142858,0.0,0,7,12.9,2,31.52,7
Haryana,Yamunanagar,2012,41,30.042857142857144,17.057142857142857,0.0,0,7,9.528571428571428,5,28.57,7
Haryana,Yamunanagar,2012,42,28.74285714285714,16.228571428571428,2.1999999999999997,1,5,11.071428571428571,4,25.65,7
Haryana,Yamunanagar,2012,43,26.885714285714283,14.742857142857144,0.0,0,7,10.200000000000001,4,25.33,7
Haryana,Yamunanagar,2012,44,27.414285714285715,14.785714285714286,0.0,0,7,7.771428571428571,7,22.75,7
Haryana,Yamunanagar,2012,45,26.185714285714287,13.171428571428573,0.0,0,7,10.785714285714286,3,22.15,7
Haryana,Yamunanagar,2012,46,25.25714285714286,11.757142857142856,0.0,0,7,9.028571428571428,5,20.259999999999998,7
Haryana,Yamunanagar,2012,47,24.2,9.828571428571427,0.0,0,7,10.6,4,19.88,7
Haryana,Yamunanagar,2012,48,23.14,8.58,6.7,1,4,13.0,0,13.84,5
Haryana,Yamunanagar,2013,35,32.0,23.6,0.0,0,1,16.7,0,4.41,1
Haryana,Yamunanagar,2013,36,31.157142857142855,23.17142857142857,22.900000000000002,4,1,14.671428571428573,1,29.11,7
Haryana,Yamunanagar,2013,37,31.214285714285715,22.8,7.3,3,2,10.071428571428571,2,28.7,7
Haryana,Yamunanagar,2013,38,31.085714285714285,21.842857142857145,12.2,3,4,11.314285714285715,2,27.919999999999998,7
Haryana,Yamunanagar,2013,39,30.985714285714288,23.614285714285717,21.5,5,0,8.5,6,24.65,7
Haryana,Yamunanagar,2013,40,29.814285714285713,21.957142857142856,27.2,3,1,9.128571428571428,5,23.65,7
Haryana,Yamunanagar,2013,41,28.900000000000002,22.714285714285715,19.7,5,0,10.414285714285713,4,16.93,7
Haryana,Yamunanagar,2013,42,29.67142857142857,18.071428571428573,0.0,0,7,10.042857142857143,3,26.43,7
Haryana,Yamunanagar,2013,43,28.37142857142857,16.17142857142857,0.0,0,7,8.62857142857143,6,24.29,7
Haryana,Yamunanagar,2013,44,27.571428571428573,13.828571428571427,0.7,0,5,11.785714285714286,3,24.98,7
Haryana,Yamunanagar,2013,45,24.52857142857143,12.799999999999999,12.2,2,4,9.385714285714286,4,19.44,7
Haryana,Yamunanagar,2013,46,24.542857142857144,9.657142857142857,0.0,0,7,9.671428571428573,5,20.63,7
Haryana,Yamunanagar,2013,47,24.071428571428573,10.357142857142858,0.0,0,7,10.1,4,19.31,7
Haryana,Yamunanagar,2013,48,25.266666666666666,11.333333333333334,0.0,0,6,15.049999999999999,1,19.68,6
Haryana,Yamunanagar,2014,36,30.214285714285715,24.657142857142855,121.7,7,0,14.371428571428572,3,22.1,7
Haryana,Yamunanagar,2014,37,30.342857142857145,23.657142857142855,37.4,5,1,9.514285714285714,4,23.78,7
Haryana,Yamunanagar,2014,38,31.985714285714284,22.099999999999998,1.3,1,6,10.6,2,30.91,7
Haryana,Yamunanagar,2014,39,32.22857142857143,21.214285714285715,1.7,1,6,14.6,0,31.76,7
Haryana,Yamunanagar,2014,40,30.571428571428573,21.0,2.1,1,4,11.414285714285715,2,25.25,7
Haryana,Yamunanagar,2014,41,31.52857142857143,19.385714285714283,2.3,1,5,10.585714285714285,4,29.759999999999998,7
Haryana,Yamunanagar,2014,42,28.2,16.87142857142857,14.0,1,6,10.257142857142856,4,25.29,7
Haryana,Yamunanagar,2014,43,28.400000000000002,16.385714285714286,1.7,1,6,8.22857142857143,6,23.34,7
Haryana,Yamunanagar,2014,44,27.914285714285715,14.928571428571429,0.0,0,7,11.271428571428572,3,25.22,7
Haryana,Yamunanagar,2014,45,28.7,14.214285714285714,0.0,0,7,14.785714285714286,0,26.16,7
Haryana,Yamunanagar,2014,46,26.02857142857143,11.057142857142859,0.0,0,7,12.985714285714286,1,24.01,7
Haryana,Yamunanagar,2014,47,25.099999999999998,10.014285714285714,0.0,0,7,10.700000000000001,2,21.189999999999998,7
Haryana,Yamunanagar,2014,48,24.957142857142856,10.328571428571427,0.0,0,7,11.785714285714286,3,20.240000000000002,7
Haryana,Yamunanagar,2015,36,32.5,22.96666666666667,0.5,0,4,18.483333333333334,0,30.35,6
Haryana,Yamunanagar,2015,37,33.31428571428571,21.900000000000002,0.0,0,7,16.52857142857143,1,37.31,7
Haryana,Yamunanagar,2015,38,32.028571428571425,23.17142857142857,10.9,2,2,8.957142857142857,6,27.23,7
Haryana,Yamunanagar,2015,39,30.02857142857143,22.12857142857143,110.2,2,2,15.028571428571428,1,25.740000000000002,7
Haryana,Yamunanagar,2015,40,31.37142857142857,18.271428571428572,0.0,0,7,11.057142857142859,2,30.990000000000002,7
Haryana,Yamunanagar,2015,41,32.24285714285714,19.285714285714285,0.0,0,7,11.771428571428572,2,30.02,7
Haryana,Yamunanagar,2015,42,29.857142857142858,19.428571428571427,3.0,1,4,11.314285714285715,4,24.02,7
Haryana,Yamunanagar,2015,43,30.61428571428571,17.0,2.9,1,6,13.057142857142859,1,28.28,7
Haryana,Yamunanagar,2015,44,28.142857142857142,15.657142857142858,4.4,1,5,9.728571428571428,5,24.03,7
Haryana,Yamunanagar,2015,45,27.314285714285713,15.414285714285715,9.9,1,4,8.628571428571428,5,21.47,7
Haryana,Yamunanagar,2015,46,27.714285714285715,14.200000000000001,0.0,0,7,14.042857142857143,1,23.99,7
Haryana,Yamunanagar,2015,47,26.285714285714285,12.428571428571429,0.0,0,7,10.757142857142856,5,21.32,7
Haryana,Yamunanagar,2015,48,25.485714285714288,12.842857142857143,0.4,0,6,11.414285714285715,4,18.73,7
Haryana,Yamunanagar,2015,49,26.2,15.8,0.0,0,1,7.1,1,2.39,1
Haryana,Yamunanagar,2016,35,30.925,23.675,4.5,1,2,14.9,1,16.759999999999998,4
Haryana,Yamunanagar,2016,36,31.857142857142858,24.400000000000002,1.3,0,4,15.357142857142858,0,30.6,7
Haryana,Yamunanagar,2016,37,31.87142857142857,23.099999999999998,0.30000000000000004,0,6,10.271428571428572,4,29.86,7
Haryana,Yamunanagar,2016,38,31.042857142857144,23.12857142857143,14.600000000000001,2,3,10.657142857142857,4,26.29,7
Haryana,Yamunanagar,2016,39,31.457142857142856,23.342857142857145,2.5,1,4,9.114285714285714,4,25.68,7
Haryana,Yamunanagar,2016,40,31.900000000000002,22.47142857142857,0.8999999999999999,0,5,9.299999999999999,4,26.62,7
Haryana,Yamunanagar,2016,41,32.457142857142856,19.32857142857143,0.0,0,7,14.185714285714285,0,33.72,7
Haryana,Yamunanagar,2016,42,31.885714285714283,17.885714285714283,0.0,0,7,14.085714285714285,2,32.26,7
Haryana,Yamunanagar,2016,43,30.3,15.714285714285714,0.0,0,7,13.414285714285715,2,29.34,7
Haryana,Yamunanagar,2016,44,28.75714285714286,15.985714285714286,0.0,0,7,9.928571428571429,4,24.009999999999998,7
Haryana,Yamunanagar,2016,45,27.8,12.685714285714285,0.0,0,7,10.942857142857141,4,24.2,7
Haryana,Yamunanagar,2016,46,26.285714285714285,11.842857142857143,0.0,0,7,11.885714285714286,2,22.23,7
Haryana,Yamunanagar,2016,47,28.17142857142857,13.157142857142857,0.0,0,7,17.95714285714286,0,27.83,7
Haryana,Yamunanagar,2016,48,25.03333333333333,12.033333333333333,0.0,0,3,11.333333333333334,2,8.0,3
Haryana,Yamunanagar,2017,35,28.3,23.933333333333334,117.60000000000001,3,0,17.833333333333332,0,7.13,3
Haryana,Yamunanagar,2017,36,31.614285714285717,23.457142857142856,4.3,1,3,12.685714285714285,3,29.57,7
Haryana,Yamunanagar,2017,37,32.32857142857143,23.099999999999998,0.0,0,7,14.62857142857143,0,30.89,7
Haryana,Yamunanagar,2017,38,30.142857142857142,23.47142857142857,314.4,3,3,11.814285714285715,1,21.27,7
Haryana,Yamunanagar,2017,39,31.885714285714283,22.071428571428573,0.30000000000000004,0,6,15.414285714285715,1,30.380000000000003,7
Haryana,Yamunanagar,2017,40,32.028571428571425,21.17142857142857,0.0,0,7,12.942857142857141,3,29.63,7
Haryana,Yamunanagar,2017,41,31.485714285714288,19.442857142857143,0.0,0,7,10.657142857142857,4,28.240000000000002,7
Haryana,Yamunanagar,2017,42,31.142857142857142,17.27142857142857,0.0,0,7,12.62857142857143,2,27.87,7
Haryana,Yamunanagar,2017,43,28.771428571428572,14.771428571428572,0.0,0,7,11.971428571428572,4,25.8,7
Haryana,Yamunanagar,2017,44,27.271428571428572,15.557142857142859,0.0,0,7,9.042857142857143,5,20.44,7
Haryana,Yamunanagar,2017,45,26.685714285714287,13.528571428571428,0.0,0,7,9.62857142857143,4,18.939999999999998,7
Haryana,Yamunanagar,2017,46,24.714285714285715,12.9,0.3,0,6,12.642857142857142,2,18.14,7
Haryana,Yamunanagar,2017,47,22.814285714285713,9.5,0.0,0,7,13.5,0,18.65,7
Haryana,Yamunanagar,2017,48,23.425,8.15,0.0,0,4,11.925,1,9.93,4
Haryana,Yamunanagar,2018,35,29.25,25.0,37.9,2,0,10.649999999999999,1,3.94,2
Haryana,Yamunanagar,2018,36,31.0,24.771428571428572,36.6,6,0,11.528571428571428,3,21.26,7
Haryana,Yamunanagar,2018,37,31.271428571428572,23.514285714285712,12.7,4,2,14.22857142857143,1,29.69,7
Haryana,Yamunanagar,2018,38,30.214285714285715,22.014285714285712,93.1,3,4,17.185714285714287,1,26.16,7
Haryana,Yamunanagar,2018,39,29.985714285714288,21.32857142857143,120.8,2,4,14.342857142857143,1,24.689999999999998,7
Haryana,Yamunanagar,2018,40,31.17142857142857,17.514285714285712,0.0,0,7,14.914285714285715,1,30.33,7
Haryana,Yamunanagar,2018,41,29.099999999999998,16.67142857142857,3.1,1,5,15.642857142857142,1,26.52,7
Haryana,Yamunanagar,2018,42,29.557142857142857,14.9,0.0,0,7,11.457142857142857,3,26.29,7
Haryana,Yamunanagar,2018,43,28.228571428571428,13.157142857142857,0.0,0,7,12.757142857142856,1,25.06,7
Haryana,Yamunanagar,2018,44,27.17142857142857,15.571428571428571,3.3,1,5,14.757142857142856,4,22.19,7
Haryana,Yamunanagar,2018,45,25.585714285714285,12.657142857142857,0.0,0,7,11.299999999999999,3,20.78,7
Haryana,Yamunanagar,2018,46,25.400000000000002,12.642857142857142,0.6,0,6,13.728571428571428,3,20.759999999999998,7
Haryana,Yamunanagar,2018,47,25.385714285714283,11.314285714285715,0.0,0,7,14.771428571428572,1,20.46,7
Haryana,Yamunanagar,2018,48,24.919999999999998,12.08,0.0,0,5,11.940000000000001,1,11.33,5
Punjab,Amritsar,2012,35,32.55,25.6,3.3,1,0,7.3,2,8.15,2
Punjab,Amritsar,2012,36,30.25714285714286,24.685714285714287,55.9,5,1,11.1,3,20.29,7
Punjab,Amritsar,2012,37,31.857142857142858,24.728571428571428,20.4,5,2,8.842857142857143,4,24.85,7
Punjab,Amritsar,2012,38,30.571428571428573,22.0,29.6,2,3,9.914285714285715,4,25.09,7
Punjab,Amritsar,2012,39,32.68571428571429,21.02857142857143,0.0,0,7,9.128571428571428,5,31.36,7
Punjab,Amritsar,2012,40,33.471428571428575,19.614285714285717,0.0,0,7,9.028571428571428,6,30.34,7
Punjab,Amritsar,2012,41,31.97142857142857,17.428571428571427,0.5,0,6,8.971428571428572,5,27.88,7
Punjab,Amritsar,2012,42,28.857142857142858,16.75714285714286,1.0,0,6,9.771428571428572,5,23.87,7
Punjab,Amritsar,2012,43,27.571428571428573,14.928571428571429,0.4,0,6,8.471428571428572,6,23.76,7
Punjab,Amritsar,2012,44,28.814285714285713,16.17142857142857,0.0,0,7,8.885714285714286,7,23.44,7
Punjab,Amritsar,2012,45,27.17142857142857,13.928571428571429,2.4000000000000004,2,5,9.614285714285714,6,20.57,7
Punjab,Amritsar,2012,46,25.62857142857143,13.614285714285714,0.0,0,7,9.385714285714286,5,19.28,7
Punjab,Amritsar,2012,47,23.900000000000002,11.057142857142859,0.5,0,6,9.62857142857143,4,18.97,7
Punjab,Amritsar,2012,48,21.98,8.92,6.6000000000000005,1,3,11.24,0,12.33,5
Punjab,Amritsar,2013,35,32.8,25.2,0.0,0,1,5.4,1,4.25,1
Punjab,Amritsar,2013,36,32.0,24.642857142857142,9.7,3,2,8.72857142857143,5,29.169999999999998,7
Punjab,Amritsar,2013,37,31.74285714285714,23.7,1.7999999999999998,1,5,8.700000000000001,6,28.3,7
Punjab,Amritsar,2013,38,32.5,21.885714285714283,0.1,0,7,7.685714285714285,7,30.26,7
Punjab,Amritsar,2013,39,32.25714285714286,23.814285714285713,14.5,2,1,7.5,5,26.23,7
Punjab,Amritsar,2013,40,30.728571428571428,23.014285714285712,6.7,2,2,7.942857142857143,6,23.63,7
Punjab,Amritsar,2013,41,30.442857142857143,23.428571428571427,12.7,3,1,10.085714285714285,4,21.439999999999998,7
Punjab,Amritsar,2013,42,30.814285714285713,18.228571428571428,0.1,0,7,8.557142857142857,5,26.09,7
Punjab,Amritsar,2013,43,29.485714285714288,16.82857142857143,0.0,0,7,8.985714285714286,6,24.1,7
Punjab,Amritsar,2013,44,27.82857142857143,14.514285714285714,0.6000000000000001,0,5,10.985714285714286,2,23.759999999999998,7
Punjab,Amritsar,2013,45,23.728571428571428,12.814285714285715,14.9,2,5,8.77142857142857,6,17.87,7
Punjab,Amritsar,2013,46,23.942857142857143,10.6,0.0,0,7,9.842857142857143,3,20.06,7
Punjab,Amritsar,2013,47,24.442857142857143,10.428571428571429,0.0,0,7,9.971428571428572,4,19.11,7
Punjab,Amritsar,2013,48,24.816666666666666,11.0,0.0,0,6,11.549999999999999,2,17.27,6
Punjab,Amritsar,2014,36,28.228571428571428,23.97142857142857,212.4,6,1,17.871428571428574,1,15.78,7
Punjab,Amritsar,2014,37,31.085714285714285,23.514285714285712,3.2,1,3,6.5,7,27.27,7
Punjab,Amritsar,2014,38,32.41428571428572,23.099999999999998,0.0,0,7,7.357142857142857,6,29.009999999999998,7
Punjab,Amritsar,2014,39,32.15714285714286,23.014285714285712,0.1,0,7,8.042857142857143,6,28.38,7
Punjab,Amritsar,2014,40,31.928571428571427,23.271428571428572,1.3,0,4,9.057142857142857,5,26.169999999999998,7
Punjab,Amritsar,2014,41,31.014285714285712,20.285714285714285,21.8,1,6,10.342857142857143,2,26.119999999999997,7
Punjab,Amritsar,2014,42,27.714285714285715,16.071428571428573,0.3,0,6,10.214285714285714,5,25.61,7
Punjab,Amritsar,2014,43,29.485714285714288,17.74285714285714,0.9,0,5,8.214285714285714,6,24.14,7
Punjab,Amritsar,2014,44,28.042857142857144,15.328571428571427,0.8999999999999999,0,5,9.528571428571428,5,23.68,7
Punjab,Amritsar,2014,45,26.771428571428572,15.185714285714285,7.3,1,6,11.87142857142857,0,21.76,7
Punjab,Amritsar,2014,46,25.32857142857143,11.0,0.0,0,7,10.342857142857143,2,22.009999999999998,7
Punjab,Amritsar,2014,47,24.728571428571428,10.014285714285714,0.0,0,7,10.285714285714286,3,20.0,7
Punjab,Amritsar,2014,48,24.37142857142857,10.6,0.0,0,7,9.742857142857144,4,17.93,7
Punjab,Amritsar,2015,36,33.26666666666667,24.516666666666666,1.3,1,4,7.883333333333333,5,27.95,6
Punjab,Amritsar,2015,37,33.98571428571429,22.357142857142858,0.8,0,5,7.514285714285714,7,33.51,7
Punjab,Amritsar,2015,38,33.871428571428574,23.52857142857143,3.9,1,5,7.8,6,30.4,7
Punjab,Amritsar,2015,39,29.285714285714285,21.857142857142858,53.3,2,2,9.671428571428573,5,21.87,7
Punjab,Amritsar,2015,40,31.657142857142855,19.7,0.0,0,7,9.014285714285714,5,30.21,7
Punjab,Amritsar,2015,41,32.885714285714286,21.314285714285713,0.0,0,7,9.142857142857142,5,28.71,7
Punjab,Amritsar,2015,42,30.62857142857143,20.099999999999998,14.100000000000001,2,5,10.928571428571429,5,23.65,7
Punjab,Amritsar,2015,43,28.342857142857145,17.057142857142857,28.8,3,4,14.428571428571429,2,23.16,7
Punjab,Amritsar,2015,44,26.185714285714287,14.314285714285715,0.0,0,7,9.928571428571429,5,22.58,7
Punjab,Amritsar,2015,45,25.5,14.657142857142857,32.4,2,5,10.571428571428571,5,19.060000000000002,7
Punjab,Amritsar,2015,46,25.228571428571428,14.214285714285714,0.4,0,5,10.171428571428573,3,19.24,7
Punjab,Amritsar,2015,47,24.62857142857143,11.1,0.0,0,7,10.457142857142857,3,19.83,7
Punjab,Amritsar,2015,48,23.957142857142856,11.242857142857144,0.0,0,7,9.585714285714285,4,17.240000000000002,7
Punjab,Amritsar,2015,49,24.0,12.6,0.0,0,1,8.4,1,2.05,1
Punjab,Amritsar,2016,35,32.3,23.95,0.7,0,3,9.375,2,17.57,4
Punjab,Amritsar,2016,36,33.871428571428574,25.557142857142857,1.5999999999999999,1,6,8.214285714285714,7,31.42,7
Punjab,Amritsar,2016,37,33.8,24.657142857142855,1.8,1,6,8.057142857142857,7,31.009999999999998,7
Punjab,Amritsar,2016,38,33.24285714285714,24.7,1.6,0,5,9.700000000000001,5,28.700000000000003,7
Punjab,Amritsar,2016,39,33.528571428571425,24.67142857142857,0.9,0,5,9.971428571428572,3,27.61,7
Punjab,Amritsar,2016,40,34.128571428571426,23.585714285714285,5.0,1,3,10.0,4,29.15,7
Punjab,Amritsar,2016,41,33.51428571428571,19.057142857142857,0.0,0,7,10.185714285714285,3,31.56,7
Punjab,Amritsar,2016,42,32.44285714285714,18.342857142857145,0.0,0,7,9.142857142857142,6,28.07,7
Punjab,Amritsar,2016,43,30.785714285714285,16.6,0.0,0,7,9.842857142857143,5,25.89,7
Punjab,Amritsar,2016,44,28.914285714285715,16.857142857142858,0.0,0,7,8.828571428571427,4,22.25,7
Punjab,Amritsar,2016,45,27.557142857142857,13.714285714285714,2.4,1,6,11.657142857142858,3,22.67,7
Punjab,Amritsar,2016,46,26.342857142857145,12.171428571428573,0.0,0,7,10.200000000000001,3,20.75,7
Punjab,Amritsar,2016,47,26.314285714285717,13.585714285714285,0.0,0,7,10.857142857142858,3,20.65,7
Punjab,Amritsar,2016,48,25.53333333333333,11.333333333333334,0.0,0,3,9.666666666666666,2,8.03,3
Punjab,Amritsar,2017,35,30.400000000000002,23.733333333333334,9.3,2,0,10.1,1,10.2,3
Punjab,Amritsar,2017,36,31.97142857142857,24.400000000000002,8.4,3,2,8.871428571428572,6,27.69,7
Punjab,Amritsar,2017,37,33.34285714285714,23.085714285714285,1.0,0,6,9.942857142857141,5,32.8,7
Punjab,Amritsar,2017,38,33.6,21.814285714285713,0.2,0,7,8.814285714285715,5,31.35,7
Punjab,Amritsar,2017,39,34.52857142857143,22.62857142857143,0.0,0,7,9.114285714285714,5,31.799999999999997,7
Punjab,Amritsar,2017,40,34.371428571428574,21.3,0.0,0,7,10.985714285714286,4,30.919999999999998,7
Punjab,Amritsar,2017,41,33.385714285714286,20.0,1.0,0,6,11.214285714285714,3,28.14,7
Punjab,Amritsar,2017,42,32.214285714285715,18.185714285714287,0.0,0,7,10.357142857142858,3,27.02,7
Punjab,Amritsar,2017,43,29.82857142857143,15.571428571428571,0.0,0,7,9.542857142857143,5,23.7,7
Punjab,Amritsar,2017,44,28.0,15.87142857142857,0.0,0,7,7.957142857142857,7,19.69,7
Punjab,Amritsar,2017,45,26.485714285714288,15.028571428571428,0.1,0,7,8.885714285714286,7,16.84,7
Punjab,Amritsar,2017,46,22.785714285714285,12.242857142857144,16.0,3,4,10.642857142857142,4,14.42,7
Punjab,Amritsar,2017,47,22.32857142857143,8.828571428571427,0.0,0,7,10.299999999999999,3,16.25,7
Punjab,Amritsar,2017,48,22.85,8.525,0.0,0,4,9.075,2,8.59,4
Punjab,Amritsar,2018,35,32.8,26.55,1.8,1,1,13.85,0,7.89,2
Punjab,Amritsar,2018,36,32.55714285714286,25.7,15.8,2,3,9.171428571428573,5,25.71,7
Punjab,Amritsar,2018,37,31.657142857142855,23.514285714285712,19.799999999999997,3,3,12.9,2,28.08,7
Punjab,Amritsar,2018,38,31.52857142857143,21.957142857142856,102.8,2,5,11.685714285714285,4,26.9,7
Punjab,Amritsar,2018,39,30.771428571428572,21.085714285714285,2.8,1,6,9.1,6,26.98,7
Punjab,Amritsar,2018,40,31.057142857142857,18.942857142857143,0.0,0,7,11.171428571428573,2,27.41,7
Punjab,Amritsar,2018,41,29.3,17.3,1.0,0,5,13.9,2,25.56,7
Punjab,Amritsar,2018,42,29.657142857142855,15.928571428571429,0.0,0,7,10.314285714285715,2,25.31,7
Punjab,Amritsar,2018,43,28.585714285714285,14.5,0.3,0,6,10.342857142857143,3,23.55,7
Punjab,Amritsar,2018,44,27.0,16.242857142857144,30.500000000000004,3,4,12.714285714285714,4,19.79,7
Punjab,Amritsar,2018,45,24.585714285714285,11.742857142857144,0.1,0,7,9.757142857142856,3,17.83,7
Punjab,Amritsar,2018,46,23.842857142857145,11.757142857142856,0.30000000000000004,0,6,11.771428571428572,3,16.77,7
Punjab,Amritsar,2018,47,24.728571428571428,10.700000000000001,0.0,0,7,10.671428571428573,3,17.57,7
Punjab,Amritsar,2018,48,23.9,10.5,0.0,0,5,9.440000000000001,3,10.5,5
Punjab,Barnala,2012,35,32.6,25.7,5.0,1,0,9.3,2,8.01,2
Punjab,Barnala,2012,36,30.414285714285715,25.157142857142855,34.0,7,0,16.585714285714285,1,24.29,7
Punjab,Barnala,2012,37,31.942857142857143,24.75714285714286,39.8,5,0,8.27142857142857,5,24.45,7
Punjab,Barnala,2012,38,30.75714285714286,21.542857142857144,26.599999999999998,2,4,9.657142857142857,5,27.65,7
Punjab,Barnala,2012,39,32.25714285714286,20.542857142857144,0.0,0,7,9.414285714285715,5,31.92,7
Punjab,Barnala,2012,40,33.25714285714286,20.17142857142857,0.0,0,7,9.185714285714285,4,31.95,7
Punjab,Barnala,2012,41,32.25714285714286,18.5,1.5999999999999999,0,4,9.557142857142859,4,30.79,7
Punjab,Barnala,2012,42,30.17142857142857,17.37142857142857,0.3,0,6,10.4,6,27.04,7
Punjab,Barnala,2012,43,27.885714285714283,14.385714285714286,4.0,1,6,9.485714285714286,5,24.87,7
Punjab,Barnala,2012,44,28.957142857142856,15.928571428571429,0.0,0,7,8.385714285714286,7,24.71,7
Punjab,Barnala,2012,45,27.814285714285713,14.299999999999999,0.3,0,6,9.171428571428573,5,22.98,7
Punjab,Barnala,2012,46,26.25714285714286,12.942857142857141,0.0,0,7,9.171428571428573,6,20.97,7
Punjab,Barnala,2012,47,24.914285714285715,11.314285714285715,0.5,0,6,10.728571428571428,2,21.1,7
Punjab,Barnala,2012,48,23.34,9.86,0.1,0,5,11.379999999999999,1,14.120000000000001,5
Punjab,Barnala,2013,35,33.5,25.5,0.2,0,0,11.6,0,4.51,1
Punjab,Barnala,2013,36,33.41428571428571,24.885714285714283,2.5,1,4,10.771428571428572,1,32.65,7
Punjab,Barnala,2013,37,33.82857142857143,24.25714285714286,4.2,2,2,9.928571428571429,3,31.82,7
Punjab,Barnala,2013,38,33.285714285714285,22.842857142857145,14.5,2,3,11.314285714285715,4,30.96,7
Punjab,Barnala,2013,39,32.285714285714285,24.12857142857143,20.3,2,0,8.357142857142858,6,26.53,7
Punjab,Barnala,2013,40,31.142857142857142,22.928571428571427,2.4,1,4,9.785714285714286,3,25.09,7
Punjab,Barnala,2013,41,30.8,23.3,8.5,3,2,10.914285714285715,3,22.37,7
Punjab,Barnala,2013,42,32.25714285714286,19.314285714285713,0.4,0,6,8.542857142857143,6,28.72,7
Punjab,Barnala,2013,43,30.8,17.728571428571428,0.0,0,7,9.085714285714285,5,27.13,7
Punjab,Barnala,2013,44,29.057142857142857,15.742857142857144,1.7,1,5,10.885714285714286,2,26.34,7
Punjab,Barnala,2013,45,25.114285714285717,13.228571428571428,16.6,1,5,10.014285714285714,3,20.88,7
Punjab,Barnala,2013,46,24.885714285714283,10.214285714285714,0.0,0,7,10.87142857142857,2,22.89,7
Punjab,Barnala,2013,47,25.685714285714287,10.542857142857143,0.0,0,7,10.428571428571429,3,21.42,7
Punjab,Barnala,2013,48,26.416666666666668,12.450000000000001,0.0,0,6,13.183333333333332,1,19.64,6
Punjab,Barnala,2014,36,30.071428571428573,24.885714285714283,88.5,5,0,19.742857142857144,1,20.73,7
Punjab,Barnala,2014,37,31.657142857142855,24.25714285714286,19.8,4,0,7.714285714285714,6,26.990000000000002,7
Punjab,Barnala,2014,38,33.51428571428572,23.585714285714285,0.5,0,5,9.085714285714285,6,31.400000000000002,7
Punjab,Barnala,2014,39,34.48571428571429,22.7,0.0,0,7,12.62857142857143,1,35.6,7
Punjab,Barnala,2014,40,35.65714285714286,24.042857142857144,0.5,0,6,10.828571428571427,2,32.23,7
Punjab,Barnala,2014,41,34.542857142857144,21.74285714285714,0.6000000000000001,0,5,11.085714285714285,3,33.15,7
Punjab,Barnala,2014,42,30.185714285714287,17.742857142857144,2.3,1,6,10.87142857142857,3,29.18,7
Punjab,Barnala,2014,43,32.0,18.97142857142857,0.2,0,6,9.557142857142859,6,28.22,7
Punjab,Barnala,2014,44,30.085714285714285,16.814285714285713,1.7,1,6,11.285714285714286,3,27.509999999999998,7
Punjab,Barnala,2014,45,29.457142857142856,16.942857142857143,0.8,0,6,13.071428571428571,1,26.91,7
Punjab,Barnala,2014,46,27.24285714285714,11.642857142857142,0.0,0,7,11.571428571428571,2,25.96,7
Punjab,Barnala,2014,47,26.642857142857142,11.299999999999999,0.0,0,7,10.799999999999999,1,23.59,7
Punjab,Barnala,2014,48,26.8,12.028571428571428,0.0,0,7,10.785714285714286,3,21.74,7
Punjab,Barnala,2015,36,34.0,24.099999999999998,0.0,0,6,11.816666666666668,2,30.62,6
Punjab,Barnala,2015,37,34.57142857142857,22.542857142857144,0.0,0,7,10.985714285714286,2,35.66,7
Punjab,Barnala,2015,38,32.91428571428572,23.47142857142857,19.7,2,3,10.114285714285714,5,29.02,7
Punjab,Barnala,2015,39,30.271428571428572,22.17142857142857,45.8,3,1,11.828571428571427,4,24.03,7
Punjab,Barnala,2015,40,32.27142857142857,19.914285714285715,0.0,0,7,9.842857142857143,4,31.69,7
Punjab,Barnala,2015,41,33.91428571428572,20.8,0.0,0,7,10.757142857142856,2,31.07,7
Punjab,Barnala,2015,42,32.0,20.585714285714285,9.4,2,4,11.157142857142857,5,26.689999999999998,7
Punjab,Barnala,2015,43,30.614285714285717,18.0,20.4,2,4,11.671428571428573,3,26.79,7
Punjab,Barnala,2015,44,27.557142857142857,15.200000000000001,1.2,1,6,9.9,5,23.98,7
Punjab,Barnala,2015,45,27.385714285714283,15.728571428571428,2.2,1,6,9.542857142857143,5,21.189999999999998,7
Punjab,Barnala,2015,46,27.2,14.957142857142857,1.1,0,5,10.042857142857143,4,21.99,7
Punjab,Barnala,2015,47,26.400000000000002,11.9,0.0,0,7,10.87142857142857,4,22.97,7
Punjab,Barnala,2015,48,25.342857142857145,12.085714285714285,0.0,0,7,11.62857142857143,1,19.419999999999998,7
Punjab,Barnala,2015,49,24.9,13.3,0.0,0,1,8.1,1,2.38,1
Punjab,Barnala,2016,35,32.575,24.7,2.3,1,3,11.55,1,17.77,4
Punjab,Barnala,2016,36,35.0,25.97142857142857,0.0,0,7,11.9,0,38.69,7
Punjab,Barnala,2016,37,36.24285714285714,25.042857142857144,0.3,0,6,9.714285714285714,5,35.3,7
Punjab,Barnala,2016,38,35.25714285714286,25.514285714285712,2.0999999999999996,1,4,10.62857142857143,4,32.25,7
Punjab,Barnala,2016,39,35.01428571428571,25.085714285714285,0.2,0,6,8.5,6,30.54,7
Punjab,Barnala,2016,40,35.34285714285714,24.728571428571428,1.5,0,4,11.471428571428572,1,31.59,7
Punjab,Barnala,2016,41,34.971428571428575,20.357142857142858,0.0,0,7,11.185714285714285,0,36.54,7
Punjab,Barnala,2016,42,34.01428571428571,19.214285714285715,0.0,0,7,11.042857142857143,1,33.7,7
Punjab,Barnala,2016,43,32.128571428571426,17.757142857142856,0.0,0,7,10.385714285714286,4,29.65,7
Punjab,Barnala,2016,44,30.042857142857144,16.342857142857145,0.0,0,7,9.671428571428573,5,25.27,7
Punjab,Barnala,2016,45,29.285714285714285,15.057142857142855,0.2,0,6,12.428571428571429,1,26.54,7
Punjab,Barnala,2016,46,27.428571428571427,12.928571428571429,0.0,0,7,10.828571428571427,3,23.48,7
Punjab,Barnala,2016,47,28.099999999999998,13.785714285714286,0.0,0,7,13.271428571428572,1,24.79,7
Punjab,Barnala,2016,48,26.96666666666667,12.200000000000001,0.0,0,3,10.833333333333334,2,9.61,3
Punjab,Barnala,2017,35,29.96666666666667,24.099999999999998,23.3,3,0,11.1,1,8.780000000000001,3
Punjab,Barnala,2017,36,32.714285714285715,24.342857142857145,14.1,4,2,10.6,3,29.28,7
Punjab,Barnala,2017,37,33.9,23.728571428571428,4.1,1,4,12.014285714285714,1,32.660000000000004,7
Punjab,Barnala,2017,38,33.41428571428572,21.714285714285715,0.1,0,7,10.242857142857144,2,30.79,7
Punjab,Barnala,2017,39,35.1,22.400000000000002,0.8,0,6,9.728571428571428,4,31.48,7
Punjab,Barnala,2017,40,35.58571428571428,21.099999999999998,0.0,0,7,10.471428571428572,1,33.18,7
Punjab,Barnala,2017,41,34.32857142857143,20.32857142857143,1.2,0,4,10.342857142857142,3,29.04,7
Punjab,Barnala,2017,42,33.371428571428574,18.5,0.0,0,7,11.1,0,27.58,7
Punjab,Barnala,2017,43,31.157142857142855,16.2,0.0,0,7,10.671428571428573,3,26.52,7
Punjab,Barnala,2017,44,28.87142857142857,15.828571428571427,0.0,0,7,9.271428571428572,5,20.84,7
Punjab,Barnala,2017,45,26.857142857142858,14.942857142857145,0.0,0,7,9.885714285714286,4,17.84,7
Punjab,Barnala,2017,46,23.400000000000002,12.985714285714286,12.3,1,5,11.771428571428572,3,15.69,7
Punjab,Barnala,2017,47,22.857142857142858,8.957142857142857,0.0,0,7,11.0,1,17.43,7
Punjab,Barnala,2017,48,23.55,9.025,0.0,0,4,10.325,1,9.19,4
Punjab,Barnala,2018,35,31.8,26.15,0.6,0,1,13.1,0,6.85,2
Punjab,Barnala,2018,36,32.07142857142857,25.5,25.7,6,1,8.914285714285715,5,25.04,7
Punjab,Barnala,2018,37,32.81428571428571,24.314285714285713,1.4,0,3,9.385714285714286,5,30.22,7
Punjab,Barnala,2018,38,31.7,22.25714285714286,175.6,2,5,13.885714285714286,2,26.74,7
Punjab,Barnala,2018,39,30.12857142857143,21.014285714285712,31.5,2,4,10.428571428571429,5,24.14,7
Punjab,Barnala,2018,40,31.771428571428572,19.142857142857142,0.0,0,7,10.457142857142857,3,28.43,7
Punjab,Barnala,2018,41,29.97142857142857,18.114285714285714,3.4,1,6,13.457142857142857,1,25.63,7
Punjab,Barnala,2018,42,30.32857142857143,16.6,0.7,0,6,11.4,1,25.27,7
Punjab,Barnala,2018,43,29.900000000000002,14.814285714285715,0.0,0,7,10.885714285714286,0,24.87,7
Punjab,Barnala,2018,44,28.228571428571428,16.17142857142857,0.2,0,6,12.985714285714286,3,21.66,7
Punjab,Barnala,2018,45,26.714285714285715,12.071428571428571,0.0,0,7,10.37142857142857,4,21.35,7
Punjab,Barnala,2018,46,26.071428571428573,12.785714285714286,0.2,0,6,12.485714285714286,0,18.87,7
Punjab,Barnala,2018,47,26.32857142857143,11.914285714285715,0.0,0,7,12.299999999999999,0,19.84,7
Punjab,Barnala,2018,48,25.419999999999998,11.36,0.0,0,5,9.36,3,11.379999999999999,5
Punjab,Bathinda,2012,35,33.15,26.1,5.9,1,0,9.85,1,7.95,2
Punjab,Bathinda,2012,36,31.099999999999998,25.442857142857143,34.9,6,0,18.185714285714287,0,24.55,7
Punjab,Bathinda,2012,37,32.6,25.0,52.0,6,1,10.0,5,25.509999999999998,7
Punjab,Bathinda,2012,38,31.82857142857143,22.099999999999998,14.000000000000002,2,4,9.771428571428572,5,28.5,7
Punjab,Bathinda,2012,39,33.42857142857143,21.47142857142857,0.0,0,7,9.357142857142858,5,33.15,7
Punjab,Bathinda,2012,40,34.82857142857143,20.62857142857143,0.0,0,7,9.557142857142859,5,34.08,7
Punjab,Bathinda,2012,41,33.72857142857143,18.928571428571427,3.7,2,5,10.457142857142857,2,33.15,7
Punjab,Bathinda,2012,42,30.97142857142857,18.32857142857143,2.0,1,5,10.971428571428572,5,28.209999999999997,7
Punjab,Bathinda,2012,43,28.642857142857142,15.700000000000001,4.8,1,6,10.228571428571428,4,26.2,7
Punjab,Bathinda,2012,44,29.785714285714285,17.157142857142855,0.0,0,7,9.185714285714285,7,25.97,7
Punjab,Bathinda,2012,45,28.728571428571428,15.4,0.0,0,7,9.914285714285715,5,24.44,7
Punjab,Bathinda,2012,46,26.900000000000002,13.714285714285714,0.0,0,7,9.571428571428571,6,21.71,7
Punjab,Bathinda,2012,47,25.67142857142857,12.028571428571428,0.2,0,6,11.1,2,22.18,7
Punjab,Bathinda,2012,48,24.04,10.8,0.0,0,5,11.52,1,15.06,5
Punjab,Bathinda,2013,35,35.3,26.4,0.2,0,0,11.7,0,5.0,1
Punjab,Bathinda,2013,36,35.214285714285715,25.985714285714288,1.3,0,4,13.785714285714286,0,37.06,7
Punjab,Bathinda,2013,37,35.91428571428572,25.571428571428573,3.4,2,3,11.842857142857143,0,34.78,7
Punjab,Bathinda,2013,38,34.65714285714286,23.7,14.899999999999999,3,3,12.685714285714285,2,33.32,7
Punjab,Bathinda,2013,39,33.48571428571429,25.02857142857143,13.6,2,1,9.614285714285714,5,28.0,7
Punjab,Bathinda,2013,40,32.17142857142857,23.7,2.4,1,5,10.242857142857144,3,27.1,7
Punjab,Bathinda,2013,41,31.857142857142858,24.114285714285717,11.2,3,2,11.928571428571429,3,24.84,7
Punjab,Bathinda,2013,42,33.357142857142854,20.485714285714288,1.7,1,6,9.485714285714286,5,30.62,7
Punjab,Bathinda,2013,43,31.82857142857143,18.185714285714287,0.0,0,7,9.185714285714285,5,28.8,7
Punjab,Bathinda,2013,44,30.0,16.642857142857142,1.4,1,6,11.4,1,28.240000000000002,7
Punjab,Bathinda,2013,45,25.67142857142857,14.285714285714286,15.1,1,5,10.828571428571427,2,22.06,7
Punjab,Bathinda,2013,46,25.428571428571427,11.114285714285714,0.0,0,7,11.614285714285714,1,24.17,7
Punjab,Bathinda,2013,47,26.514285714285712,11.057142857142855,0.0,0,7,10.957142857142857,3,22.61,7
Punjab,Bathinda,2013,48,27.25,13.0,0.0,0,6,13.299999999999999,1,19.939999999999998,6
Punjab,Bathinda,2014,36,30.25714285714286,25.271428571428572,96.8,5,0,19.914285714285715,1,19.81,7
Punjab,Bathinda,2014,37,32.27142857142857,24.75714285714286,6.0,2,2,8.614285714285716,6,27.810000000000002,7
Punjab,Bathinda,2014,38,34.08571428571428,24.085714285714285,0.6,0,5,8.714285714285714,6,32.4,7
Punjab,Bathinda,2014,39,34.528571428571425,23.17142857142857,0.0,0,7,12.62857142857143,2,36.67,7
Punjab,Bathinda,2014,40,35.871428571428574,24.32857142857143,0.1,0,7,10.657142857142857,2,34.05,7
Punjab,Bathinda,2014,41,34.67142857142857,22.485714285714288,0.4,0,6,11.014285714285714,2,33.56,7
Punjab,Bathinda,2014,42,30.271428571428572,18.414285714285715,0.6,0,6,11.514285714285714,4,30.66,7
Punjab,Bathinda,2014,43,32.285714285714285,19.842857142857145,0.0,0,7,10.085714285714285,3,29.0,7
Punjab,Bathinda,2014,44,30.485714285714288,17.4,2.5,1,5,11.299999999999999,4,27.67,7
Punjab,Bathinda,2014,45,29.599999999999998,17.37142857142857,0.8999999999999999,0,5,12.700000000000001,1,26.82,7
Punjab,Bathinda,2014,46,27.442857142857143,11.714285714285714,0.0,0,7,11.414285714285713,2,26.65,7
Punjab,Bathinda,2014,47,26.900000000000002,11.671428571428573,0.0,0,7,10.557142857142859,2,23.77,7
Punjab,Bathinda,2014,48,27.24285714285714,12.214285714285714,0.0,0,7,10.642857142857142,2,22.52,7
Punjab,Bathinda,2015,36,36.483333333333334,25.5,0.0,0,6,13.216666666666667,0,36.16,6
Punjab,Bathinda,2015,37,37.699999999999996,24.414285714285715,0.1,0,7,12.042857142857143,1,40.42,7
Punjab,Bathinda,2015,38,35.24285714285715,25.485714285714288,18.1,1,4,12.385714285714286,1,33.08,7
Punjab,Bathinda,2015,39,31.52857142857143,23.014285714285712,37.0,3,1,13.542857142857143,1,25.43,7
Punjab,Bathinda,2015,40,34.642857142857146,21.37142857142857,0.0,0,7,10.285714285714286,4,34.0,7
Punjab,Bathinda,2015,41,36.528571428571425,22.614285714285717,0.2,0,7,12.557142857142859,2,34.91,7
Punjab,Bathinda,2015,42,34.77142857142857,22.75714285714286,1.7,0,4,13.214285714285714,3,29.77,7
Punjab,Bathinda,2015,43,32.48571428571429,19.142857142857142,13.6,2,5,12.171428571428573,2,29.53,7
Punjab,Bathinda,2015,44,28.585714285714285,16.242857142857144,4.3,1,6,10.442857142857141,5,25.61,7
Punjab,Bathinda,2015,45,28.614285714285717,16.342857142857145,0.9,0,6,10.314285714285715,4,23.0,7
Punjab,Bathinda,2015,46,28.214285714285715,15.985714285714286,0.2,0,6,9.857142857142858,4,23.4,7
Punjab,Bathinda,2015,47,27.771428571428572,12.671428571428573,0.0,0,7,11.442857142857141,2,25.27,7
Punjab,Bathinda,2015,48,26.442857142857143,12.814285714285715,0.1,0,7,11.957142857142857,1,21.9,7
Punjab,Bathinda,2015,49,25.3,14.3,0.0,0,1,8.4,1,2.41,1
Punjab,Bathinda,2016,35,33.025,25.025,2.0,1,3,12.275,1,18.63,4
Punjab,Bathinda,2016,36,35.114285714285714,26.0,0.0,0,7,13.514285714285714,0,40.11,7
Punjab,Bathinda,2016,37,36.41428571428571,25.842857142857145,0.0,0,7,10.8,5,36.81,7
Punjab,Bathinda,2016,38,36.0,26.342857142857145,1.6,0,5,11.014285714285714,3,34.89,7
Punjab,Bathinda,2016,39,35.8,25.82857142857143,0.0,0,7,8.814285714285715,6,32.2,7
Punjab,Bathinda,2016,40,35.68571428571429,25.042857142857144,1.2,1,6,11.428571428571429,2,32.07,7
Punjab,Bathinda,2016,41,35.22857142857143,21.2,0.0,0,7,10.557142857142859,2,36.51,7
Punjab,Bathinda,2016,42,34.285714285714285,19.442857142857143,0.0,0,7,11.314285714285715,2,34.28,7
Punjab,Bathinda,2016,43,32.75714285714286,18.071428571428573,0.0,0,7,10.357142857142858,3,30.470000000000002,7
Punjab,Bathinda,2016,44,30.514285714285712,16.857142857142858,0.0,0,7,9.757142857142856,5,25.68,7
Punjab,Bathinda,2016,45,29.87142857142857,15.37142857142857,0.8,0,6,12.428571428571429,2,26.98,7
Punjab,Bathinda,2016,46,27.87142857142857,13.314285714285713,0.0,0,7,10.857142857142858,3,24.08,7
Punjab,Bathinda,2016,47,28.614285714285717,14.142857142857142,0.0,0,7,13.242857142857144,1,25.78,7
Punjab,Bathinda,2016,48,28.0,13.033333333333333,0.0,0,3,11.1,1,10.24,3
Punjab,Bathinda,2017,35,30.599999999999998,24.633333333333336,23.8,3,0,11.366666666666667,1,9.37,3
Punjab,Bathinda,2017,36,33.785714285714285,25.457142857142856,8.0,3,3,11.428571428571429,2,30.380000000000003,7
Punjab,Bathinda,2017,37,35.91428571428572,25.099999999999998,4.1,1,4,12.171428571428573,2,34.1,7
Punjab,Bathinda,2017,38,35.91428571428572,23.74285714285714,0.0,0,7,10.928571428571429,1,34.83,7
Punjab,Bathinda,2017,39,36.385714285714286,23.714285714285715,0.0,0,7,10.028571428571428,5,34.63,7
Punjab,Bathinda,2017,40,36.457142857142856,22.814285714285713,0.0,0,7,10.528571428571428,2,34.36,7
Punjab,Bathinda,2017,41,34.885714285714286,22.157142857142855,0.4,0,6,10.071428571428571,3,30.560000000000002,7
Punjab,Bathinda,2017,42,33.72857142857143,19.62857142857143,0.3,0,6,11.257142857142856,0,28.7,7
Punjab,Bathinda,2017,43,31.785714285714285,17.714285714285715,0.0,0,7,11.142857142857142,2,27.619999999999997,7
Punjab,Bathinda,2017,44,29.32857142857143,17.185714285714287,0.0,0,7,9.5,7,21.29,7
Punjab,Bathinda,2017,45,27.157142857142855,16.0,0.0,0,7,9.357142857142858,4,17.939999999999998,7
Punjab,Bathinda,2017,46,24.071428571428573,13.771428571428572,2.8,1,5,12.342857142857143,1,16.94,7
Punjab,Bathinda,2017,47,24.042857142857144,9.814285714285715,0.0,0,7,11.442857142857141,1,19.66,7
Punjab,Bathinda,2017,48,24.825,10.325,0.0,0,4,9.75,2,10.01,4
Punjab,Bathinda,2018,35,34.85,27.7,0.1,0,2,13.35,0,8.64,2
Punjab,Bathinda,2018,36,34.214285714285715,26.599999999999998,5.4,2,4,10.799999999999999,3,29.1,7
Punjab,Bathinda,2018,37,35.4,25.814285714285713,0.6000000000000001,0,5,13.2,0,34.82,7
Punjab,Bathinda,2018,38,33.885714285714286,23.928571428571427,41.8,2,5,15.557142857142859,1,30.66,7
Punjab,Bathinda,2018,39,31.214285714285715,21.8,2.4000000000000004,1,5,11.785714285714286,4,26.12,7
Punjab,Bathinda,2018,40,33.07142857142857,20.599999999999998,0.4,0,5,10.042857142857143,3,29.36,7
Punjab,Bathinda,2018,41,31.185714285714283,19.271428571428572,3.7,1,5,13.757142857142856,1,27.66,7
Punjab,Bathinda,2018,42,31.514285714285712,17.714285714285715,0.2,0,6,10.885714285714286,1,27.84,7
Punjab,Bathinda,2018,43,30.857142857142858,16.557142857142857,0.0,0,7,10.799999999999999,1,27.29,7
Punjab,Bathinda,2018,44,29.457142857142856,17.4,1.1,1,6,11.285714285714286,3,23.02,7
Punjab,Bathinda,2018,45,27.442857142857143,13.071428571428571,0.0,0,7,11.0,1,23.42,7
Punjab,Bathinda,2018,46,26.985714285714288,14.014285714285714,3.1,1,5,11.842857142857143,3,19.94,7
Punjab,Bathinda,2018,47,27.099999999999998,13.557142857142859,0.0,0,7,13.214285714285714,0,21.03,7
Punjab,Bathinda,2018,48,26.18,12.64,0.0,0,5,10.84,3,12.28,5
Punjab,Faridkot,2012,35,33.3,26.15,3.4,1,0,10.05,1,8.120000000000001,2
Punjab,Faridkot,2012,36,30.928571428571427,25.357142857142858,45.0,7,0,16.62857142857143,0,23.84,7
Punjab,Faridkot,2012,37,32.642857142857146,24.885714285714283,58.6,5,0,9.414285714285715,5,25.57,7
Punjab,Faridkot,2012,38,31.571428571428573,21.97142857142857,24.7,2,4,9.685714285714285,5,27.689999999999998,7
Punjab,Faridkot,2012,39,33.285714285714285,21.599999999999998,0.0,0,7,9.1,5,33.02,7
Punjab,Faridkot,2012,40,34.34285714285714,20.557142857142857,0.0,0,7,9.314285714285715,5,33.49,7
Punjab,Faridkot,2012,41,33.1,19.357142857142858,1.7,0,5,10.285714285714286,3,32.650000000000006,7
Punjab,Faridkot,2012,42,30.057142857142857,17.614285714285714,3.2,2,5,11.814285714285715,5,27.07,7
Punjab,Faridkot,2012,43,28.285714285714285,15.528571428571428,3.3000000000000003,1,5,10.242857142857144,3,25.73,7
Punjab,Faridkot,2012,44,29.542857142857144,17.085714285714285,0.0,0,7,8.971428571428572,7,25.439999999999998,7
Punjab,Faridkot,2012,45,28.314285714285713,14.985714285714286,0.5,0,6,9.114285714285714,5,23.37,7
Punjab,Faridkot,2012,46,26.514285714285712,13.557142857142859,0.2,0,6,9.1,6,21.03,7
Punjab,Faridkot,2012,47,25.24285714285714,11.642857142857142,0.8,0,6,10.714285714285714,2,21.25,7
Punjab,Faridkot,2012,48,23.52,10.6,0.0,0,5,11.24,2,14.35,5
Punjab,Faridkot,2013,35,34.9,26.4,0.4,0,0,10.7,0,4.77,1
Punjab,Faridkot,2013,36,35.05714285714286,25.614285714285717,0.9,0,4,12.014285714285714,0,35.3,7
Punjab,Faridkot,2013,37,35.642857142857146,25.3,4.1,2,3,10.642857142857142,1,34.26,7
Punjab,Faridkot,2013,38,34.957142857142856,23.728571428571428,2.5,1,3,11.542857142857143,3,33.71,7
Punjab,Faridkot,2013,39,34.18571428571429,25.02857142857143,10.7,3,2,9.057142857142857,4,28.86,7
Punjab,Faridkot,2013,40,32.58571428571428,23.914285714285715,3.8,2,2,9.157142857142857,6,26.85,7
Punjab,Faridkot,2013,41,32.214285714285715,24.157142857142855,13.700000000000001,4,2,11.271428571428572,4,24.86,7
Punjab,Faridkot,2013,42,33.07142857142857,20.400000000000002,0.4,0,6,9.385714285714286,6,29.939999999999998,7
Punjab,Faridkot,2013,43,31.67142857142857,18.32857142857143,0.1,0,7,8.885714285714284,6,27.759999999999998,7
Punjab,Faridkot,2013,44,29.785714285714285,16.428571428571427,0.6,0,6,11.557142857142859,1,27.830000000000002,7
Punjab,Faridkot,2013,45,25.400000000000002,13.828571428571427,10.7,2,5,10.085714285714285,5,20.96,7
Punjab,Faridkot,2013,46,25.414285714285715,10.842857142857143,0.0,0,7,11.299999999999999,2,23.53,7
Punjab,Faridkot,2013,47,26.385714285714283,10.714285714285714,0.0,0,7,10.857142857142858,2,22.18,7
Punjab,Faridkot,2013,48,27.03333333333333,12.5,0.0,0,6,12.733333333333334,1,19.4,6
Punjab,Faridkot,2014,36,29.642857142857142,24.900000000000002,116.0,6,0,19.042857142857144,1,18.73,7
Punjab,Faridkot,2014,37,32.128571428571426,24.285714285714285,3.9,1,2,8.72857142857143,5,28.009999999999998,7
Punjab,Faridkot,2014,38,33.871428571428574,23.942857142857143,0.4,0,6,7.585714285714286,7,31.88,7
Punjab,Faridkot,2014,39,34.25714285714286,23.014285714285712,0.0,0,7,11.242857142857144,3,35.24,7
Punjab,Faridkot,2014,40,35.214285714285715,24.214285714285715,0.3,0,6,9.9,4,32.12,7
Punjab,Faridkot,2014,41,33.8,21.842857142857145,1.8,1,5,10.37142857142857,2,31.47,7
Punjab,Faridkot,2014,42,29.657142857142855,17.757142857142856,1.1,1,6,11.714285714285714,4,29.44,7
Punjab,Faridkot,2014,43,31.685714285714287,19.17142857142857,0.9,0,6,9.714285714285714,4,27.38,7
Punjab,Faridkot,2014,44,29.714285714285715,16.685714285714287,1.3,1,6,10.62857142857143,3,26.18,7
Punjab,Faridkot,2014,45,28.82857142857143,16.7,2.4,1,4,12.428571428571429,1,25.47,7
Punjab,Faridkot,2014,46,27.02857142857143,11.557142857142859,0.0,0,7,11.157142857142857,1,25.54,7
Punjab,Faridkot,2014,47,26.342857142857145,11.385714285714286,0.0,0,7,10.057142857142859,4,22.45,7
Punjab,Faridkot,2014,48,26.62857142857143,11.742857142857144,0.0,0,7,10.328571428571427,3,21.25,7
Punjab,Faridkot,2015,36,36.25,25.833333333333332,0.0,0,6,12.75,0,35.18,6
Punjab,Faridkot,2015,37,37.214285714285715,24.185714285714287,0.9,0,6,10.957142857142857,4,38.08,7
Punjab,Faridkot,2015,38,35.2,25.228571428571428,5.2,2,4,11.685714285714285,2,32.45,7
Punjab,Faridkot,2015,39,31.12857142857143,22.900000000000002,33.8,3,0,12.014285714285714,3,24.41,7
Punjab,Faridkot,2015,40,34.34285714285714,21.385714285714283,0.0,0,7,9.971428571428572,4,33.53,7
Punjab,Faridkot,2015,41,36.22857142857143,22.857142857142858,0.6,0,6,10.814285714285715,2,33.480000000000004,7
Punjab,Faridkot,2015,42,34.17142857142857,21.985714285714288,4.5,2,4,11.414285714285715,4,28.13,7
Punjab,Faridkot,2015,43,31.385714285714283,18.8,6.5,2,3,12.085714285714285,2,28.4,7
Punjab,Faridkot,2015,44,28.514285714285712,15.557142857142859,2.0,1,6,9.971428571428572,5,25.44,7
Punjab,Faridkot,2015,45,28.47142857142857,15.700000000000001,0.5,0,6,10.842857142857143,4,22.91,7
Punjab,Faridkot,2015,46,27.885714285714283,15.442857142857141,0.4,0,6,10.185714285714285,4,23.01,7
Punjab,Faridkot,2015,47,27.557142857142857,12.328571428571427,0.0,0,7,11.142857142857142,4,24.37,7
Punjab,Faridkot,2015,48,26.271428571428572,12.200000000000001,0.0,0,7,11.4,2,21.16,7
Punjab,Faridkot,2015,49,25.1,14.6,0.0,0,1,7.9,1,2.24,1
Punjab,Faridkot,2016,35,33.25,24.95,3.6999999999999997,1,2,11.275,1,18.619999999999997,4
Punjab,Faridkot,2016,36,35.41428571428572,26.2,0.0,0,7,12.585714285714285,0,40.45,7
Punjab,Faridkot,2016,37,36.457142857142856,25.8,0.0,0,7,10.299999999999999,5,36.120000000000005,7
Punjab,Faridkot,2016,38,35.74285714285714,26.02857142857143,2.2,1,5,9.957142857142857,4,33.81,7
Punjab,Faridkot,2016,39,35.471428571428575,25.52857142857143,0.6,0,6,8.342857142857143,6,31.48,7
Punjab,Faridkot,2016,40,35.528571428571425,24.62857142857143,0.2,0,6,10.87142857142857,1,31.259999999999998,7
Punjab,Faridkot,2016,41,34.98571428571428,21.314285714285713,0.0,0,7,9.799999999999999,5,34.9,7
Punjab,Faridkot,2016,42,34.01428571428571,19.357142857142858,0.0,0,7,10.342857142857143,3,32.9,7
Punjab,Faridkot,2016,43,32.528571428571425,18.014285714285712,0.0,0,7,10.085714285714285,3,29.63,7
Punjab,Faridkot,2016,44,30.2,17.071428571428573,0.2,0,6,9.242857142857144,5,24.83,7
Punjab,Faridkot,2016,45,29.5,15.200000000000001,0.0,0,7,11.828571428571427,2,25.73,7
Punjab,Faridkot,2016,46,27.657142857142855,12.87142857142857,0.0,0,7,10.657142857142857,3,23.41,7
Punjab,Faridkot,2016,47,28.32857142857143,13.700000000000001,0.0,0,7,12.799999999999999,1,24.88,7
Punjab,Faridkot,2016,48,27.566666666666666,12.333333333333334,0.0,0,3,10.666666666666666,2,9.629999999999999,3
Punjab,Faridkot,2017,35,31.400000000000002,24.333333333333332,19.1,3,0,9.9,2,9.0,3
Punjab,Faridkot,2017,36,34.18571428571429,25.514285714285712,12.100000000000001,3,2,11.62857142857143,1,30.45,7
Punjab,Faridkot,2017,37,37.51428571428572,25.47142857142857,2.6,2,5,15.257142857142856,0,36.7,7
Punjab,Faridkot,2017,38,37.18571428571429,24.228571428571428,0.1,0,7,12.928571428571429,1,37.31,7
Punjab,Faridkot,2017,39,37.15714285714286,24.071428571428573,0.0,0,7,10.0,4,35.1,7
Punjab,Faridkot,2017,40,37.4,23.271428571428572,0.0,0,7,10.485714285714286,2,35.27,7
Punjab,Faridkot,2017,41,35.74285714285714,22.585714285714285,0.39999999999999997,0,6,10.842857142857143,2,31.330000000000002,7
Punjab,Faridkot,2017,42,34.57142857142857,20.157142857142855,0.2,0,6,10.857142857142858,2,30.07,7
Punjab,Faridkot,2017,43,32.48571428571429,18.071428571428573,0.0,0,7,10.700000000000001,2,28.8,7
Punjab,Faridkot,2017,44,29.75714285714286,17.25714285714286,0.0,0,7,8.642857142857142,7,21.89,7
Punjab,Faridkot,2017,45,27.228571428571428,15.514285714285714,0.0,0,7,8.957142857142857,6,17.88,7
Punjab,Faridkot,2017,46,23.514285714285712,13.37142857142857,10.5,1,6,10.857142857142858,4,15.66,7
Punjab,Faridkot,2017,47,23.900000000000002,9.6,0.0,0,7,10.857142857142858,1,18.77,7
Punjab,Faridkot,2017,48,24.875,10.05,0.0,0,4,9.625,3,9.969999999999999,4
Punjab,Faridkot,2018,35,35.95,27.85,0.3,0,1,14.4,0,8.93,2
Punjab,Faridkot,2018,36,34.91428571428572,26.885714285714283,7.9,2,3,12.299999999999999,2,29.75,7
Punjab,Faridkot,2018,37,35.84285714285714,25.785714285714285,1.1,0,4,11.37142857142857,3,34.06,7
Punjab,Faridkot,2018,38,34.357142857142854,23.985714285714288,26.299999999999997,1,5,15.957142857142857,1,31.26,7
Punjab,Faridkot,2018,39,32.128571428571426,22.014285714285712,4.7,1,5,11.5,4,27.119999999999997,7
Punjab,Faridkot,2018,40,34.07142857142857,20.75714285714286,0.0,0,7,10.528571428571428,3,30.17,7
Punjab,Faridkot,2018,41,31.97142857142857,19.3,9.6,2,5,14.142857142857142,0,29.5,7
Punjab,Faridkot,2018,42,32.34285714285714,17.82857142857143,0.1,0,7,11.928571428571429,1,30.21,7
Punjab,Faridkot,2018,43,31.385714285714283,16.585714285714285,0.0,0,7,12.200000000000001,1,28.03,7
Punjab,Faridkot,2018,44,29.571428571428573,17.657142857142855,1.1,0,6,12.385714285714286,2,23.78,7
Punjab,Faridkot,2018,45,27.657142857142855,13.014285714285716,0.0,0,7,11.185714285714285,2,23.43,7
Punjab,Faridkot,2018,46,26.842857142857145,13.342857142857143,9.2,1,6,12.185714285714285,1,19.25,7
Punjab,Faridkot,2018,47,27.12857142857143,13.028571428571428,0.0,0,7,12.742857142857144,0,20.95,7
Punjab,Faridkot,2018,48,26.4,12.18,0.0,0,5,10.78,3,12.55,5
Punjab,Fatehgarh Sahib,2012,35,32.400000000000006,24.9,9.5,1,0,9.0,1,8.07,2
Punjab,Fatehgarh Sahib,2012,36,30.7,24.8,16.8,3,1,11.685714285714285,2,24.53,7
Punjab,Fatehgarh Sahib,2012,37,31.185714285714287,24.37142857142857,36.699999999999996,5,0,9.385714285714286,6,23.06,7
Punjab,Fatehgarh Sahib,2012,38,30.0,21.928571428571427,34.3,3,4,12.1,2,25.57,7
Punjab,Fatehgarh Sahib,2012,39,31.314285714285713,20.571428571428573,0.0,0,7,13.242857142857144,1,31.13,7
Punjab,Fatehgarh Sahib,2012,40,32.15714285714286,19.842857142857145,0.0,0,7,13.385714285714286,0,32.18,7
Punjab,Fatehgarh Sahib,2012,41,31.442857142857143,17.728571428571428,0.0,0,7,11.285714285714286,3,30.77,7
Punjab,Fatehgarh Sahib,2012,42,29.52857142857143,16.3,3.5,1,5,11.12857142857143,4,26.939999999999998,7
Punjab,Fatehgarh Sahib,2012,43,27.428571428571427,14.142857142857142,0.5,0,6,11.542857142857143,1,26.07,7
Punjab,Fatehgarh Sahib,2012,44,28.400000000000002,14.9,0.0,0,7,10.171428571428573,3,25.06,7
Punjab,Fatehgarh Sahib,2012,45,27.17142857142857,13.442857142857141,1.1,0,5,10.685714285714285,2,23.3,7
Punjab,Fatehgarh Sahib,2012,46,25.82857142857143,12.799999999999999,0.0,0,7,10.514285714285714,4,21.19,7
Punjab,Fatehgarh Sahib,2012,47,24.428571428571427,10.714285714285714,0.0,0,7,11.314285714285715,1,20.41,7
Punjab,Fatehgarh Sahib,2012,48,23.04,10.04,3.4,1,4,12.559999999999999,0,13.9,5
Punjab,Fatehgarh Sahib,2013,35,32.3,24.6,0.6,0,0,14.3,0,4.52,1
Punjab,Fatehgarh Sahib,2013,36,31.82857142857143,24.057142857142857,31.0,5,0,11.428571428571429,2,28.849999999999998,7
Punjab,Fatehgarh Sahib,2013,37,31.87142857142857,22.97142857142857,9.7,5,0,9.942857142857141,3,29.82,7
Punjab,Fatehgarh Sahib,2013,38,32.31428571428571,22.12857142857143,4.7,2,4,11.742857142857144,2,30.19,7
Punjab,Fatehgarh Sahib,2013,39,31.599999999999998,23.442857142857143,47.5,5,2,8.1,6,24.63,7
Punjab,Fatehgarh Sahib,2013,40,30.442857142857143,22.442857142857143,4.9,1,3,10.357142857142858,3,24.08,7
Punjab,Fatehgarh Sahib,2013,41,29.75714285714286,22.728571428571428,11.2,3,0,12.271428571428572,2,20.03,7
Punjab,Fatehgarh Sahib,2013,42,31.12857142857143,18.185714285714287,0.0,0,7,11.5,0,28.95,7
Punjab,Fatehgarh Sahib,2013,43,29.814285714285713,17.02857142857143,0.3,0,6,9.571428571428571,5,26.61,7
Punjab,Fatehgarh Sahib,2013,44,28.357142857142858,15.299999999999999,2.6,1,5,11.942857142857141,3,25.95,7
Punjab,Fatehgarh Sahib,2013,45,25.042857142857144,12.542857142857143,9.7,2,5,10.428571428571429,2,20.29,7
Punjab,Fatehgarh Sahib,2013,46,25.0,10.142857142857142,0.0,0,7,10.957142857142857,1,22.0,7
Punjab,Fatehgarh Sahib,2013,47,25.2,10.728571428571428,0.0,0,7,11.557142857142859,0,21.46,7
Punjab,Fatehgarh Sahib,2013,48,25.96666666666667,12.266666666666666,0.0,0,6,15.299999999999999,0,20.740000000000002,6
Punjab,Fatehgarh Sahib,2014,36,30.5,24.67142857142857,40.800000000000004,5,0,18.685714285714287,1,21.64,7
Punjab,Fatehgarh Sahib,2014,37,31.014285714285712,23.7,20.2,3,0,9.37142857142857,4,25.64,7
Punjab,Fatehgarh Sahib,2014,38,33.25714285714286,23.24285714285714,1.7,0,5,11.585714285714285,2,32.86,7
Punjab,Fatehgarh Sahib,2014,39,34.07142857142857,23.142857142857142,6.3,1,5,13.442857142857141,0,33.67,7
Punjab,Fatehgarh Sahib,2014,40,33.05714285714286,22.885714285714283,8.6,3,2,11.685714285714285,1,27.740000000000002,7
Punjab,Fatehgarh Sahib,2014,41,33.5,20.514285714285712,5.8,1,5,12.557142857142859,1,32.05,7
Punjab,Fatehgarh Sahib,2014,42,29.67142857142857,16.95714285714286,3.6,1,6,10.928571428571429,2,27.4,7
Punjab,Fatehgarh Sahib,2014,43,30.771428571428572,18.385714285714283,5.7,2,4,9.585714285714285,4,26.39,7
Punjab,Fatehgarh Sahib,2014,44,29.428571428571427,16.02857142857143,0.0,0,7,11.242857142857144,2,27.75,7
Punjab,Fatehgarh Sahib,2014,45,29.571428571428573,16.757142857142856,4.7,1,6,13.700000000000001,1,27.990000000000002,7
Punjab,Fatehgarh Sahib,2014,46,27.142857142857142,12.428571428571429,0.0,0,7,12.942857142857141,0,26.03,7
Punjab,Fatehgarh Sahib,2014,47,26.557142857142857,11.157142857142857,0.0,0,7,11.757142857142856,0,23.83,7
Punjab,Fatehgarh Sahib,2014,48,26.37142857142857,11.971428571428572,0.5,0,6,12.428571428571429,2,22.490000000000002,7
Punjab,Fatehgarh Sahib,2015,36,32.483333333333334,23.7,1.6,0,3,13.016666666666666,0,28.23,6
Punjab,Fatehgarh Sahib,2015,37,33.22857142857143,21.7,0.0,0,7,14.371428571428572,0,36.15,7
Punjab,Fatehgarh Sahib,2015,38,32.457142857142856,23.314285714285713,6.800000000000001,2,5,10.042857142857143,3,27.55,7
Punjab,Fatehgarh Sahib,2015,39,29.928571428571427,21.8,34.1,2,2,13.914285714285713,3,24.84,7
Punjab,Fatehgarh Sahib,2015,40,31.75714285714286,19.771428571428572,0.0,0,7,12.200000000000001,1,32.089999999999996,7
Punjab,Fatehgarh Sahib,2015,41,33.51428571428571,20.185714285714287,0.6,0,6,13.228571428571428,2,32.37,7
Punjab,Fatehgarh Sahib,2015,42,31.328571428571426,20.74285714285714,6.8999999999999995,2,4,12.442857142857141,2,26.28,7
Punjab,Fatehgarh Sahib,2015,43,31.085714285714285,17.87142857142857,2.6999999999999997,1,5,13.714285714285714,1,28.46,7
Punjab,Fatehgarh Sahib,2015,44,28.285714285714285,14.914285714285715,3.8,1,6,10.200000000000001,3,24.77,7
Punjab,Fatehgarh Sahib,2015,45,27.385714285714283,15.671428571428569,13.9,2,4,9.985714285714286,5,21.61,7
Punjab,Fatehgarh Sahib,2015,46,27.114285714285717,15.014285714285716,1.1,0,5,13.0,2,22.81,7
Punjab,Fatehgarh Sahib,2015,47,26.114285714285717,12.4,0.0,0,7,12.028571428571428,1,21.91,7
Punjab,Fatehgarh Sahib,2015,48,25.400000000000002,12.385714285714286,0.5,0,5,11.114285714285714,4,18.43,7
Punjab,Fatehgarh Sahib,2015,49,25.7,14.2,0.0,0,1,10.7,0,2.2,1
Punjab,Fatehgarh Sahib,2016,35,31.25,23.775,5.0,1,2,11.525,2,16.490000000000002,4
Punjab,Fatehgarh Sahib,2016,36,32.67142857142857,24.957142857142856,2.3,0,3,12.885714285714286,0,30.58,7
Punjab,Fatehgarh Sahib,2016,37,33.51428571428571,23.75714285714286,3.0,1,4,10.985714285714286,2,32.1,7
Punjab,Fatehgarh Sahib,2016,38,32.98571428571429,24.32857142857143,8.5,2,1,11.228571428571428,4,29.56,7
Punjab,Fatehgarh Sahib,2016,39,33.214285714285715,24.314285714285713,1.6,0,5,9.071428571428571,6,27.98,7
Punjab,Fatehgarh Sahib,2016,40,34.142857142857146,23.228571428571428,2.2,1,5,10.628571428571428,4,30.369999999999997,7
Punjab,Fatehgarh Sahib,2016,41,34.042857142857144,18.957142857142856,0.0,0,7,15.37142857142857,0,36.76,7
Punjab,Fatehgarh Sahib,2016,42,33.271428571428565,18.599999999999998,0.0,0,7,13.828571428571427,1,34.39,7
Punjab,Fatehgarh Sahib,2016,43,31.514285714285712,16.914285714285715,0.0,0,7,13.5,2,31.13,7
Punjab,Fatehgarh Sahib,2016,44,30.085714285714285,15.77142857142857,0.0,0,7,10.957142857142857,2,25.96,7
Punjab,Fatehgarh Sahib,2016,45,29.114285714285717,14.485714285714286,0.0,0,7,13.285714285714286,1,27.07,7
Punjab,Fatehgarh Sahib,2016,46,27.37142857142857,12.885714285714286,0.0,0,7,12.5,3,24.23,7
Punjab,Fatehgarh Sahib,2016,47,28.114285714285717,13.985714285714286,0.0,0,7,15.957142857142857,0,26.810000000000002,7
Punjab,Fatehgarh Sahib,2016,48,26.366666666666664,12.0,0.0,0,3,11.566666666666668,2,9.04,3
Punjab,Fatehgarh Sahib,2017,35,29.133333333333336,23.599999999999998,37.0,3,0,12.299999999999999,1,8.15,3
Punjab,Fatehgarh Sahib,2017,36,31.314285714285713,23.557142857142857,16.5,4,0,13.028571428571428,0,29.3,7
Punjab,Fatehgarh Sahib,2017,37,32.17142857142857,23.057142857142857,0.1,0,7,12.885714285714284,1,32.56,7
Punjab,Fatehgarh Sahib,2017,38,31.0,21.914285714285715,19.5,1,5,11.042857142857143,2,26.689999999999998,7
Punjab,Fatehgarh Sahib,2017,39,32.55714285714286,22.285714285714285,2.7,1,4,11.485714285714286,2,30.45,7
Punjab,Fatehgarh Sahib,2017,40,33.01428571428571,20.485714285714288,0.0,0,7,11.957142857142857,1,31.67,7
Punjab,Fatehgarh Sahib,2017,41,32.72857142857143,19.614285714285717,0.0,0,7,10.471428571428572,3,28.91,7
Punjab,Fatehgarh Sahib,2017,42,31.842857142857145,16.9,1.2,1,6,10.985714285714286,1,27.34,7
Punjab,Fatehgarh Sahib,2017,43,29.32857142857143,14.714285714285714,0.0,0,7,10.942857142857141,2,24.43,7
Punjab,Fatehgarh Sahib,2017,44,27.885714285714283,15.057142857142859,0.0,0,7,9.6,6,20.58,7
Punjab,Fatehgarh Sahib,2017,45,26.542857142857144,14.714285714285714,0.0,0,7,9.299999999999999,6,17.78,7
Punjab,Fatehgarh Sahib,2017,46,23.957142857142856,12.885714285714286,3.0,2,5,11.7,2,16.5,7
Punjab,Fatehgarh Sahib,2017,47,22.7,10.014285714285714,0.0,0,7,13.085714285714285,0,18.74,7
Punjab,Fatehgarh Sahib,2017,48,23.125,9.65,0.0,0,4,12.375,0,9.6,4
Punjab,Fatehgarh Sahib,2018,35,29.65,25.2,12.899999999999999,2,0,10.649999999999999,1,4.39,2
Punjab,Fatehgarh Sahib,2018,36,30.828571428571426,24.942857142857143,40.4,7,0,9.685714285714285,4,21.44,7
Punjab,Fatehgarh Sahib,2018,37,31.157142857142855,23.585714285714285,14.6,3,2,11.228571428571428,2,28.97,7
Punjab,Fatehgarh Sahib,2018,38,30.114285714285717,21.97142857142857,98.2,3,4,16.285714285714285,1,25.92,7
Punjab,Fatehgarh Sahib,2018,39,29.7,21.057142857142857,89.3,3,3,13.4,1,24.73,7
Punjab,Fatehgarh Sahib,2018,40,30.957142857142856,18.8,0.0,0,7,11.057142857142859,3,29.17,7
Punjab,Fatehgarh Sahib,2018,41,29.142857142857142,17.32857142857143,20.9,3,4,14.6,2,25.759999999999998,7
Punjab,Fatehgarh Sahib,2018,42,29.428571428571427,15.242857142857144,0.0,0,7,10.142857142857142,4,25.11,7
Punjab,Fatehgarh Sahib,2018,43,28.457142857142856,13.514285714285714,0.0,0,7,12.785714285714286,0,24.86,7
Punjab,Fatehgarh Sahib,2018,44,26.75714285714286,15.0,8.0,2,5,11.557142857142859,4,19.85,7
Punjab,Fatehgarh Sahib,2018,45,25.52857142857143,12.028571428571428,0.0,0,7,11.22857142857143,2,20.19,7
Punjab,Fatehgarh Sahib,2018,46,25.057142857142857,11.985714285714286,1.6,1,5,13.557142857142859,1,18.62,7
Punjab,Fatehgarh Sahib,2018,47,24.8,11.985714285714286,0.0,0,7,13.12857142857143,1,19.1,7
Punjab,Fatehgarh Sahib,2018,48,24.2,11.919999999999998,0.0,0,5,11.379999999999999,1,11.129999999999999,5
Punjab,Fazilka,2012,35,34.0,26.85,1.0,0,1,11.3,0,8.780000000000001,2
Punjab,Fazilka,2012,36,31.571428571428573,25.928571428571427,59.3,7,0,17.114285714285717,0,24.68,7
Punjab,Fazilka,2012,37,33.128571428571426,25.3,65.4,4,0,11.242857142857144,4,26.13,7
Punjab,Fazilka,2012,38,31.91428571428571,22.042857142857144,22.0,2,5,9.271428571428572,5,27.85,7
Punjab,Fazilka,2012,39,33.642857142857146,21.400000000000002,0.0,0,7,8.528571428571428,7,32.76,7
Punjab,Fazilka,2012,40,34.857142857142854,20.428571428571427,0.0,0,7,9.6,5,33.64,7
Punjab,Fazilka,2012,41,33.51428571428571,19.32857142857143,3.2,1,5,11.228571428571428,4,33.18,7
Punjab,Fazilka,2012,42,29.642857142857142,17.942857142857143,3.2,1,4,10.228571428571428,6,25.96,7
Punjab,Fazilka,2012,43,28.271428571428572,15.828571428571431,1.6,1,6,9.042857142857143,6,25.04,7
Punjab,Fazilka,2012,44,29.599999999999998,17.742857142857144,0.0,0,7,7.928571428571429,7,24.19,7
Punjab,Fazilka,2012,45,28.7,15.857142857142858,0.3,0,6,10.485714285714286,5,23.99,7
Punjab,Fazilka,2012,46,26.642857142857142,14.428571428571429,0.9,0,6,8.342857142857143,7,20.91,7
Punjab,Fazilka,2012,47,25.414285714285715,12.2,0.8,0,6,10.62857142857143,4,21.48,7
Punjab,Fazilka,2012,48,23.6,11.42,0.0,0,5,11.26,3,14.09,5
Punjab,Fazilka,2013,35,36.5,28.0,0.4,0,0,12.2,0,5.41,1
Punjab,Fazilka,2013,36,36.471428571428575,26.842857142857145,1.5,0,4,13.62857142857143,0,40.54,7
Punjab,Fazilka,2013,37,37.228571428571435,26.357142857142858,8.5,3,3,13.4,1,37.989999999999995,7
Punjab,Fazilka,2013,38,36.028571428571425,24.942857142857143,2.1,1,4,10.685714285714285,4,36.53,7
Punjab,Fazilka,2013,39,35.31428571428571,26.142857142857142,9.5,3,1,10.042857142857143,4,31.18,7
Punjab,Fazilka,2013,40,33.57142857142857,24.785714285714285,3.7,2,2,9.514285714285714,5,27.76,7
Punjab,Fazilka,2013,41,33.41428571428572,25.085714285714285,6.8,2,2,11.1,4,26.75,7
Punjab,Fazilka,2013,42,33.542857142857144,21.62857142857143,0.6,0,6,9.271428571428572,4,30.23,7
Punjab,Fazilka,2013,43,31.97142857142857,19.085714285714285,0.0,0,7,8.885714285714284,7,27.97,7
Punjab,Fazilka,2013,44,29.82857142857143,17.385714285714286,0.0,0,7,11.342857142857143,3,28.56,7
Punjab,Fazilka,2013,45,25.442857142857143,14.242857142857144,7.1,2,5,9.299999999999999,5,20.65,7
Punjab,Fazilka,2013,46,25.67142857142857,11.885714285714286,0.0,0,7,10.6,2,23.31,7
Punjab,Fazilka,2013,47,26.785714285714285,11.428571428571429,0.0,0,7,10.457142857142857,2,22.33,7
Punjab,Fazilka,2013,48,27.483333333333334,13.216666666666667,0.0,0,6,11.366666666666667,2,18.81,6
Punjab,Fazilka,2014,36,29.957142857142856,25.12857142857143,253.29999999999998,6,0,16.84285714285714,1,19.14,7
Punjab,Fazilka,2014,37,32.65714285714286,24.928571428571427,4.6,2,3,9.557142857142859,5,29.14,7
Punjab,Fazilka,2014,38,34.22857142857143,24.52857142857143,0.6,0,6,8.285714285714286,6,32.62,7
Punjab,Fazilka,2014,39,34.199999999999996,23.0,0.0,0,7,11.62857142857143,2,35.89,7
Punjab,Fazilka,2014,40,35.214285714285715,24.228571428571428,0.8,0,6,9.385714285714286,4,31.950000000000003,7
Punjab,Fazilka,2014,41,33.74285714285714,22.614285714285717,2.0,1,4,9.528571428571428,6,31.25,7
Punjab,Fazilka,2014,42,29.599999999999998,18.74285714285714,0.4,0,5,11.057142857142859,5,28.63,7
Punjab,Fazilka,2014,43,31.571428571428573,20.157142857142855,3.8,1,6,9.642857142857142,6,26.98,7
Punjab,Fazilka,2014,44,29.67142857142857,17.614285714285714,1.7,1,5,10.428571428571429,4,25.44,7
Punjab,Fazilka,2014,45,28.67142857142857,17.228571428571428,3.4,1,5,11.37142857142857,0,24.71,7
Punjab,Fazilka,2014,46,27.0,12.557142857142859,0.0,0,7,10.042857142857143,4,24.55,7
Punjab,Fazilka,2014,47,26.485714285714288,12.585714285714285,0.0,0,7,8.142857142857142,6,21.68,7
Punjab,Fazilka,2014,48,26.8,12.185714285714285,0.0,0,7,10.342857142857143,2,21.38,7
Punjab,Fazilka,2015,36,37.5,26.0,0.2,0,5,16.099999999999998,0,39.58,6
Punjab,Fazilka,2015,37,38.5,26.271428571428572,0.7,0,6,11.87142857142857,3,41.97,7
Punjab,Fazilka,2015,38,36.51428571428571,26.457142857142856,3.8,1,5,12.1,2,36.11,7
Punjab,Fazilka,2015,39,31.442857142857143,23.271428571428572,56.9,4,0,11.700000000000001,5,24.82,7
Punjab,Fazilka,2015,40,34.1,21.842857142857145,1.0,0,6,9.357142857142858,5,32.46,7
Punjab,Fazilka,2015,41,35.75714285714286,22.557142857142857,0.6000000000000001,0,5,10.528571428571428,4,33.96,7
Punjab,Fazilka,2015,42,34.55714285714286,23.0,2.5,1,5,9.928571428571429,5,29.66,7
Punjab,Fazilka,2015,43,31.75714285714286,19.82857142857143,4.5,2,4,12.171428571428573,2,28.9,7
Punjab,Fazilka,2015,44,28.771428571428572,16.014285714285712,0.9,0,6,10.057142857142859,5,26.36,7
Punjab,Fazilka,2015,45,28.957142857142856,16.485714285714288,0.3,0,6,11.685714285714285,4,25.08,7
Punjab,Fazilka,2015,46,28.099999999999998,16.085714285714285,0.5,0,6,9.785714285714286,4,23.51,7
Punjab,Fazilka,2015,47,27.814285714285713,12.814285714285715,0.0,0,7,10.700000000000001,3,25.08,7
Punjab,Fazilka,2015,48,26.52857142857143,12.942857142857141,0.0,0,7,11.285714285714286,2,22.58,7
Punjab,Fazilka,2015,49,25.1,13.7,0.0,0,1,8.5,1,2.28,1
Punjab,Fazilka,2016,35,33.5,25.225,2.3,1,2,11.3,1,18.7,4
Punjab,Fazilka,2016,36,35.457142857142856,25.82857142857143,0.0,0,7,12.671428571428573,1,40.37,7
Punjab,Fazilka,2016,37,36.25714285714286,26.04285714285714,0.7,0,6,9.142857142857142,6,35.7,7
Punjab,Fazilka,2016,38,35.957142857142856,26.47142857142857,2.3,1,5,10.928571428571429,4,34.6,7
Punjab,Fazilka,2016,39,35.957142857142856,26.0,0.0,0,7,9.214285714285714,5,33.67,7
Punjab,Fazilka,2016,40,35.55714285714286,24.97142857142857,2.1,0,2,9.985714285714286,4,30.17,7
Punjab,Fazilka,2016,41,34.91428571428572,20.400000000000002,0.0,0,7,9.471428571428572,6,33.8,7
Punjab,Fazilka,2016,42,33.67142857142857,19.3,0.0,0,7,10.071428571428571,4,31.36,7
Punjab,Fazilka,2016,43,32.25714285714286,18.157142857142855,0.0,0,7,9.771428571428572,4,28.92,7
Punjab,Fazilka,2016,44,29.914285714285715,17.114285714285717,0.9,0,6,9.157142857142857,6,23.669999999999998,7
Punjab,Fazilka,2016,45,29.142857142857142,15.514285714285714,0.0,0,7,10.4,2,24.97,7
Punjab,Fazilka,2016,46,27.442857142857143,13.200000000000001,0.0,0,7,9.814285714285715,4,22.810000000000002,7
Punjab,Fazilka,2016,47,27.900000000000002,13.799999999999999,0.0,0,7,11.457142857142857,2,23.6,7
Punjab,Fazilka,2016,48,27.7,13.166666666666666,0.0,0,3,10.233333333333334,1,9.59,3
Punjab,Fazilka,2017,35,31.233333333333334,24.933333333333334,8.6,2,0,9.5,1,9.15,3
Punjab,Fazilka,2017,36,34.07142857142857,25.67142857142857,6.1,1,1,9.87142857142857,3,30.41,7
Punjab,Fazilka,2017,37,36.371428571428574,25.557142857142857,4.8999999999999995,2,3,12.62857142857143,0,35.96,7
Punjab,Fazilka,2017,38,37.271428571428565,24.542857142857144,0.0,0,7,10.9,0,38.17,7
Punjab,Fazilka,2017,39,37.05714285714286,24.057142857142857,0.0,0,7,10.885714285714286,4,36.52,7
Punjab,Fazilka,2017,40,36.98571428571428,23.357142857142858,0.0,0,7,9.857142857142858,5,35.02,7
Punjab,Fazilka,2017,41,35.957142857142856,22.885714285714283,0.9,0,5,10.885714285714286,2,32.88,7
Punjab,Fazilka,2017,42,34.55714285714286,20.47142857142857,0.0,0,7,10.085714285714285,4,29.43,7
Punjab,Fazilka,2017,43,32.65714285714286,18.542857142857144,0.0,0,7,12.214285714285714,0,30.32,7
Punjab,Fazilka,2017,44,29.82857142857143,17.771428571428572,0.0,0,7,8.828571428571427,5,22.35,7
Punjab,Fazilka,2017,45,27.314285714285713,15.271428571428572,0.0,0,7,8.085714285714285,7,17.47,7
Punjab,Fazilka,2017,46,23.771428571428572,12.914285714285715,2.9000000000000004,2,4,11.414285714285715,3,16.83,7
Punjab,Fazilka,2017,47,24.457142857142856,9.971428571428572,0.0,0,7,11.928571428571429,0,19.7,7
Punjab,Fazilka,2017,48,25.549999999999997,10.05,0.0,0,4,9.625,4,10.4,4
Punjab,Fazilka,2018,35,37.55,28.9,0.1,0,2,15.25,0,10.56,2
Punjab,Fazilka,2018,36,36.65714285714286,27.814285714285713,8.1,3,4,11.442857142857141,2,33.15,7
Punjab,Fazilka,2018,37,35.75714285714286,26.414285714285715,0.9,0,6,13.085714285714285,1,35.82,7
Punjab,Fazilka,2018,38,35.01428571428571,24.457142857142856,24.2,1,5,14.057142857142855,2,32.89,7
Punjab,Fazilka,2018,39,32.642857142857146,22.12857142857143,1.5,1,5,9.957142857142857,4,28.03,7
Punjab,Fazilka,2018,40,34.51428571428571,21.24285714285714,0.0,0,7,12.114285714285714,0,31.759999999999998,7
Punjab,Fazilka,2018,41,32.57142857142857,19.900000000000002,0.3,0,6,13.042857142857143,1,31.92,7
Punjab,Fazilka,2018,42,32.614285714285714,18.185714285714287,0.0,0,7,11.057142857142855,2,30.52,7
Punjab,Fazilka,2018,43,31.428571428571427,17.1,0.0,0,7,10.814285714285715,2,28.43,7
Punjab,Fazilka,2018,44,29.714285714285715,17.942857142857143,0.0,0,7,12.657142857142857,1,24.87,7
Punjab,Fazilka,2018,45,27.67142857142857,13.085714285714285,0.0,0,7,10.771428571428572,2,23.58,7
Punjab,Fazilka,2018,46,26.87142857142857,13.971428571428572,3.2,1,6,11.728571428571428,2,20.009999999999998,7
Punjab,Fazilka,2018,47,27.271428571428572,13.6,0.0,0,7,12.171428571428573,0,20.7,7
Punjab,Fazilka,2018,48,26.72,12.88,0.0,0,5,10.3,2,12.75,5
Punjab,Firozpur,2012,35,33.25,25.95,3.2,1,1,10.0,1,8.36,2
Punjab,Firozpur,2012,36,30.75714285714286,25.314285714285713,65.8,7,0,14.514285714285714,1,22.87,7
Punjab,Firozpur,2012,37,32.48571428571429,24.957142857142856,44.0,5,1,7.985714285714286,6,25.07,7
Punjab,Firozpur,2012,38,31.32857142857143,22.057142857142857,31.299999999999997,2,4,8.914285714285715,5,26.63,7
Punjab,Firozpur,2012,39,33.199999999999996,21.37142857142857,0.0,0,7,8.614285714285716,6,32.2,7
Punjab,Firozpur,2012,40,33.98571428571429,20.25714285714286,0.9,0,6,8.614285714285714,7,31.63,7
Punjab,Firozpur,2012,41,32.785714285714285,19.228571428571428,2.7,2,5,9.799999999999999,4,30.58,7
Punjab,Firozpur,2012,42,29.5,17.157142857142855,5.8,2,5,10.728571428571428,5,25.41,7
Punjab,Firozpur,2012,43,28.085714285714285,15.457142857142857,1.2,0,5,9.442857142857141,4,24.8,7
Punjab,Firozpur,2012,44,29.37142857142857,16.728571428571428,0.0,0,7,8.814285714285715,7,24.669999999999998,7
Punjab,Firozpur,2012,45,28.02857142857143,14.6,1.1,0,5,9.514285714285714,5,22.36,7
Punjab,Firozpur,2012,46,26.314285714285713,13.657142857142857,0.2,0,6,9.1,6,20.490000000000002,7
Punjab,Firozpur,2012,47,24.900000000000002,11.671428571428573,3.8000000000000003,1,6,9.62857142857143,3,19.95,7
Punjab,Firozpur,2012,48,23.14,10.12,0.3,0,4,11.16,1,13.56,5
Punjab,Firozpur,2013,35,34.3,26.1,0.5,0,0,6.9,1,4.43,1
Punjab,Firozpur,2013,36,34.371428571428574,25.5,5.3,2,3,8.028571428571428,7,31.83,7
Punjab,Firozpur,2013,37,34.72857142857143,24.8,2.9,0,1,9.971428571428572,4,32.53,7
Punjab,Firozpur,2013,38,34.628571428571426,23.385714285714283,1.5,1,5,9.914285714285715,5,32.54,7
Punjab,Firozpur,2013,39,34.142857142857146,24.97142857142857,14.0,4,0,7.9142857142857155,5,28.23,7
Punjab,Firozpur,2013,40,32.41428571428572,23.7,5.8999999999999995,2,3,8.157142857142857,6,25.39,7
Punjab,Firozpur,2013,41,32.142857142857146,24.057142857142857,8.7,4,1,9.87142857142857,3,24.13,7
Punjab,Firozpur,2013,42,33.0,20.014285714285712,0.2,0,6,9.328571428571427,5,29.64,7
Punjab,Firozpur,2013,43,31.728571428571428,18.185714285714287,0.3,0,6,9.214285714285714,4,27.57,7
Punjab,Firozpur,2013,44,29.585714285714285,15.842857142857142,2.8,1,4,11.185714285714285,1,26.46,7
Punjab,Firozpur,2013,45,25.271428571428572,13.72857142857143,8.2,2,5,8.82857142857143,7,20.05,7
Punjab,Firozpur,2013,46,25.228571428571428,10.528571428571428,0.0,0,7,10.62857142857143,2,22.09,7
Punjab,Firozpur,2013,47,26.099999999999998,10.814285714285715,0.0,0,7,10.585714285714285,3,21.02,7
Punjab,Firozpur,2013,48,26.599999999999998,12.216666666666667,0.0,0,6,11.933333333333332,1,18.66,6
Punjab,Firozpur,2014,36,29.414285714285715,24.900000000000002,152.1,6,0,17.742857142857144,1,18.21,7
Punjab,Firozpur,2014,37,31.985714285714288,24.0,4.7,2,3,7.557142857142857,6,27.96,7
Punjab,Firozpur,2014,38,33.614285714285714,23.7,0.0,0,7,7.057142857142857,7,30.89,7
Punjab,Firozpur,2014,39,33.971428571428575,22.914285714285715,0.5,0,6,8.2,5,32.26,7
Punjab,Firozpur,2014,40,34.75714285714286,24.114285714285717,3.2,2,4,8.828571428571427,5,30.54,7
Punjab,Firozpur,2014,41,33.2,21.271428571428572,5.3999999999999995,1,4,10.185714285714285,4,29.77,7
Punjab,Firozpur,2014,42,29.442857142857143,17.37142857142857,1.3,1,6,10.957142857142856,4,28.32,7
Punjab,Firozpur,2014,43,31.442857142857143,18.62857142857143,0.8,0,5,9.357142857142858,5,26.49,7
Punjab,Firozpur,2014,44,29.314285714285713,16.242857142857144,5.5,1,5,9.385714285714286,5,24.59,7
Punjab,Firozpur,2014,45,28.47142857142857,16.285714285714285,1.6,1,5,12.271428571428572,0,24.22,7
Punjab,Firozpur,2014,46,26.771428571428572,11.285714285714286,0.0,0,7,10.828571428571427,1,24.2,7
Punjab,Firozpur,2014,47,26.0,11.042857142857143,0.0,0,7,9.842857142857143,5,21.3,7
Punjab,Firozpur,2014,48,26.157142857142855,11.442857142857141,0.0,0,7,9.971428571428572,2,19.68,7
Punjab,Firozpur,2015,36,35.63333333333333,25.233333333333334,0.0,0,6,8.066666666666666,4,30.48,6
Punjab,Firozpur,2015,37,36.68571428571429,23.885714285714283,1.0,0,5,8.957142857142857,5,36.29,7
Punjab,Firozpur,2015,38,35.3,24.82857142857143,6.4,1,4,9.271428571428572,4,31.54,7
Punjab,Firozpur,2015,39,30.542857142857144,22.585714285714285,45.7,3,2,9.200000000000001,5,23.09,7
Punjab,Firozpur,2015,40,33.7,20.857142857142858,0.0,0,7,9.042857142857143,5,32.45,7
Punjab,Firozpur,2015,41,35.68571428571429,22.24285714285714,1.3,0,5,10.142857142857142,3,31.490000000000002,7
Punjab,Firozpur,2015,42,33.457142857142856,21.071428571428573,15.6,2,5,9.857142857142858,5,26.599999999999998,7
Punjab,Firozpur,2015,43,30.842857142857145,18.457142857142856,29.3,3,3,11.528571428571428,3,26.24,7
Punjab,Firozpur,2015,44,27.728571428571428,15.171428571428573,1.1,0,5,9.514285714285714,5,24.36,7
Punjab,Firozpur,2015,45,27.714285714285715,15.171428571428573,9.700000000000001,1,5,10.085714285714285,5,21.759999999999998,7
Punjab,Firozpur,2015,46,27.085714285714285,14.842857142857143,0.0,0,7,9.200000000000001,5,21.48,7
Punjab,Firozpur,2015,47,26.785714285714285,11.842857142857143,0.0,0,7,10.757142857142856,5,22.52,7
Punjab,Firozpur,2015,48,25.8,11.742857142857144,0.3,0,6,10.085714285714285,3,19.34,7
Punjab,Firozpur,2015,49,25.0,14.5,0.0,0,1,7.8,1,2.07,1
Punjab,Firozpur,2016,35,33.45,25.05,2.4,1,2,9.975,2,18.72,4
Punjab,Firozpur,2016,36,35.9,26.25714285714286,0.1,0,7,9.685714285714285,4,37.79,7
Punjab,Firozpur,2016,37,36.614285714285714,25.914285714285715,1.3,0,5,9.928571428571429,4,34.82,7
Punjab,Firozpur,2016,38,35.7,25.814285714285713,2.3,1,5,9.77142857142857,4,32.54,7
Punjab,Firozpur,2016,39,35.357142857142854,25.314285714285713,0.5,0,6,8.742857142857144,5,30.35,7
Punjab,Firozpur,2016,40,35.542857142857144,24.385714285714283,1.0,0,4,10.671428571428573,2,30.79,7
Punjab,Firozpur,2016,41,34.94285714285714,20.657142857142855,0.0,0,7,10.042857142857143,3,33.26,7
Punjab,Firozpur,2016,42,33.98571428571428,19.585714285714285,0.0,0,7,9.014285714285714,5,30.89,7
Punjab,Firozpur,2016,43,32.44285714285714,17.814285714285713,0.0,0,7,9.87142857142857,5,28.57,7
Punjab,Firozpur,2016,44,30.17142857142857,17.085714285714285,0.1,0,7,9.214285714285714,5,24.08,7
Punjab,Firozpur,2016,45,29.214285714285715,14.799999999999999,0.0,0,7,11.914285714285715,2,24.9,7
Punjab,Firozpur,2016,46,27.571428571428573,12.714285714285714,0.0,0,7,10.457142857142857,3,22.67,7
Punjab,Firozpur,2016,47,28.0,13.700000000000001,0.0,0,7,11.771428571428572,3,22.65,7
Punjab,Firozpur,2016,48,27.2,12.299999999999999,0.0,0,3,10.2,2,8.98,3
Punjab,Firozpur,2017,35,31.53333333333333,24.133333333333336,18.7,3,0,7.933333333333333,3,9.7,3
Punjab,Firozpur,2017,36,33.51428571428571,25.142857142857142,13.6,5,1,10.87142857142857,2,29.3,7
Punjab,Firozpur,2017,37,35.871428571428574,24.728571428571428,2.8,1,4,12.328571428571427,1,35.46,7
Punjab,Firozpur,2017,38,36.18571428571429,23.314285714285713,0.0,0,7,12.171428571428573,1,36.04,7
Punjab,Firozpur,2017,39,36.4,23.428571428571427,0.0,0,7,9.414285714285715,5,33.91,7
Punjab,Firozpur,2017,40,36.628571428571426,22.37142857142857,0.0,0,7,11.4,1,34.0,7
Punjab,Firozpur,2017,41,35.5,22.099999999999998,0.1,0,7,11.228571428571428,2,30.590000000000003,7
Punjab,Firozpur,2017,42,34.18571428571429,19.542857142857144,0.1,0,7,11.114285714285714,1,29.41,7
Punjab,Firozpur,2017,43,32.0,17.185714285714287,0.6,0,6,10.714285714285714,2,27.16,7
Punjab,Firozpur,2017,44,29.428571428571427,16.614285714285714,0.0,0,7,7.985714285714286,7,20.94,7
Punjab,Firozpur,2017,45,26.942857142857143,15.271428571428572,0.0,0,7,9.071428571428571,7,17.34,7
Punjab,Firozpur,2017,46,23.25714285714286,12.614285714285714,2.5,1,5,10.799999999999999,4,15.32,7
Punjab,Firozpur,2017,47,23.25714285714286,9.271428571428572,0.0,0,7,10.642857142857142,0,17.349999999999998,7
Punjab,Firozpur,2017,48,24.025,9.625,0.0,0,4,10.35,1,9.34,4
Punjab,Firozpur,2018,35,34.849999999999994,27.45,0.7,0,1,12.100000000000001,0,8.83,2
Punjab,Firozpur,2018,36,34.6,26.542857142857144,19.0,2,3,9.985714285714286,4,28.14,7
Punjab,Firozpur,2018,37,34.58571428571428,25.2,1.8,0,3,11.214285714285714,3,31.66,7
Punjab,Firozpur,2018,38,34.01428571428571,23.485714285714288,35.0,2,5,14.12857142857143,2,31.12,7
Punjab,Firozpur,2018,39,31.599999999999998,21.942857142857143,4.0,1,6,9.571428571428571,5,27.25,7
Punjab,Firozpur,2018,40,33.128571428571426,20.071428571428573,0.30000000000000004,0,6,10.799999999999999,4,29.03,7
Punjab,Firozpur,2018,41,31.5,18.7,0.0,0,7,12.9,1,28.52,7
Punjab,Firozpur,2018,42,31.7,17.242857142857144,0.0,0,7,10.299999999999999,2,28.27,7
Punjab,Firozpur,2018,43,30.8,15.757142857142856,0.0,0,7,11.185714285714285,2,26.42,7
Punjab,Firozpur,2018,44,29.157142857142855,17.271428571428572,0.5,0,6,12.12857142857143,3,22.73,7
Punjab,Firozpur,2018,45,27.157142857142855,12.642857142857142,0.0,0,7,9.942857142857141,4,21.67,7
Punjab,Firozpur,2018,46,26.114285714285717,13.014285714285714,8.7,1,6,11.1,1,17.96,7
Punjab,Firozpur,2018,47,26.814285714285713,12.442857142857145,0.0,0,7,12.171428571428573,1,20.45,7
Punjab,Firozpur,2018,48,26.1,11.92,0.0,0,5,10.28,2,11.99,5
Punjab,Gurdaspur,2012,35,32.400000000000006,25.05,3.3,1,0,6.2,2,8.07,2
Punjab,Gurdaspur,2012,36,30.17142857142857,24.542857142857144,47.1,4,0,10.085714285714285,4,21.28,7
Punjab,Gurdaspur,2012,37,31.485714285714288,24.442857142857143,35.7,6,0,8.72857142857143,7,24.29,7
Punjab,Gurdaspur,2012,38,30.02857142857143,21.814285714285713,69.3,4,3,10.285714285714286,3,24.66,7
Punjab,Gurdaspur,2012,39,31.857142857142858,20.314285714285713,0.0,0,7,8.6,6,29.97,7
Punjab,Gurdaspur,2012,40,32.27142857142857,18.97142857142857,0.0,0,7,8.128571428571428,7,28.96,7
Punjab,Gurdaspur,2012,41,31.014285714285712,16.82857142857143,3.2,1,4,8.642857142857142,7,26.9,7
Punjab,Gurdaspur,2012,42,28.17142857142857,15.671428571428573,2.5,1,5,9.014285714285714,6,23.02,7
Punjab,Gurdaspur,2012,43,26.771428571428572,14.271428571428572,2.3,1,5,8.871428571428572,6,23.09,7
Punjab,Gurdaspur,2012,44,28.042857142857144,14.614285714285714,0.0,0,7,8.585714285714285,7,22.52,7
Punjab,Gurdaspur,2012,45,26.5,12.557142857142859,0.0,0,7,8.485714285714286,7,20.21,7
Punjab,Gurdaspur,2012,46,24.957142857142856,11.985714285714286,0.0,0,7,8.5,6,18.23,7
Punjab,Gurdaspur,2012,47,23.314285714285713,9.428571428571429,0.4,0,6,9.428571428571429,4,17.22,7
Punjab,Gurdaspur,2012,48,21.479999999999997,9.0,4.1,1,4,11.580000000000002,1,11.3,5
Punjab,Gurdaspur,2013,35,32.4,25.0,2.0,1,0,7.7,1,4.35,1
Punjab,Gurdaspur,2013,36,31.37142857142857,23.97142857142857,34.3,6,0,7.871428571428571,6,27.93,7
Punjab,Gurdaspur,2013,37,31.185714285714287,23.099999999999998,8.7,2,1,7.442857142857143,7,27.84,7
Punjab,Gurdaspur,2013,38,31.742857142857144,21.657142857142855,4.0,1,4,8.257142857142856,6,29.75,7
Punjab,Gurdaspur,2013,39,31.5,23.442857142857143,23.599999999999998,4,1,7.3999999999999995,6,25.2,7
Punjab,Gurdaspur,2013,40,30.085714285714285,22.642857142857142,15.1,4,0,7.8428571428571425,5,22.47,7
Punjab,Gurdaspur,2013,41,29.599999999999998,22.885714285714283,11.5,4,1,9.714285714285714,4,19.37,7
Punjab,Gurdaspur,2013,42,30.285714285714285,17.614285714285714,1.1,0,5,9.042857142857143,7,25.69,7
Punjab,Gurdaspur,2013,43,28.785714285714285,16.414285714285715,0.4,0,6,9.214285714285714,6,23.47,7
Punjab,Gurdaspur,2013,44,27.17142857142857,14.028571428571428,0.5,0,6,10.214285714285714,4,22.9,7
Punjab,Gurdaspur,2013,45,23.457142857142856,12.514285714285714,14.5,2,4,9.114285714285714,5,17.13,7
Punjab,Gurdaspur,2013,46,23.614285714285717,8.8,0.0,0,7,9.342857142857143,3,18.75,7
Punjab,Gurdaspur,2013,47,23.785714285714285,9.728571428571428,0.0,0,7,9.314285714285715,4,17.77,7
Punjab,Gurdaspur,2013,48,24.083333333333332,9.566666666666666,0.0,0,6,11.283333333333333,0,15.76,6
Punjab,Gurdaspur,2014,36,28.47142857142857,24.014285714285712,229.3,5,0,18.37142857142857,1,16.47,7
Punjab,Gurdaspur,2014,37,30.885714285714283,23.071428571428573,9.4,5,1,6.642857142857143,7,26.759999999999998,7
Punjab,Gurdaspur,2014,38,31.985714285714288,22.728571428571428,1.9000000000000001,1,5,8.0,6,28.96,7
Punjab,Gurdaspur,2014,39,31.47142857142857,22.514285714285712,6.199999999999999,1,4,9.042857142857143,5,27.12,7
Punjab,Gurdaspur,2014,40,31.12857142857143,22.842857142857145,4.5,2,2,9.171428571428573,4,24.64,7
Punjab,Gurdaspur,2014,41,30.714285714285715,19.142857142857142,17.2,1,6,9.528571428571428,4,25.46,7
Punjab,Gurdaspur,2014,42,27.557142857142857,15.785714285714286,3.0,1,6,10.1,3,24.73,7
Punjab,Gurdaspur,2014,43,29.014285714285712,16.885714285714286,0.5,0,6,8.985714285714286,5,23.28,7
Punjab,Gurdaspur,2014,44,27.642857142857142,14.257142857142858,1.6,0,5,10.1,3,23.03,7
Punjab,Gurdaspur,2014,45,26.5,14.242857142857144,2.3,1,6,10.842857142857142,3,20.29,7
Punjab,Gurdaspur,2014,46,25.114285714285717,11.842857142857143,0.0,0,7,10.071428571428571,3,20.68,7
Punjab,Gurdaspur,2014,47,24.271428571428572,10.657142857142857,0.0,0,7,10.557142857142859,1,19.08,7
Punjab,Gurdaspur,2014,48,23.771428571428572,9.671428571428573,0.0,0,7,9.257142857142856,5,16.69,7
Punjab,Gurdaspur,2015,36,32.46666666666667,24.25,6.9,2,0,8.066666666666666,6,27.12,6
Punjab,Gurdaspur,2015,37,33.07142857142857,21.67142857142857,0.2,0,6,9.028571428571428,6,33.35,7
Punjab,Gurdaspur,2015,38,32.95714285714286,23.042857142857144,4.4,1,4,8.142857142857142,7,29.68,7
Punjab,Gurdaspur,2015,39,29.17142857142857,21.514285714285712,85.1,4,1,10.357142857142858,5,22.07,7
Punjab,Gurdaspur,2015,40,31.099999999999998,19.085714285714285,0.0,0,7,8.6,6,29.310000000000002,7
Punjab,Gurdaspur,2015,41,32.07142857142857,20.014285714285712,0.0,0,7,9.071428571428571,5,27.759999999999998,7
Punjab,Gurdaspur,2015,42,29.657142857142855,19.357142857142858,14.0,2,5,9.657142857142857,5,22.6,7
Punjab,Gurdaspur,2015,43,28.214285714285715,16.914285714285715,10.7,3,4,14.228571428571428,3,22.69,7
Punjab,Gurdaspur,2015,44,26.32857142857143,13.828571428571427,3.2,1,6,9.37142857142857,6,21.83,7
Punjab,Gurdaspur,2015,45,25.642857142857142,14.271428571428572,18.0,2,5,9.057142857142859,5,18.62,7
Punjab,Gurdaspur,2015,46,25.32857142857143,13.385714285714286,0.7,0,6,10.342857142857143,3,18.65,7
Punjab,Gurdaspur,2015,47,24.457142857142856,10.885714285714286,0.0,0,7,10.37142857142857,3,19.04,7
Punjab,Gurdaspur,2015,48,23.8,10.9,0.1,0,7,10.257142857142856,2,16.31,7
Punjab,Gurdaspur,2015,49,24.0,11.3,0.0,0,1,7.8,1,2.03,1
Punjab,Gurdaspur,2016,35,31.675,23.575,2.9,1,1,8.8,3,17.18,4
Punjab,Gurdaspur,2016,36,32.75714285714286,25.12857142857143,13.100000000000001,5,0,8.3,7,29.62,7
Punjab,Gurdaspur,2016,37,32.5,23.728571428571428,7.1,4,3,8.528571428571428,6,30.15,7
Punjab,Gurdaspur,2016,38,31.928571428571427,23.74285714285714,11.4,4,1,9.114285714285714,5,26.62,7
Punjab,Gurdaspur,2016,39,32.17142857142857,23.914285714285715,5.1,1,1,10.057142857142859,4,25.94,7
Punjab,Gurdaspur,2016,40,32.98571428571429,22.32857142857143,3.7,2,3,9.757142857142856,5,28.08,7
Punjab,Gurdaspur,2016,41,32.628571428571426,18.2,0.0,0,7,9.785714285714286,5,29.16,7
Punjab,Gurdaspur,2016,42,31.728571428571428,17.385714285714283,0.0,0,7,9.442857142857141,5,27.36,7
Punjab,Gurdaspur,2016,43,30.02857142857143,16.1,0.0,0,7,9.414285714285715,6,24.810000000000002,7
Punjab,Gurdaspur,2016,44,28.47142857142857,15.071428571428571,0.0,0,7,9.314285714285715,6,22.03,7
Punjab,Gurdaspur,2016,45,27.114285714285717,12.657142857142857,0.0,0,7,10.528571428571428,4,21.19,7
Punjab,Gurdaspur,2016,46,25.728571428571428,11.4,0.0,0,7,9.914285714285715,3,19.560000000000002,7
Punjab,Gurdaspur,2016,47,25.571428571428573,12.214285714285714,0.0,0,7,9.971428571428572,4,18.11,7
Punjab,Gurdaspur,2016,48,24.633333333333336,10.4,0.0,0,3,8.5,3,7.3,3
Punjab,Gurdaspur,2017,35,30.03333333333333,23.7,11.6,3,0,8.766666666666667,2,10.27,3
Punjab,Gurdaspur,2017,36,31.400000000000002,23.74285714285714,9.6,3,0,8.657142857142857,5,27.96,7
Punjab,Gurdaspur,2017,37,32.75714285714285,22.099999999999998,0.2,0,7,10.014285714285714,5,31.71,7
Punjab,Gurdaspur,2017,38,32.57142857142857,21.214285714285715,0.0,0,7,8.371428571428572,6,29.41,7
Punjab,Gurdaspur,2017,39,33.74285714285714,22.1,0.0,0,7,8.6,7,30.58,7
Punjab,Gurdaspur,2017,40,33.857142857142854,20.771428571428572,0.0,0,7,9.771428571428572,3,30.07,7
Punjab,Gurdaspur,2017,41,33.17142857142857,19.542857142857144,0.3,0,6,10.057142857142859,5,27.72,7
Punjab,Gurdaspur,2017,42,32.214285714285715,17.37142857142857,0.6,0,6,10.814285714285715,3,26.45,7
Punjab,Gurdaspur,2017,43,29.571428571428573,14.87142857142857,0.3,0,6,10.014285714285714,3,23.16,7
Punjab,Gurdaspur,2017,44,27.957142857142856,16.057142857142857,0.0,0,7,8.4,7,19.939999999999998,7
Punjab,Gurdaspur,2017,45,26.485714285714288,14.671428571428573,0.1,0,7,8.057142857142857,7,16.92,7
Punjab,Gurdaspur,2017,46,23.042857142857144,11.9,16.5,3,2,10.214285714285714,5,14.65,7
Punjab,Gurdaspur,2017,47,21.928571428571427,8.585714285714285,0.0,0,7,9.671428571428573,4,15.46,7
Punjab,Gurdaspur,2017,48,22.4,8.625,0.0,0,4,9.175,3,8.370000000000001,4
Punjab,Gurdaspur,2018,35,31.700000000000003,25.6,3.2,2,0,16.05,0,7.2,2
Punjab,Gurdaspur,2018,36,31.900000000000002,25.214285714285715,14.7,2,2,7.1571428571428575,6,25.17,7
Punjab,Gurdaspur,2018,37,31.042857142857144,23.142857142857142,22.3,6,1,11.328571428571427,3,26.46,7
Punjab,Gurdaspur,2018,38,30.62857142857143,21.442857142857143,69.0,2,4,11.285714285714286,4,25.7,7
Punjab,Gurdaspur,2018,39,30.357142857142858,20.900000000000002,18.3,1,4,9.228571428571428,5,26.09,7
Punjab,Gurdaspur,2018,40,30.842857142857145,18.3,0.0,0,7,10.442857142857141,4,27.32,7
Punjab,Gurdaspur,2018,41,29.042857142857144,17.0,1.9000000000000001,0,5,14.571428571428571,2,24.740000000000002,7
Punjab,Gurdaspur,2018,42,29.642857142857142,15.471428571428572,0.0,0,7,10.357142857142858,3,25.1,7
Punjab,Gurdaspur,2018,43,28.37142857142857,14.200000000000001,0.1,0,7,10.014285714285714,3,22.59,7
Punjab,Gurdaspur,2018,44,26.957142857142856,15.785714285714286,32.4,2,4,13.242857142857144,3,20.06,7
Punjab,Gurdaspur,2018,45,24.214285714285715,11.185714285714285,0.0,0,7,9.37142857142857,6,16.9,7
Punjab,Gurdaspur,2018,46,23.942857142857143,11.200000000000001,0.3,0,6,11.485714285714284,2,16.48,7
Punjab,Gurdaspur,2018,47,24.142857142857142,10.171428571428573,0.0,0,7,9.928571428571429,4,16.27,7
Punjab,Gurdaspur,2018,48,23.240000000000002,10.1,0.0,0,5,8.64,4,9.73,5
Punjab,Hoshiarpur,2012,35,32.150000000000006,25.05,2.3,1,0,8.15,1,8.24,2
Punjab,Hoshiarpur,2012,36,30.271428571428572,24.771428571428572,26.9,4,2,10.071428571428571,4,23.03,7
Punjab,Hoshiarpur,2012,37,30.942857142857143,24.271428571428572,25.200000000000003,6,0,8.014285714285714,7,23.59,7
Punjab,Hoshiarpur,2012,38,29.599999999999998,21.857142857142858,49.0,3,3,12.299999999999999,1,24.43,7
Punjab,Hoshiarpur,2012,39,31.071428571428573,20.8,0.0,0,7,11.657142857142857,1,30.45,7
Punjab,Hoshiarpur,2012,40,31.928571428571427,19.514285714285712,0.0,0,7,10.328571428571427,3,30.259999999999998,7
Punjab,Hoshiarpur,2012,41,30.957142857142856,17.342857142857145,0.0,0,7,10.842857142857143,3,28.79,7
Punjab,Hoshiarpur,2012,42,28.74285714285714,16.02857142857143,0.7,0,6,9.957142857142857,5,25.48,7
Punjab,Hoshiarpur,2012,43,26.657142857142855,13.700000000000001,0.0,0,7,9.700000000000001,5,23.68,7
Punjab,Hoshiarpur,2012,44,27.728571428571428,14.785714285714286,0.0,0,7,9.985714285714286,3,23.58,7
Punjab,Hoshiarpur,2012,45,26.37142857142857,13.114285714285714,0.4,0,6,10.928571428571429,2,21.68,7
Punjab,Hoshiarpur,2012,46,24.900000000000002,12.414285714285715,0.0,0,7,9.714285714285714,4,19.6,7
Punjab,Hoshiarpur,2012,47,23.657142857142855,10.328571428571427,0.0,0,7,10.057142857142859,3,18.63,7
Punjab,Hoshiarpur,2012,48,22.04,9.14,2.5,1,4,12.86,0,12.31,5
Punjab,Hoshiarpur,2013,35,32.3,24.2,0.1,0,1,12.1,0,4.39,1
Punjab,Hoshiarpur,2013,36,31.25714285714286,23.728571428571428,11.9,3,0,9.857142857142858,3,27.98,7
Punjab,Hoshiarpur,2013,37,31.400000000000002,22.985714285714288,4.1,1,2,9.442857142857141,4,28.990000000000002,7
Punjab,Hoshiarpur,2013,38,32.31428571428571,22.014285714285712,4.2,2,5,9.985714285714286,4,30.41,7
Punjab,Hoshiarpur,2013,39,31.67142857142857,23.728571428571428,11.2,2,2,8.928571428571429,5,25.08,7
Punjab,Hoshiarpur,2013,40,30.2,22.642857142857142,1.8,0,3,9.5,3,23.16,7
Punjab,Hoshiarpur,2013,41,29.342857142857145,22.657142857142855,14.6,4,1,11.228571428571428,4,19.18,7
Punjab,Hoshiarpur,2013,42,30.47142857142857,17.87142857142857,0.0,0,7,10.885714285714286,1,27.2,7
Punjab,Hoshiarpur,2013,43,29.285714285714285,17.32857142857143,0.0,0,7,9.971428571428572,4,25.11,7
Punjab,Hoshiarpur,2013,44,27.514285714285712,14.328571428571427,0.30000000000000004,0,6,11.714285714285714,1,24.04,7
Punjab,Hoshiarpur,2013,45,23.87142857142857,12.62857142857143,8.9,1,5,9.428571428571429,5,18.419999999999998,7
Punjab,Hoshiarpur,2013,46,23.857142857142858,9.714285714285714,0.0,0,7,9.9,4,19.990000000000002,7
Punjab,Hoshiarpur,2013,47,24.157142857142855,9.942857142857141,0.0,0,7,10.714285714285714,2,19.18,7
Punjab,Hoshiarpur,2013,48,24.733333333333334,10.65,0.0,0,6,13.4,1,17.34,6
Punjab,Hoshiarpur,2014,36,29.728571428571428,24.485714285714288,96.1,5,0,16.914285714285715,1,18.54,7
Punjab,Hoshiarpur,2014,37,30.714285714285715,23.485714285714288,4.8,1,3,8.257142857142856,6,26.950000000000003,7
Punjab,Hoshiarpur,2014,38,32.42857142857143,22.82857142857143,0.6,0,6,11.299999999999999,0,30.759999999999998,7
Punjab,Hoshiarpur,2014,39,32.32857142857143,22.75714285714286,0.7,0,5,11.485714285714284,1,29.54,7
Punjab,Hoshiarpur,2014,40,32.01428571428571,22.87142857142857,2.3000000000000003,1,3,11.242857142857144,2,26.46,7
Punjab,Hoshiarpur,2014,41,31.7,19.271428571428572,10.7,1,5,12.657142857142857,1,27.86,7
Punjab,Hoshiarpur,2014,42,28.52857142857143,16.842857142857145,4.5,1,6,11.357142857142858,2,26.12,7
Punjab,Hoshiarpur,2014,43,29.97142857142857,17.842857142857145,0.0,0,7,9.528571428571428,4,25.3,7
Punjab,Hoshiarpur,2014,44,28.67142857142857,15.1,0.30000000000000004,0,6,12.742857142857144,0,25.72,7
Punjab,Hoshiarpur,2014,45,28.057142857142857,15.557142857142859,0.9,0,6,13.942857142857141,0,24.240000000000002,7
Punjab,Hoshiarpur,2014,46,25.885714285714283,12.585714285714285,0.0,0,7,12.4,0,22.62,7
Punjab,Hoshiarpur,2014,47,25.2,10.4,0.0,0,7,11.685714285714285,1,21.25,7
Punjab,Hoshiarpur,2014,48,25.071428571428573,11.12857142857143,0.0,0,7,11.214285714285714,2,19.48,7
Punjab,Hoshiarpur,2015,36,32.63333333333333,23.666666666666668,2.5,0,1,10.799999999999999,1,27.82,6
Punjab,Hoshiarpur,2015,37,33.75714285714285,21.385714285714283,0.0,0,7,12.042857142857143,1,35.77,7
Punjab,Hoshiarpur,2015,38,33.32857142857143,23.642857142857142,1.5,1,6,10.085714285714285,3,29.37,7
Punjab,Hoshiarpur,2015,39,29.17142857142857,21.842857142857145,62.900000000000006,2,4,12.428571428571429,4,23.33,7
Punjab,Hoshiarpur,2015,40,30.728571428571428,19.085714285714285,0.0,0,7,10.857142857142858,3,29.87,7
Punjab,Hoshiarpur,2015,41,32.34285714285714,20.02857142857143,0.0,0,7,11.085714285714285,2,29.72,7
Punjab,Hoshiarpur,2015,42,29.585714285714285,19.571428571428573,16.4,2,5,11.457142857142857,3,23.48,7
Punjab,Hoshiarpur,2015,43,29.585714285714285,17.3,1.9,1,6,12.814285714285715,1,25.14,7
Punjab,Hoshiarpur,2015,44,27.042857142857144,14.62857142857143,3.2,1,6,9.357142857142858,5,22.92,7
Punjab,Hoshiarpur,2015,45,26.542857142857144,15.271428571428572,12.3,2,5,8.428571428571429,6,20.42,7
Punjab,Hoshiarpur,2015,46,26.214285714285715,13.671428571428573,0.7,0,6,11.671428571428573,2,20.68,7
Punjab,Hoshiarpur,2015,47,25.3,11.328571428571427,0.0,0,7,10.985714285714284,3,20.4,7
Punjab,Hoshiarpur,2015,48,24.62857142857143,12.37142857142857,0.9,0,6,12.085714285714285,3,17.75,7
Punjab,Hoshiarpur,2015,49,25.0,14.1,0.0,0,1,7.5,1,2.13,1
Punjab,Hoshiarpur,2016,35,31.675,23.925,0.4,0,3,10.425,2,17.22,4
Punjab,Hoshiarpur,2016,36,33.4,25.057142857142857,2.2,0,2,11.442857142857141,1,30.34,7
Punjab,Hoshiarpur,2016,37,33.8,23.900000000000002,2.0,1,4,12.085714285714285,0,31.669999999999998,7
Punjab,Hoshiarpur,2016,38,32.628571428571426,24.042857142857144,5.2,2,3,11.171428571428573,3,28.53,7
Punjab,Hoshiarpur,2016,39,32.9,23.928571428571427,0.5,0,5,9.485714285714286,5,27.32,7
Punjab,Hoshiarpur,2016,40,33.91428571428572,22.614285714285717,0.9,0,4,13.12857142857143,0,30.37,7
Punjab,Hoshiarpur,2016,41,33.55714285714286,18.928571428571427,0.0,0,7,13.585714285714285,0,32.55,7
Punjab,Hoshiarpur,2016,42,32.75714285714286,17.95714285714286,0.0,0,7,11.4,3,30.380000000000003,7
Punjab,Hoshiarpur,2016,43,31.02857142857143,16.271428571428572,0.0,0,7,12.514285714285714,2,28.07,7
Punjab,Hoshiarpur,2016,44,29.642857142857142,15.571428571428571,0.0,0,7,10.685714285714285,3,24.65,7
Punjab,Hoshiarpur,2016,45,28.385714285714283,13.357142857142858,0.0,0,7,11.271428571428572,3,24.21,7
Punjab,Hoshiarpur,2016,46,26.728571428571428,12.328571428571427,0.0,0,7,11.62857142857143,2,22.15,7
Punjab,Hoshiarpur,2016,47,27.0,14.385714285714286,0.0,0,7,12.785714285714286,1,21.490000000000002,7
Punjab,Hoshiarpur,2016,48,25.833333333333332,11.833333333333334,0.0,0,3,10.1,2,8.19,3
Punjab,Hoshiarpur,2017,35,29.266666666666666,23.96666666666667,11.5,2,0,9.700000000000001,1,9.370000000000001,3
Punjab,Hoshiarpur,2017,36,31.24285714285714,23.728571428571428,6.3999999999999995,3,1,12.114285714285714,1,28.43,7
Punjab,Hoshiarpur,2017,37,32.01428571428571,22.714285714285715,0.0,0,7,11.857142857142858,1,31.9,7
Punjab,Hoshiarpur,2017,38,31.557142857142857,21.814285714285717,0.4,0,6,10.485714285714286,3,27.3,7
Punjab,Hoshiarpur,2017,39,33.07142857142857,22.985714285714288,0.0,0,7,10.471428571428572,3,30.61,7
Punjab,Hoshiarpur,2017,40,33.41428571428572,21.957142857142856,0.0,0,7,11.814285714285715,2,31.86,7
Punjab,Hoshiarpur,2017,41,32.74285714285714,20.428571428571427,0.0,0,7,11.271428571428572,2,29.05,7
Punjab,Hoshiarpur,2017,42,31.714285714285715,18.642857142857142,0.0,0,7,10.4,3,27.53,7
Punjab,Hoshiarpur,2017,43,28.97142857142857,16.185714285714287,0.6,0,6,11.071428571428571,3,24.7,7
Punjab,Hoshiarpur,2017,44,27.67142857142857,16.014285714285712,0.0,0,7,8.842857142857143,6,20.71,7
Punjab,Hoshiarpur,2017,45,25.914285714285715,15.771428571428572,0.2,0,6,9.542857142857143,5,17.17,7
Punjab,Hoshiarpur,2017,46,23.24285714285714,13.314285714285715,4.3,2,4,11.628571428571428,3,15.64,7
Punjab,Hoshiarpur,2017,47,21.75714285714286,10.185714285714285,0.0,0,7,11.12857142857143,1,16.45,7
Punjab,Hoshiarpur,2017,48,22.25,10.85,0.0,0,4,9.6,2,8.94,4
Punjab,Hoshiarpur,2018,35,30.65,25.65,3.5,1,0,12.35,0,6.28,2
Punjab,Hoshiarpur,2018,36,31.042857142857144,25.271428571428572,21.2,3,2,9.542857142857143,4,22.79,7
Punjab,Hoshiarpur,2018,37,30.900000000000002,23.400000000000002,13.4,4,2,12.700000000000001,1,27.49,7
Punjab,Hoshiarpur,2018,38,30.185714285714287,22.014285714285712,74.4,2,5,13.214285714285714,1,25.45,7
Punjab,Hoshiarpur,2018,39,29.385714285714283,21.385714285714283,73.4,2,5,12.1,1,24.490000000000002,7
Punjab,Hoshiarpur,2018,40,30.442857142857143,19.385714285714283,0.0,0,7,10.242857142857144,2,28.25,7
Punjab,Hoshiarpur,2018,41,28.557142857142857,17.757142857142856,5.6000000000000005,1,5,13.857142857142858,2,25.36,7
Punjab,Hoshiarpur,2018,42,28.985714285714288,16.1,0.0,0,7,12.9,1,26.39,7
Punjab,Hoshiarpur,2018,43,27.728571428571428,14.642857142857142,0.0,0,7,10.614285714285714,2,23.55,7
Punjab,Hoshiarpur,2018,44,26.642857142857142,16.1,7.799999999999999,1,5,15.37142857142857,3,21.59,7
Punjab,Hoshiarpur,2018,45,24.228571428571428,12.242857142857144,0.0,0,7,10.200000000000001,3,18.1,7
Punjab,Hoshiarpur,2018,46,23.900000000000002,11.771428571428572,1.9,0,4,12.714285714285714,2,17.23,7
Punjab,Hoshiarpur,2018,47,23.928571428571427,11.542857142857143,0.0,0,7,9.857142857142858,4,16.96,7
Punjab,Hoshiarpur,2018,48,23.4,11.76,0.0,0,5,9.84,4,10.53,5
Punjab,Jalandhar,2012,35,32.5,25.0,8.2,1,0,8.05,1,8.32,2
Punjab,Jalandhar,2012,36,30.614285714285717,24.97142857142857,36.5,6,0,10.928571428571429,3,23.09,7
Punjab,Jalandhar,2012,37,31.771428571428572,24.7,40.4,6,0,7.8428571428571425,6,23.96,7
Punjab,Jalandhar,2012,38,30.228571428571428,22.157142857142855,55.3,3,2,10.114285714285714,3,25.02,7
Punjab,Jalandhar,2012,39,31.842857142857145,21.185714285714287,0.0,0,7,9.542857142857143,3,30.66,7
Punjab,Jalandhar,2012,40,32.32857142857143,20.32857142857143,0.0,0,7,8.642857142857142,7,29.69,7
Punjab,Jalandhar,2012,41,31.228571428571428,18.385714285714283,0.8999999999999999,0,5,10.642857142857142,4,28.42,7
Punjab,Jalandhar,2012,42,28.8,16.314285714285713,1.0,0,5,10.342857142857143,6,25.22,7
Punjab,Jalandhar,2012,43,26.97142857142857,14.142857142857142,1.0,0,5,10.285714285714286,4,24.07,7
Punjab,Jalandhar,2012,44,28.157142857142855,15.242857142857144,0.0,0,7,9.171428571428573,7,23.31,7
Punjab,Jalandhar,2012,45,26.82857142857143,13.271428571428572,1.2999999999999998,0,4,9.057142857142857,7,21.19,7
Punjab,Jalandhar,2012,46,25.342857142857145,12.142857142857142,0.0,0,7,9.457142857142857,4,19.669999999999998,7
Punjab,Jalandhar,2012,47,23.75714285714286,10.171428571428573,0.4,0,6,9.742857142857144,4,18.45,7
Punjab,Jalandhar,2012,48,22.36,9.040000000000001,0.9,0,4,11.66,0,12.280000000000001,5
Punjab,Jalandhar,2013,35,32.7,24.8,0.5,0,0,9.9,1,4.32,1
Punjab,Jalandhar,2013,36,32.27142857142857,24.542857142857144,18.9,5,0,9.1,5,28.82,7
Punjab,Jalandhar,2013,37,32.27142857142857,23.514285714285712,7.6,4,1,8.328571428571427,7,29.490000000000002,7
Punjab,Jalandhar,2013,38,32.81428571428571,22.24285714285714,4.4,2,4,9.357142857142858,4,30.279999999999998,7
Punjab,Jalandhar,2013,39,32.18571428571429,24.228571428571428,22.1,4,1,8.285714285714286,6,25.69,7
Punjab,Jalandhar,2013,40,31.014285714285712,23.24285714285714,5.9,2,1,8.442857142857143,5,23.88,7
Punjab,Jalandhar,2013,41,30.357142857142858,23.114285714285717,18.799999999999997,3,2,10.200000000000001,4,20.96,7
Punjab,Jalandhar,2013,42,31.3,19.185714285714287,0.8,0,5,9.828571428571427,4,27.98,7
Punjab,Jalandhar,2013,43,30.0,18.185714285714287,0.0,0,7,9.857142857142858,5,25.97,7
Punjab,Jalandhar,2013,44,28.014285714285712,15.071428571428571,1.2999999999999998,0,5,10.271428571428572,4,24.42,7
Punjab,Jalandhar,2013,45,24.37142857142857,12.914285714285715,14.100000000000001,1,5,8.814285714285715,5,19.009999999999998,7
Punjab,Jalandhar,2013,46,24.37142857142857,9.642857142857142,0.0,0,7,10.5,1,20.47,7
Punjab,Jalandhar,2013,47,24.714285714285715,10.114285714285714,0.0,0,7,10.414285714285715,2,19.43,7
Punjab,Jalandhar,2013,48,25.016666666666666,9.933333333333334,0.0,0,6,12.483333333333334,0,17.169999999999998,6
Punjab,Jalandhar,2014,36,29.75714285714286,24.785714285714285,103.0,6,0,17.6,1,18.65,7
Punjab,Jalandhar,2014,37,31.47142857142857,23.62857142857143,7.1,2,3,7.357142857142857,7,27.37,7
Punjab,Jalandhar,2014,38,32.9,23.52857142857143,1.3,1,6,8.785714285714286,7,30.57,7
Punjab,Jalandhar,2014,39,33.17142857142857,23.514285714285712,1.9000000000000001,1,5,9.385714285714286,4,30.47,7
Punjab,Jalandhar,2014,40,33.471428571428575,23.37142857142857,2.9000000000000004,1,4,10.12857142857143,4,28.06,7
Punjab,Jalandhar,2014,41,32.357142857142854,19.885714285714283,17.200000000000003,2,4,11.200000000000001,1,28.6,7
Punjab,Jalandhar,2014,42,28.900000000000002,16.714285714285715,5.9,1,6,10.62857142857143,3,26.96,7
Punjab,Jalandhar,2014,43,30.585714285714285,17.914285714285715,0.8999999999999999,0,5,10.342857142857143,4,26.2,7
Punjab,Jalandhar,2014,44,29.157142857142855,15.428571428571429,0.1,0,7,10.37142857142857,2,25.73,7
Punjab,Jalandhar,2014,45,28.314285714285713,15.285714285714286,3.8,1,6,12.728571428571428,0,24.36,7
Punjab,Jalandhar,2014,46,26.314285714285713,10.885714285714286,0.0,0,7,11.328571428571427,2,22.79,7
Punjab,Jalandhar,2014,47,25.485714285714288,9.685714285714285,0.0,0,7,10.971428571428572,0,21.21,7
Punjab,Jalandhar,2014,48,25.37142857142857,10.4,0.0,0,7,10.657142857142857,3,19.36,7
Punjab,Jalandhar,2015,36,33.0,24.25,1.9,0,1,7.983333333333333,6,27.92,6
Punjab,Jalandhar,2015,37,33.5,22.25714285714286,0.0,0,7,9.285714285714286,6,33.85,7
Punjab,Jalandhar,2015,38,32.957142857142856,23.685714285714287,3.8,1,4,7.271428571428571,7,27.669999999999998,7
Punjab,Jalandhar,2015,39,29.75714285714286,22.2,73.8,3,0,9.914285714285715,4,23.12,7
Punjab,Jalandhar,2015,40,31.542857142857144,19.25714285714286,0.0,0,7,9.528571428571428,5,30.02,7
Punjab,Jalandhar,2015,41,32.77142857142857,20.485714285714288,0.0,0,7,9.814285714285715,4,29.18,7
Punjab,Jalandhar,2015,42,30.657142857142855,19.785714285714285,12.9,2,5,11.214285714285714,4,24.22,7
Punjab,Jalandhar,2015,43,29.885714285714283,17.4,2.9,1,6,12.37142857142857,3,24.9,7
Punjab,Jalandhar,2015,44,27.185714285714287,14.3,1.4,1,6,9.442857142857141,5,23.18,7
Punjab,Jalandhar,2015,45,26.5,15.200000000000001,35.400000000000006,2,5,8.842857142857143,6,20.15,7
Punjab,Jalandhar,2015,46,26.042857142857144,13.714285714285714,0.2,0,6,10.0,4,20.17,7
Punjab,Jalandhar,2015,47,25.12857142857143,11.157142857142857,0.0,0,7,10.914285714285715,2,20.12,7
Punjab,Jalandhar,2015,48,24.442857142857143,11.0,0.5,0,6,9.6,4,17.35,7
Punjab,Jalandhar,2015,49,24.8,13.6,0.0,0,1,7.4,1,2.03,1
Punjab,Jalandhar,2016,35,32.425,24.1,3.3000000000000003,1,2,9.025,2,17.42,4
Punjab,Jalandhar,2016,36,34.3,25.657142857142855,5.2,2,1,8.7,7,31.53,7
Punjab,Jalandhar,2016,37,34.471428571428575,24.7,3.5,1,2,10.257142857142856,3,31.93,7
Punjab,Jalandhar,2016,38,33.75714285714286,24.37142857142857,6.8999999999999995,3,1,10.814285714285715,4,29.330000000000002,7
Punjab,Jalandhar,2016,39,33.885714285714286,24.271428571428572,2.6,1,3,8.114285714285714,7,27.98,7
Punjab,Jalandhar,2016,40,34.528571428571425,23.7,3.5,1,2,10.428571428571429,2,30.43,7
Punjab,Jalandhar,2016,41,33.98571428571429,20.257142857142856,0.0,0,7,11.457142857142857,0,33.22,7
Punjab,Jalandhar,2016,42,32.98571428571429,18.914285714285715,0.0,0,7,10.4,4,30.34,7
Punjab,Jalandhar,2016,43,31.314285714285713,16.657142857142855,0.0,0,7,10.971428571428572,2,27.990000000000002,7
Punjab,Jalandhar,2016,44,29.685714285714287,15.942857142857141,0.0,0,7,9.657142857142857,4,24.33,7
Punjab,Jalandhar,2016,45,28.52857142857143,13.042857142857143,0.0,0,7,11.0,3,24.09,7
Punjab,Jalandhar,2016,46,26.97142857142857,11.942857142857141,0.0,0,7,10.614285714285714,2,21.68,7
Punjab,Jalandhar,2016,47,27.085714285714285,12.971428571428572,0.0,0,7,11.757142857142856,2,21.2,7
Punjab,Jalandhar,2016,48,25.900000000000002,10.333333333333334,0.0,0,3,10.133333333333333,2,8.03,3
Punjab,Jalandhar,2017,35,30.03333333333333,23.733333333333334,15.8,3,0,8.666666666666666,2,8.96,3
Punjab,Jalandhar,2017,36,31.814285714285713,24.24285714285714,14.0,5,2,11.685714285714285,3,28.56,7
Punjab,Jalandhar,2017,37,32.94285714285714,23.214285714285715,3.0999999999999996,1,3,10.6,3,32.18,7
Punjab,Jalandhar,2017,38,32.65714285714286,21.571428571428573,0.7,0,6,9.314285714285715,6,28.73,7
Punjab,Jalandhar,2017,39,34.128571428571426,22.414285714285715,0.0,0,7,9.37142857142857,5,31.15,7
Punjab,Jalandhar,2017,40,34.24285714285714,21.057142857142857,0.0,0,7,10.457142857142857,2,31.23,7
Punjab,Jalandhar,2017,41,33.44285714285714,20.542857142857144,1.4000000000000001,1,6,10.985714285714286,1,28.720000000000002,7
Punjab,Jalandhar,2017,42,32.3,18.242857142857144,0.0,0,7,11.285714285714286,0,26.99,7
Punjab,Jalandhar,2017,43,29.74285714285714,16.014285714285712,0.0,0,7,10.385714285714286,2,24.32,7
Punjab,Jalandhar,2017,44,28.042857142857144,15.928571428571429,0.0,0,7,9.942857142857141,4,20.369999999999997,7
Punjab,Jalandhar,2017,45,26.342857142857145,14.6,0.0,0,7,9.4,5,16.990000000000002,7
Punjab,Jalandhar,2017,46,22.957142857142856,12.700000000000001,6.5,2,5,11.7,3,14.83,7
Punjab,Jalandhar,2017,47,22.214285714285715,8.585714285714285,0.0,0,7,11.214285714285714,0,16.4,7
Punjab,Jalandhar,2017,48,22.725,9.350000000000001,0.0,0,4,9.7,2,8.72,4
Punjab,Jalandhar,2018,35,31.5,26.2,7.6000000000000005,2,0,13.899999999999999,0,6.68,2
Punjab,Jalandhar,2018,36,31.771428571428572,25.514285714285712,27.6,3,1,8.571428571428571,5,24.11,7
Punjab,Jalandhar,2018,37,31.74285714285714,23.885714285714283,8.200000000000001,3,1,10.542857142857143,3,28.689999999999998,7
Punjab,Jalandhar,2018,38,31.314285714285713,22.042857142857144,90.6,2,4,14.414285714285715,3,26.47,7
Punjab,Jalandhar,2018,39,29.957142857142856,21.2,73.8,3,3,9.828571428571427,4,24.65,7
Punjab,Jalandhar,2018,40,31.342857142857145,19.24285714285714,0.7999999999999999,0,6,10.842857142857143,3,28.27,7
Punjab,Jalandhar,2018,41,29.400000000000002,18.04285714285714,7.8,2,4,13.842857142857143,1,25.47,7
Punjab,Jalandhar,2018,42,29.957142857142856,16.45714285714286,0.0,0,7,11.085714285714287,1,26.11,7
Punjab,Jalandhar,2018,43,28.857142857142858,15.157142857142857,0.0,0,7,11.485714285714284,1,24.12,7
Punjab,Jalandhar,2018,44,27.185714285714287,16.2,11.099999999999998,2,4,13.257142857142856,3,20.85,7
Punjab,Jalandhar,2018,45,25.099999999999998,12.071428571428571,0.0,0,7,10.485714285714286,1,18.900000000000002,7
Punjab,Jalandhar,2018,46,24.585714285714285,11.814285714285715,5.2,1,6,10.957142857142857,1,17.009999999999998,7
Punjab,Jalandhar,2018,47,25.142857142857142,11.285714285714286,0.0,0,7,11.528571428571428,1,17.97,7
Punjab,Jalandhar,2018,48,24.240000000000002,10.9,0.0,0,5,10.0,2,10.8,5
Punjab,Kapurthala,2012,35,32.65,25.450000000000003,4.3999999999999995,1,0,7.2,2,8.33,2
Punjab,Kapurthala,2012,36,30.542857142857144,25.057142857142857,34.2,6,0,10.757142857142856,4,22.1,7
Punjab,Kapurthala,2012,37,31.942857142857143,24.928571428571427,32.7,6,0,8.514285714285714,6,24.32,7
Punjab,Kapurthala,2012,38,30.52857142857143,22.385714285714283,46.1,3,4,10.228571428571428,3,25.08,7
Punjab,Kapurthala,2012,39,32.34285714285714,21.47142857142857,0.0,0,7,9.242857142857144,4,30.72,7
Punjab,Kapurthala,2012,40,32.91428571428572,20.900000000000002,0.0,0,7,7.7,7,29.759999999999998,7
Punjab,Kapurthala,2012,41,31.75714285714286,18.17142857142857,0.3,0,6,9.685714285714285,4,28.02,7
Punjab,Kapurthala,2012,42,28.87142857142857,16.557142857142857,1.1,0,4,9.357142857142858,6,24.23,7
Punjab,Kapurthala,2012,43,27.32857142857143,14.985714285714286,0.8,0,5,8.87142857142857,5,23.419999999999998,7
Punjab,Kapurthala,2012,44,28.614285714285717,15.857142857142858,0.0,0,7,8.385714285714286,7,22.83,7
Punjab,Kapurthala,2012,45,27.2,13.728571428571428,2.2,1,5,8.585714285714285,7,20.59,7
Punjab,Kapurthala,2012,46,25.642857142857142,13.0,0.0,0,7,8.814285714285715,6,19.13,7
Punjab,Kapurthala,2012,47,23.985714285714288,10.799999999999999,0.9,0,6,9.314285714285715,4,18.19,7
Punjab,Kapurthala,2012,48,22.439999999999998,9.62,2.3,1,4,11.379999999999999,2,12.120000000000001,5
Punjab,Kapurthala,2013,35,32.8,25.4,0.4,0,0,6.9,1,4.26,1
Punjab,Kapurthala,2013,36,32.214285714285715,24.685714285714287,16.1,5,1,8.5,5,28.76,7
Punjab,Kapurthala,2013,37,32.15714285714286,23.75714285714286,4.1,1,3,7.642857142857143,7,29.02,7
Punjab,Kapurthala,2013,38,32.5,22.47142857142857,2.0,1,4,8.457142857142857,6,29.919999999999998,7
Punjab,Kapurthala,2013,39,32.22857142857143,24.37142857142857,15.8,2,2,7.442857142857143,6,25.7,7
Punjab,Kapurthala,2013,40,30.87142857142857,23.2,4.9,1,1,7.785714285714286,5,23.39,7
Punjab,Kapurthala,2013,41,30.442857142857143,23.342857142857145,12.1,3,2,10.085714285714285,4,21.07,7
Punjab,Kapurthala,2013,42,31.271428571428572,19.228571428571428,0.0,0,7,9.128571428571428,5,27.060000000000002,7
Punjab,Kapurthala,2013,43,30.0,18.414285714285715,0.0,0,7,9.328571428571427,6,25.17,7
Punjab,Kapurthala,2013,44,28.157142857142855,15.428571428571429,0.30000000000000004,0,6,10.1,3,23.84,7
Punjab,Kapurthala,2013,45,24.400000000000002,13.257142857142856,9.399999999999999,1,5,8.471428571428572,6,18.36,7
Punjab,Kapurthala,2013,46,24.342857142857145,9.87142857142857,0.0,0,7,9.728571428571428,3,19.97,7
Punjab,Kapurthala,2013,47,24.728571428571428,10.314285714285715,0.0,0,7,10.057142857142859,4,18.9,7
Punjab,Kapurthala,2013,48,25.0,10.516666666666667,0.0,0,6,11.583333333333334,0,16.75,6
Punjab,Kapurthala,2014,36,29.285714285714285,24.87142857142857,146.5,6,0,18.75714285714286,1,17.73,7
Punjab,Kapurthala,2014,37,31.585714285714285,23.814285714285713,6.4,2,1,6.385714285714285,7,27.259999999999998,7
Punjab,Kapurthala,2014,38,32.77142857142857,23.52857142857143,1.0,0,6,8.114285714285714,6,30.0,7
Punjab,Kapurthala,2014,39,32.9,23.52857142857143,0.4,0,6,8.114285714285714,6,29.22,7
Punjab,Kapurthala,2014,40,33.24285714285714,23.400000000000002,1.2,0,5,9.057142857142857,5,27.46,7
Punjab,Kapurthala,2014,41,31.857142857142858,20.099999999999998,17.700000000000003,1,5,10.4,3,27.11,7
Punjab,Kapurthala,2014,42,28.62857142857143,16.5,3.0,1,6,10.37142857142857,3,26.27,7
Punjab,Kapurthala,2014,43,30.271428571428572,17.614285714285714,1.4,0,5,8.914285714285715,6,25.0,7
Punjab,Kapurthala,2014,44,28.7,15.6,0.1,0,7,9.842857142857143,3,24.22,7
Punjab,Kapurthala,2014,45,27.8,15.4,4.1,1,6,11.62857142857143,0,22.83,7
Punjab,Kapurthala,2014,46,25.957142857142856,11.771428571428572,0.0,0,7,10.5,3,21.93,7
Punjab,Kapurthala,2014,47,25.142857142857142,10.457142857142857,0.0,0,7,9.928571428571429,3,20.0,7
Punjab,Kapurthala,2014,48,25.042857142857144,10.614285714285714,0.0,0,7,9.914285714285713,4,18.12,7
Punjab,Kapurthala,2015,36,33.21666666666667,24.666666666666668,1.2,0,2,7.616666666666667,6,27.91,6
Punjab,Kapurthala,2015,37,33.785714285714285,22.542857142857144,0.0,0,7,8.214285714285714,6,33.27,7
Punjab,Kapurthala,2015,38,33.31428571428571,23.685714285714287,4.8,1,5,6.857142857142857,7,28.33,7
Punjab,Kapurthala,2015,39,29.599999999999998,22.385714285714283,71.2,2,1,9.557142857142859,5,22.57,7
Punjab,Kapurthala,2015,40,31.7,19.914285714285715,0.0,0,7,8.714285714285714,5,29.939999999999998,7
Punjab,Kapurthala,2015,41,32.857142857142854,20.728571428571428,0.0,0,7,9.471428571428572,4,28.64,7
Punjab,Kapurthala,2015,42,30.75714285714286,19.957142857142856,11.6,2,5,10.114285714285714,5,23.64,7
Punjab,Kapurthala,2015,43,29.542857142857144,17.414285714285715,10.5,1,6,12.071428571428571,4,23.88,7
Punjab,Kapurthala,2015,44,26.842857142857145,14.585714285714285,1.1,1,6,9.128571428571428,5,22.45,7
Punjab,Kapurthala,2015,45,26.228571428571428,15.228571428571428,33.1,2,5,9.200000000000001,5,19.48,7
Punjab,Kapurthala,2015,46,25.728571428571428,14.014285714285714,0.6,0,6,9.828571428571427,4,19.48,7
Punjab,Kapurthala,2015,47,24.814285714285713,11.799999999999999,0.0,0,7,9.914285714285715,5,19.490000000000002,7
Punjab,Kapurthala,2015,48,24.185714285714287,11.185714285714285,0.0,0,7,9.342857142857143,5,16.72,7
Punjab,Kapurthala,2015,49,24.5,14.1,0.0,0,1,8.1,1,2.01,1
Punjab,Kapurthala,2016,35,32.6,24.325,2.5,1,2,9.2,2,17.66,4
Punjab,Kapurthala,2016,36,34.44285714285714,25.714285714285715,3.0,1,3,9.142857142857142,6,31.65,7
Punjab,Kapurthala,2016,37,34.614285714285714,24.785714285714285,1.8,1,4,9.814285714285715,2,31.880000000000003,7
Punjab,Kapurthala,2016,38,33.885714285714286,24.614285714285717,4.4,1,2,9.757142857142856,4,28.96,7
Punjab,Kapurthala,2016,39,34.01428571428571,24.485714285714288,1.1,0,4,8.5,6,27.77,7
Punjab,Kapurthala,2016,40,34.457142857142856,23.985714285714288,1.8,1,5,10.342857142857143,4,29.7,7
Punjab,Kapurthala,2016,41,34.142857142857146,20.414285714285715,0.0,0,7,11.157142857142857,0,32.66,7
Punjab,Kapurthala,2016,42,33.22857142857143,19.014285714285712,0.0,0,7,9.571428571428571,5,29.52,7
Punjab,Kapurthala,2016,43,31.599999999999998,17.185714285714287,0.0,0,7,10.428571428571429,5,27.21,7
Punjab,Kapurthala,2016,44,29.785714285714285,16.5,0.0,0,7,9.0,6,23.62,7
Punjab,Kapurthala,2016,45,28.571428571428573,13.671428571428573,0.2,0,6,11.042857142857143,3,23.4,7
Punjab,Kapurthala,2016,46,27.185714285714287,12.342857142857143,0.0,0,7,10.242857142857144,3,21.38,7
Punjab,Kapurthala,2016,47,27.17142857142857,13.485714285714284,0.0,0,7,11.085714285714285,3,20.98,7
Punjab,Kapurthala,2016,48,26.2,11.433333333333332,0.0,0,3,9.266666666666667,2,8.06,3
Punjab,Kapurthala,2017,35,30.366666666666664,23.733333333333334,27.0,2,0,8.733333333333333,2,9.24,3
Punjab,Kapurthala,2017,36,31.900000000000002,24.142857142857142,20.1,4,1,8.22857142857143,6,28.56,7
Punjab,Kapurthala,2017,37,32.68571428571429,22.928571428571427,0.7,0,6,9.771428571428572,4,31.759999999999998,7
Punjab,Kapurthala,2017,38,32.75714285714286,21.485714285714288,0.39999999999999997,0,6,9.171428571428573,4,29.19,7
Punjab,Kapurthala,2017,39,34.02857142857143,22.17142857142857,0.1,0,7,8.671428571428573,6,30.75,7
Punjab,Kapurthala,2017,40,34.042857142857144,20.87142857142857,0.0,0,7,9.385714285714286,6,30.490000000000002,7
Punjab,Kapurthala,2017,41,33.114285714285714,20.12857142857143,1.0,0,5,10.171428571428573,5,27.919999999999998,7
Punjab,Kapurthala,2017,42,32.15714285714286,17.97142857142857,1.5,1,6,10.157142857142857,2,26.3,7
Punjab,Kapurthala,2017,43,29.7,15.457142857142857,0.0,0,7,9.985714285714286,4,23.64,7
Punjab,Kapurthala,2017,44,27.97142857142857,15.685714285714285,0.0,0,7,8.914285714285715,6,19.98,7
Punjab,Kapurthala,2017,45,26.357142857142858,14.700000000000001,0.0,0,7,8.785714285714286,7,16.92,7
Punjab,Kapurthala,2017,46,22.885714285714283,12.471428571428572,8.9,2,4,11.37142857142857,5,14.45,7
Punjab,Kapurthala,2017,47,22.157142857142855,8.614285714285714,0.0,0,7,10.700000000000001,1,15.95,7
Punjab,Kapurthala,2017,48,22.625,8.825,0.0,0,4,8.65,2,8.46,4
Punjab,Kapurthala,2018,35,31.9,26.35,9.4,1,0,13.95,0,6.93,2
Punjab,Kapurthala,2018,36,31.928571428571427,25.342857142857145,40.3,3,2,7.942857142857143,6,24.46,7
Punjab,Kapurthala,2018,37,31.67142857142857,23.7,12.6,5,1,11.700000000000001,2,28.43,7
Punjab,Kapurthala,2018,38,31.25714285714286,21.857142857142858,62.4,2,4,12.014285714285714,3,26.35,7
Punjab,Kapurthala,2018,39,30.085714285714285,21.114285714285717,49.1,2,3,10.214285714285714,4,24.91,7
Punjab,Kapurthala,2018,40,31.142857142857142,18.942857142857143,1.5,1,6,11.142857142857142,3,27.6,7
Punjab,Kapurthala,2018,41,29.285714285714285,17.9,8.399999999999999,2,4,13.971428571428572,1,24.84,7
Punjab,Kapurthala,2018,42,29.82857142857143,16.257142857142856,0.0,0,7,10.799999999999999,2,25.34,7
Punjab,Kapurthala,2018,43,28.571428571428573,15.085714285714285,0.0,0,7,10.914285714285715,3,23.29,7
Punjab,Kapurthala,2018,44,27.214285714285715,16.014285714285712,13.999999999999998,2,4,13.114285714285714,2,20.35,7
Punjab,Kapurthala,2018,45,24.97142857142857,11.914285714285715,0.0,0,7,10.299999999999999,2,18.46,7
Punjab,Kapurthala,2018,46,24.214285714285715,11.685714285714285,1.7,1,6,11.328571428571427,0,16.12,7
Punjab,Kapurthala,2018,47,24.87142857142857,10.685714285714285,0.0,0,7,10.914285714285715,1,17.38,7
Punjab,Kapurthala,2018,48,24.02,10.540000000000001,0.0,0,5,9.72,3,10.56,5
Punjab,Ludhiana,2012,35,32.349999999999994,25.450000000000003,5.3999999999999995,1,0,9.15,1,8.219999999999999,2
Punjab,Ludhiana,2012,36,30.614285714285717,24.957142857142856,36.4,6,0,13.442857142857141,3,24.13,7
Punjab,Ludhiana,2012,37,31.557142857142857,24.542857142857144,35.9,6,0,7.8999999999999995,7,24.04,7
Punjab,Ludhiana,2012,38,30.17142857142857,21.942857142857143,36.2,3,4,10.571428571428571,2,26.12,7
Punjab,Ludhiana,2012,39,31.685714285714283,20.685714285714287,0.0,0,7,10.4,3,31.14,7
Punjab,Ludhiana,2012,40,32.5,20.285714285714285,0.0,0,7,9.77142857142857,4,31.14,7
Punjab,Ludhiana,2012,41,31.585714285714285,18.071428571428573,1.7,1,5,9.557142857142859,4,29.81,7
Punjab,Ludhiana,2012,42,29.514285714285712,16.685714285714287,0.5,0,5,10.857142857142858,5,26.42,7
Punjab,Ludhiana,2012,43,27.457142857142856,14.828571428571427,0.6,0,6,10.671428571428573,3,25.22,7
Punjab,Ludhiana,2012,44,28.52857142857143,15.799999999999999,0.0,0,7,9.37142857142857,7,24.69,7
Punjab,Ludhiana,2012,45,27.342857142857145,14.028571428571428,1.3,1,6,9.085714285714285,5,22.259999999999998,7
Punjab,Ludhiana,2012,46,25.771428571428572,12.785714285714286,0.0,0,7,9.87142857142857,4,20.61,7
Punjab,Ludhiana,2012,47,24.271428571428572,10.942857142857141,0.3,0,6,10.642857142857142,3,19.94,7
Punjab,Ludhiana,2012,48,22.880000000000003,9.440000000000001,0.5,0,4,11.52,1,13.41,5
Punjab,Ludhiana,2013,35,32.8,24.5,0.6,0,0,11.0,0,4.36,1
Punjab,Ludhiana,2013,36,32.5,24.62857142857143,8.100000000000001,3,1,9.9,3,29.72,7
Punjab,Ludhiana,2013,37,32.8,23.585714285714285,3.8,1,2,9.4,4,30.2,7
Punjab,Ludhiana,2013,38,32.84285714285714,22.342857142857145,18.3,2,4,11.1,2,30.12,7
Punjab,Ludhiana,2013,39,32.01428571428571,23.771428571428572,24.1,3,1,7.757142857142858,6,25.68,7
Punjab,Ludhiana,2013,40,30.914285714285715,22.685714285714287,2.8000000000000003,0,3,9.542857142857143,5,24.14,7
Punjab,Ludhiana,2013,41,30.214285714285715,23.12857142857143,10.700000000000001,3,2,11.414285714285715,2,21.06,7
Punjab,Ludhiana,2013,42,31.857142857142858,19.014285714285712,0.0,0,7,9.271428571428572,6,28.95,7
Punjab,Ludhiana,2013,43,30.442857142857143,17.714285714285715,0.0,0,7,9.514285714285714,5,26.09,7
Punjab,Ludhiana,2013,44,28.599999999999998,15.542857142857143,2.0999999999999996,1,5,10.271428571428572,4,25.22,7
Punjab,Ludhiana,2013,45,24.985714285714288,13.014285714285714,9.3,1,6,9.842857142857143,4,20.27,7
Punjab,Ludhiana,2013,46,25.0,10.471428571428572,0.0,0,7,10.685714285714285,1,22.27,7
Punjab,Ludhiana,2013,47,25.52857142857143,10.942857142857141,0.0,0,7,11.171428571428573,2,21.3,7
Punjab,Ludhiana,2013,48,26.083333333333332,11.333333333333334,0.0,0,6,13.616666666666667,0,19.189999999999998,6
Punjab,Ludhiana,2014,36,30.12857142857143,24.714285714285715,88.60000000000001,6,0,17.942857142857143,1,19.89,7
Punjab,Ludhiana,2014,37,31.557142857142857,23.914285714285715,12.5,4,0,7.8999999999999995,7,26.880000000000003,7
Punjab,Ludhiana,2014,38,33.642857142857146,23.485714285714288,1.2,0,5,10.171428571428573,2,31.68,7
Punjab,Ludhiana,2014,39,34.642857142857146,23.32857142857143,0.2,0,6,11.928571428571429,0,33.769999999999996,7
Punjab,Ludhiana,2014,40,34.82857142857143,23.814285714285713,2.6,1,4,11.62857142857143,1,29.9,7
Punjab,Ludhiana,2014,41,33.72857142857143,20.97142857142857,10.3,2,5,11.9,1,31.41,7
Punjab,Ludhiana,2014,42,29.857142857142858,16.95714285714286,4.6,1,6,10.571428571428571,3,28.16,7
Punjab,Ludhiana,2014,43,31.757142857142856,18.514285714285712,0.5,0,5,9.9,4,27.81,7
Punjab,Ludhiana,2014,44,30.071428571428573,16.2,0.5,0,5,11.585714285714285,1,27.810000000000002,7
Punjab,Ludhiana,2014,45,29.38571428571429,16.514285714285716,2.4,1,6,13.028571428571428,1,26.81,7
Punjab,Ludhiana,2014,46,27.228571428571428,11.757142857142856,0.0,0,7,12.114285714285714,2,25.18,7
Punjab,Ludhiana,2014,47,26.571428571428573,11.1,0.0,0,7,11.228571428571428,1,23.25,7
Punjab,Ludhiana,2014,48,26.52857142857143,11.614285714285714,0.0,0,7,11.285714285714286,3,21.39,7
Punjab,Ludhiana,2015,36,32.983333333333334,24.03333333333333,1.3,0,3,10.533333333333333,2,28.91,6
Punjab,Ludhiana,2015,37,33.41428571428572,22.614285714285717,0.5,0,6,10.014285714285714,4,34.51,7
Punjab,Ludhiana,2015,38,32.4,23.457142857142856,5.5,2,4,8.4,6,27.11,7
Punjab,Ludhiana,2015,39,29.8,22.042857142857144,62.699999999999996,3,2,10.87142857142857,6,23.55,7
Punjab,Ludhiana,2015,40,31.514285714285712,19.32857142857143,0.0,0,7,9.914285714285715,5,30.68,7
Punjab,Ludhiana,2015,41,32.97142857142857,20.67142857142857,0.1,0,7,10.4,3,30.16,7
Punjab,Ludhiana,2015,42,31.085714285714285,20.3,14.700000000000001,2,5,11.514285714285714,4,25.4,7
Punjab,Ludhiana,2015,43,30.271428571428572,17.771428571428572,6.8999999999999995,2,4,12.5,3,26.01,7
Punjab,Ludhiana,2015,44,27.414285714285715,14.771428571428572,1.0,0,6,9.557142857142859,4,23.759999999999998,7
Punjab,Ludhiana,2015,45,26.75714285714286,15.728571428571428,33.2,2,5,9.414285714285715,5,20.62,7
Punjab,Ludhiana,2015,46,26.314285714285713,14.542857142857143,0.1,0,7,10.571428571428571,3,20.900000000000002,7
Punjab,Ludhiana,2015,47,25.3,11.928571428571429,0.0,0,7,11.228571428571428,3,21.14,7
Punjab,Ludhiana,2015,48,24.571428571428573,11.828571428571427,1.0,0,6,10.857142857142858,3,17.79,7
Punjab,Ludhiana,2015,49,24.8,13.8,0.0,0,1,7.3,1,2.19,1
Punjab,Ludhiana,2016,35,31.9,24.275,4.3,1,2,10.425,2,16.96,4
Punjab,Ludhiana,2016,36,33.84285714285714,25.185714285714287,0.7,0,5,9.471428571428572,5,32.379999999999995,7
Punjab,Ludhiana,2016,37,34.42857142857143,24.042857142857144,0.2,0,6,9.814285714285715,4,32.089999999999996,7
Punjab,Ludhiana,2016,38,33.82857142857143,24.599999999999998,3.3,1,4,11.514285714285714,3,29.58,7
Punjab,Ludhiana,2016,39,33.8,24.385714285714283,0.7,0,5,8.828571428571427,6,28.21,7
Punjab,Ludhiana,2016,40,34.714285714285715,23.685714285714283,0.4,0,5,11.142857142857142,1,31.04,7
Punjab,Ludhiana,2016,41,34.18571428571429,20.2,0.0,0,7,12.285714285714286,0,35.03,7
Punjab,Ludhiana,2016,42,33.128571428571426,19.357142857142858,0.0,0,7,10.485714285714286,4,31.47,7
Punjab,Ludhiana,2016,43,31.342857142857145,17.4,0.0,0,7,10.814285714285715,5,28.68,7
Punjab,Ludhiana,2016,44,29.685714285714287,16.442857142857143,0.0,0,7,9.700000000000001,5,24.94,7
Punjab,Ludhiana,2016,45,28.74285714285714,14.485714285714286,1.7,1,6,12.114285714285714,1,25.200000000000003,7
Punjab,Ludhiana,2016,46,26.985714285714288,12.685714285714285,0.0,0,7,11.37142857142857,3,22.490000000000002,7
Punjab,Ludhiana,2016,47,27.271428571428572,13.9,0.0,0,7,12.9,2,23.11,7
Punjab,Ludhiana,2016,48,26.133333333333336,11.866666666666667,0.0,0,3,10.9,2,8.56,3
Punjab,Ludhiana,2017,35,29.666666666666668,23.666666666666668,24.3,3,0,14.933333333333335,1,8.7,3
Punjab,Ludhiana,2017,36,31.657142857142855,24.0,11.2,4,1,10.87142857142857,3,28.95,7
Punjab,Ludhiana,2017,37,32.51428571428571,23.285714285714285,0.0,0,7,11.114285714285714,2,32.22,7
Punjab,Ludhiana,2017,38,31.9,21.314285714285713,1.6,0,5,9.6,4,28.21,7
Punjab,Ludhiana,2017,39,33.75714285714286,22.357142857142858,0.2,0,6,10.114285714285714,3,31.07,7
Punjab,Ludhiana,2017,40,34.114285714285714,20.87142857142857,0.0,0,7,10.642857142857142,1,31.740000000000002,7
Punjab,Ludhiana,2017,41,33.385714285714286,20.67142857142857,0.0,0,7,10.1,4,28.75,7
Punjab,Ludhiana,2017,42,32.471428571428575,17.95714285714286,1.2,1,6,10.728571428571428,1,27.2,7
Punjab,Ludhiana,2017,43,30.042857142857144,15.571428571428571,0.0,0,7,10.671428571428573,2,24.73,7
Punjab,Ludhiana,2017,44,28.24285714285714,16.114285714285714,0.0,0,7,9.414285714285715,4,20.64,7
Punjab,Ludhiana,2017,45,26.428571428571427,14.985714285714284,0.0,0,7,8.2,7,17.27,7
Punjab,Ludhiana,2017,46,23.585714285714285,12.885714285714286,6.2,1,3,11.385714285714286,3,15.5,7
Punjab,Ludhiana,2017,47,22.642857142857142,9.642857142857142,0.0,0,7,11.042857142857143,1,17.7,7
Punjab,Ludhiana,2017,48,23.075,9.375,0.0,0,4,10.425,1,9.219999999999999,4
Punjab,Ludhiana,2018,35,30.25,25.799999999999997,4.4,2,0,12.4,1,5.45,2
Punjab,Ludhiana,2018,36,31.414285714285715,25.285714285714285,40.5,3,1,9.085714285714285,3,23.330000000000002,7
Punjab,Ludhiana,2018,37,31.47142857142857,23.957142857142856,7.3999999999999995,3,4,10.5,4,28.61,7
Punjab,Ludhiana,2018,38,30.642857142857142,22.24285714285714,152.1,2,4,15.914285714285715,1,25.97,7
Punjab,Ludhiana,2018,39,29.7,21.17142857142857,95.5,2,5,10.671428571428573,3,24.53,7
Punjab,Ludhiana,2018,40,31.12857142857143,19.614285714285717,0.0,0,7,10.842857142857143,4,28.58,7
Punjab,Ludhiana,2018,41,29.24285714285714,17.842857142857145,7.199999999999999,2,4,13.357142857142858,2,25.57,7
Punjab,Ludhiana,2018,42,29.8,16.085714285714285,0.4,0,6,10.257142857142856,1,25.7,7
Punjab,Ludhiana,2018,43,28.8,15.357142857142858,0.0,0,7,11.771428571428572,0,24.7,7
Punjab,Ludhiana,2018,44,27.228571428571428,15.87142857142857,1.9,1,5,12.985714285714286,3,20.95,7
Punjab,Ludhiana,2018,45,25.585714285714285,12.885714285714286,0.0,0,7,10.6,3,20.39,7
Punjab,Ludhiana,2018,46,25.0,12.214285714285714,4.5,1,6,11.642857142857142,2,17.68,7
Punjab,Ludhiana,2018,47,25.114285714285717,11.700000000000001,0.0,0,7,11.814285714285715,2,18.62,7
Punjab,Ludhiana,2018,48,24.36,11.76,0.0,0,5,10.24,1,11.12,5
Punjab,Mansa,2012,35,33.150000000000006,25.8,6.8,1,0,10.149999999999999,1,7.98,2
Punjab,Mansa,2012,36,30.657142857142855,25.32857142857143,45.800000000000004,6,0,18.428571428571427,1,25.07,7
Punjab,Mansa,2012,37,32.2,24.957142857142856,38.1,6,0,9.142857142857142,5,24.47,7
Punjab,Mansa,2012,38,31.32857142857143,21.942857142857143,18.1,2,4,9.971428571428572,4,28.57,7
Punjab,Mansa,2012,39,32.800000000000004,20.62857142857143,0.0,0,7,9.714285714285714,5,32.72,7
Punjab,Mansa,2012,40,34.1,20.028571428571432,0.0,0,7,9.299999999999999,5,32.9,7
Punjab,Mansa,2012,41,33.24285714285714,18.842857142857145,1.3,0,5,10.571428571428571,3,32.24,7
Punjab,Mansa,2012,42,30.857142857142858,18.02857142857143,0.0,0,7,10.742857142857144,6,28.14,7
Punjab,Mansa,2012,43,28.24285714285714,15.028571428571428,5.3,1,5,10.342857142857143,4,25.63,7
Punjab,Mansa,2012,44,29.25714285714286,15.985714285714286,0.0,0,7,8.314285714285715,7,25.3,7
Punjab,Mansa,2012,45,28.47142857142857,14.971428571428572,2.5,1,6,9.742857142857144,5,23.91,7
Punjab,Mansa,2012,46,26.685714285714287,13.285714285714286,0.0,0,7,9.328571428571427,5,21.75,7
Punjab,Mansa,2012,47,25.54285714285714,11.614285714285714,0.0,0,7,11.085714285714285,2,22.25,7
Punjab,Mansa,2012,48,24.02,10.24,0.1,0,5,11.819999999999999,1,14.91,5
Punjab,Mansa,2013,35,34.5,25.6,0.4,0,0,12.6,0,4.79,1
Punjab,Mansa,2013,36,34.41428571428572,25.442857142857143,2.1,1,5,13.614285714285714,1,36.02,7
Punjab,Mansa,2013,37,34.81428571428571,25.142857142857142,3.7,2,5,10.542857142857143,2,33.589999999999996,7
Punjab,Mansa,2013,38,33.614285714285714,23.271428571428572,8.9,2,4,12.314285714285715,2,31.96,7
Punjab,Mansa,2013,39,32.8,24.785714285714285,17.1,3,2,8.72857142857143,6,26.91,7
Punjab,Mansa,2013,40,31.514285714285712,23.385714285714283,1.4,1,5,10.328571428571427,3,26.26,7
Punjab,Mansa,2013,41,31.285714285714285,23.75714285714286,12.5,3,2,11.085714285714285,3,23.42,7
Punjab,Mansa,2013,42,32.57142857142857,20.157142857142855,0.0,0,7,8.957142857142857,5,29.19,7
Punjab,Mansa,2013,43,31.014285714285712,17.97142857142857,0.0,0,7,9.5,5,28.07,7
Punjab,Mansa,2013,44,29.542857142857144,16.4,0.8,0,6,11.285714285714286,2,27.8,7
Punjab,Mansa,2013,45,25.614285714285717,13.971428571428572,12.4,1,5,10.814285714285715,2,21.85,7
Punjab,Mansa,2013,46,25.25714285714286,10.528571428571428,0.0,0,7,11.4,1,24.03,7
Punjab,Mansa,2013,47,26.32857142857143,11.057142857142859,0.0,0,7,11.014285714285714,3,22.67,7
Punjab,Mansa,2013,48,27.05,12.85,0.0,0,6,13.783333333333333,1,20.44,6
Punjab,Mansa,2014,36,30.914285714285715,25.12857142857143,76.2,5,0,20.842857142857145,1,22.07,7
Punjab,Mansa,2014,37,32.1,24.82857142857143,15.799999999999999,4,0,8.714285714285714,6,27.61,7
Punjab,Mansa,2014,38,34.05714285714286,24.085714285714285,0.6,0,6,10.085714285714285,3,32.53,7
Punjab,Mansa,2014,39,34.84285714285714,23.057142857142857,0.0,0,7,14.342857142857143,0,38.21,7
Punjab,Mansa,2014,40,36.18571428571429,24.271428571428572,0.0,0,7,11.671428571428573,2,34.41,7
Punjab,Mansa,2014,41,34.714285714285715,22.47142857142857,1.7999999999999998,1,5,10.985714285714286,2,34.03,7
Punjab,Mansa,2014,42,30.25714285714286,18.257142857142856,1.4,1,6,10.042857142857143,4,29.9,7
Punjab,Mansa,2014,43,31.97142857142857,19.414285714285715,1.9,1,5,9.4,5,28.330000000000002,7
Punjab,Mansa,2014,44,30.37142857142857,17.414285714285715,2.7,1,6,11.257142857142856,3,28.35,7
Punjab,Mansa,2014,45,29.885714285714283,17.585714285714285,0.5,0,6,13.5,1,27.71,7
Punjab,Mansa,2014,46,27.37142857142857,12.085714285714285,0.0,0,7,11.771428571428572,2,27.46,7
Punjab,Mansa,2014,47,26.87142857142857,11.37142857142857,0.0,0,7,10.87142857142857,1,24.68,7
Punjab,Mansa,2014,48,27.12857142857143,12.585714285714285,0.0,0,7,11.057142857142859,3,22.8,7
Punjab,Mansa,2015,36,36.1,24.599999999999998,0.0,0,6,13.716666666666667,0,34.75,6
Punjab,Mansa,2015,37,37.114285714285714,23.900000000000002,0.0,0,7,12.700000000000001,0,39.95,7
Punjab,Mansa,2015,38,34.714285714285715,24.8,18.1,3,2,12.142857142857142,1,32.17,7
Punjab,Mansa,2015,39,31.842857142857145,23.24285714285714,26.299999999999997,3,3,12.642857142857142,1,26.77,7
Punjab,Mansa,2015,40,34.67142857142857,20.514285714285712,0.0,0,7,11.142857142857142,3,34.93,7
Punjab,Mansa,2015,41,36.542857142857144,21.900000000000002,0.30000000000000004,0,6,12.62857142857143,1,35.04,7
Punjab,Mansa,2015,42,34.22857142857143,22.142857142857142,5.8,1,3,12.771428571428572,2,30.0,7
Punjab,Mansa,2015,43,32.7,19.214285714285715,10.9,2,5,12.414285714285715,1,29.740000000000002,7
Punjab,Mansa,2015,44,28.599999999999998,16.271428571428572,2.1,1,6,10.12857142857143,5,25.78,7
Punjab,Mansa,2015,45,28.442857142857143,16.614285714285714,1.2000000000000002,0,5,9.914285714285715,4,22.77,7
Punjab,Mansa,2015,46,28.32857142857143,16.071428571428573,1.5999999999999999,1,5,10.657142857142857,3,23.81,7
Punjab,Mansa,2015,47,27.599999999999998,12.514285714285714,0.0,0,7,11.357142857142858,4,25.16,7
Punjab,Mansa,2015,48,26.25714285714286,12.814285714285715,0.0,0,7,12.799999999999999,1,21.7,7
Punjab,Mansa,2015,49,25.5,12.6,0.0,0,1,8.9,1,2.59,1
Punjab,Mansa,2016,35,33.2,25.15,1.2,0,2,12.975,1,18.740000000000002,4
Punjab,Mansa,2016,36,35.542857142857144,26.3,0.0,0,7,14.185714285714285,0,41.36,7
Punjab,Mansa,2016,37,36.9,25.985714285714288,0.2,0,6,11.171428571428573,2,37.91,7
Punjab,Mansa,2016,38,36.32857142857143,26.5,1.5,0,4,11.700000000000001,3,35.02,7
Punjab,Mansa,2016,39,36.285714285714285,26.142857142857142,0.0,0,7,9.271428571428572,7,32.72,7
Punjab,Mansa,2016,40,35.74285714285714,25.342857142857145,0.8,0,5,11.799999999999999,2,31.450000000000003,7
Punjab,Mansa,2016,41,35.5,21.02857142857143,0.0,0,7,11.814285714285715,0,37.879999999999995,7
Punjab,Mansa,2016,42,34.74285714285715,19.614285714285717,0.0,0,7,12.642857142857142,0,35.95,7
Punjab,Mansa,2016,43,32.9,17.928571428571427,0.0,0,7,11.285714285714286,2,31.39,7
Punjab,Mansa,2016,44,30.62857142857143,16.62857142857143,0.0,0,7,9.885714285714286,5,26.43,7
Punjab,Mansa,2016,45,30.114285714285717,15.442857142857141,0.0,0,7,12.685714285714285,1,28.28,7
Punjab,Mansa,2016,46,27.97142857142857,13.471428571428572,0.0,0,7,11.085714285714285,3,25.01,7
Punjab,Mansa,2016,47,28.814285714285713,14.014285714285714,0.0,0,7,14.1,2,26.95,7
Punjab,Mansa,2016,48,28.0,12.866666666666667,0.0,0,3,11.799999999999999,1,10.530000000000001,3
Punjab,Mansa,2017,35,29.766666666666666,24.599999999999998,29.599999999999998,3,0,12.833333333333334,1,8.559999999999999,3
Punjab,Mansa,2017,36,33.57142857142857,25.185714285714287,8.6,3,2,11.857142857142858,2,30.39,7
Punjab,Mansa,2017,37,35.72857142857143,25.2,3.3,1,4,12.9,1,33.98,7
Punjab,Mansa,2017,38,35.31428571428571,23.485714285714288,1.3,1,6,12.228571428571428,1,33.89,7
Punjab,Mansa,2017,39,36.542857142857144,23.514285714285712,0.5,0,6,11.242857142857144,1,35.94,7
Punjab,Mansa,2017,40,37.0,22.557142857142857,0.0,0,7,12.814285714285715,1,37.120000000000005,7
Punjab,Mansa,2017,41,35.65714285714286,21.985714285714288,0.8999999999999999,0,5,12.185714285714285,1,31.7,7
Punjab,Mansa,2017,42,34.44285714285714,19.785714285714285,0.3,0,6,10.928571428571429,2,30.479999999999997,7
Punjab,Mansa,2017,43,32.07142857142857,17.842857142857145,0.2,0,6,11.742857142857144,2,28.4,7
Punjab,Mansa,2017,44,29.714285714285715,17.385714285714283,0.0,0,7,8.928571428571429,6,22.28,7
Punjab,Mansa,2017,45,27.52857142857143,15.585714285714285,0.0,0,7,8.642857142857142,7,18.82,7
Punjab,Mansa,2017,46,24.400000000000002,13.842857142857143,6.7,2,5,12.37142857142857,3,17.21,7
Punjab,Mansa,2017,47,23.857142857142858,9.6,0.0,0,7,11.785714285714286,0,19.55,7
Punjab,Mansa,2017,48,24.75,9.925,0.0,0,4,9.825,2,10.11,4
Punjab,Mansa,2018,35,34.05,27.05,0.3,0,1,13.600000000000001,0,8.14,2
Punjab,Mansa,2018,36,33.857142857142854,26.285714285714285,25.200000000000003,3,2,11.657142857142857,2,27.64,7
Punjab,Mansa,2018,37,35.08571428571428,25.728571428571428,0.6000000000000001,0,5,12.042857142857143,2,34.769999999999996,7
Punjab,Mansa,2018,38,33.7,23.571428571428573,127.3,2,4,16.857142857142858,0,30.6,7
Punjab,Mansa,2018,39,30.942857142857143,21.442857142857143,11.1,1,5,11.071428571428571,5,25.86,7
Punjab,Mansa,2018,40,33.05714285714286,20.385714285714283,0.1,0,7,11.442857142857141,2,29.76,7
Punjab,Mansa,2018,41,31.32857142857143,19.142857142857142,2.5,1,6,17.0,1,27.96,7
Punjab,Mansa,2018,42,31.75714285714286,17.642857142857142,0.5,0,6,12.9,0,29.060000000000002,7
Punjab,Mansa,2018,43,31.085714285714285,16.357142857142858,0.0,0,7,11.571428571428571,0,28.07,7
Punjab,Mansa,2018,44,29.614285714285717,17.2,1.1,0,5,13.114285714285714,2,24.07,7
Punjab,Mansa,2018,45,27.485714285714288,12.771428571428572,0.0,0,7,11.200000000000001,1,23.48,7
Punjab,Mansa,2018,46,27.042857142857144,14.071428571428571,1.9000000000000001,1,5,12.928571428571429,1,20.16,7
Punjab,Mansa,2018,47,27.185714285714287,13.285714285714286,0.0,0,7,13.485714285714284,1,21.490000000000002,7
Punjab,Mansa,2018,48,26.339999999999996,12.680000000000001,0.0,0,5,10.76,3,12.56,5
Punjab,Moga,2012,35,32.65,25.5,5.0,1,0,8.399999999999999,2,8.149999999999999,2
Punjab,Moga,2012,36,30.428571428571427,25.17142857142857,40.1,7,0,14.314285714285715,2,23.36,7
Punjab,Moga,2012,37,31.957142857142856,24.814285714285713,36.5,6,0,7.971428571428571,5,24.810000000000002,7
Punjab,Moga,2012,38,30.82857142857143,21.685714285714287,33.0,2,4,9.142857142857142,6,26.64,7
Punjab,Moga,2012,39,32.471428571428575,20.928571428571427,0.0,0,7,9.014285714285714,5,31.72,7
Punjab,Moga,2012,40,33.4,20.271428571428572,0.0,0,7,9.62857142857143,5,31.52,7
Punjab,Moga,2012,41,32.385714285714286,19.085714285714285,2.4,2,5,10.171428571428573,3,30.93,7
Punjab,Moga,2012,42,29.785714285714285,17.057142857142857,1.0,0,6,11.328571428571427,5,26.56,7
Punjab,Moga,2012,43,28.042857142857144,14.985714285714286,0.4,0,6,10.214285714285714,3,25.45,7
Punjab,Moga,2012,44,29.228571428571428,16.414285714285715,0.0,0,7,9.185714285714285,7,24.759999999999998,7
Punjab,Moga,2012,45,27.900000000000002,14.385714285714286,1.0,0,5,9.12857142857143,6,22.77,7
Punjab,Moga,2012,46,26.25714285714286,13.185714285714285,0.0,0,7,9.685714285714285,6,20.79,7
Punjab,Moga,2012,47,24.814285714285713,11.414285714285715,2.1,1,6,10.157142857142857,3,20.52,7
Punjab,Moga,2012,48,23.18,10.14,0.1,0,5,11.08,0,13.79,5
Punjab,Moga,2013,35,33.4,25.6,0.2,0,0,9.5,1,4.35,1
Punjab,Moga,2013,36,33.385714285714286,24.942857142857143,4.2,1,3,8.571428571428571,6,30.810000000000002,7
Punjab,Moga,2013,37,33.68571428571429,24.17142857142857,3.5,0,2,9.742857142857144,4,31.27,7
Punjab,Moga,2013,38,33.714285714285715,22.67142857142857,8.399999999999999,2,4,10.257142857142856,5,30.95,7
Punjab,Moga,2013,39,33.1,24.328571428571426,15.5,3,1,7.585714285714286,6,26.99,7
Punjab,Moga,2013,40,31.857142857142858,23.185714285714287,3.1,1,3,8.785714285714286,4,25.3,7
Punjab,Moga,2013,41,31.400000000000002,23.571428571428573,11.7,3,1,10.657142857142857,3,22.88,7
Punjab,Moga,2013,42,32.68571428571429,19.457142857142856,0.2,0,6,9.142857142857142,6,29.700000000000003,7
Punjab,Moga,2013,43,31.357142857142858,17.785714285714285,0.0,0,7,9.114285714285714,6,27.369999999999997,7
Punjab,Moga,2013,44,29.37142857142857,15.885714285714284,3.8,2,5,10.37142857142857,4,26.37,7
Punjab,Moga,2013,45,25.357142857142858,13.328571428571427,9.7,1,6,9.985714285714286,4,20.669999999999998,7
Punjab,Moga,2013,46,25.24285714285714,10.37142857142857,0.0,0,7,11.342857142857143,0,22.939999999999998,7
Punjab,Moga,2013,47,26.042857142857144,10.728571428571428,0.0,0,7,10.957142857142857,1,21.65,7
Punjab,Moga,2013,48,26.53333333333333,11.983333333333334,0.0,0,6,13.083333333333334,0,19.310000000000002,6
Punjab,Moga,2014,36,29.657142857142855,24.87142857142857,121.19999999999999,7,0,17.67142857142857,1,18.65,7
Punjab,Moga,2014,37,31.685714285714287,23.97142857142857,5.4,3,1,7.871428571428572,7,27.189999999999998,7
Punjab,Moga,2014,38,33.24285714285714,23.457142857142856,0.7,0,6,7.771428571428571,7,30.93,7
Punjab,Moga,2014,39,33.871428571428574,22.657142857142855,0.2,0,6,10.1,4,33.02,7
Punjab,Moga,2014,40,34.9,24.071428571428573,3.6999999999999997,2,4,9.700000000000001,4,31.18,7
Punjab,Moga,2014,41,33.6,21.12857142857143,6.3,2,4,10.928571428571429,2,30.75,7
Punjab,Moga,2014,42,29.585714285714285,17.314285714285713,3.6,1,6,10.585714285714285,4,28.46,7
Punjab,Moga,2014,43,31.542857142857144,18.571428571428573,0.6,0,6,10.200000000000001,4,27.22,7
Punjab,Moga,2014,44,29.542857142857144,16.242857142857144,0.5,0,6,9.828571428571427,3,26.11,7
Punjab,Moga,2014,45,28.82857142857143,16.32857142857143,2.7,1,6,12.1,1,25.08,7
Punjab,Moga,2014,46,26.842857142857145,11.928571428571429,0.0,0,7,11.457142857142857,0,25.009999999999998,7
Punjab,Moga,2014,47,26.185714285714287,11.87142857142857,0.0,0,7,10.971428571428572,0,22.7,7
Punjab,Moga,2014,48,26.428571428571427,11.314285714285715,0.0,0,7,10.37142857142857,3,20.69,7
Punjab,Moga,2015,36,34.233333333333334,24.21666666666667,0.4,0,5,8.616666666666667,5,29.64,6
Punjab,Moga,2015,37,34.58571428571428,22.785714285714285,0.2,0,6,9.157142857142857,6,34.71,7
Punjab,Moga,2015,38,33.42857142857143,23.728571428571428,2.5,1,5,8.242857142857144,5,28.67,7
Punjab,Moga,2015,39,30.071428571428573,22.042857142857144,58.0,5,1,9.257142857142856,6,22.98,7
Punjab,Moga,2015,40,32.34285714285714,20.17142857142857,0.0,0,7,9.057142857142857,5,31.14,7
Punjab,Moga,2015,41,33.885714285714286,21.085714285714285,0.0,0,7,9.557142857142855,5,30.44,7
Punjab,Moga,2015,42,31.928571428571427,20.242857142857144,14.899999999999999,2,5,9.828571428571427,5,25.69,7
Punjab,Moga,2015,43,30.314285714285713,18.071428571428573,4.7,2,5,10.87142857142857,4,25.669999999999998,7
Punjab,Moga,2015,44,27.557142857142857,14.842857142857143,2.9,1,6,9.985714285714286,5,23.92,7
Punjab,Moga,2015,45,27.214285714285715,15.385714285714286,14.5,2,5,10.328571428571427,5,21.06,7
Punjab,Moga,2015,46,26.74285714285714,14.657142857142857,0.0,0,7,9.857142857142858,4,21.23,7
Punjab,Moga,2015,47,26.099999999999998,11.785714285714286,0.0,0,7,11.528571428571428,0,22.15,7
Punjab,Moga,2015,48,25.042857142857144,11.4,0.3,0,6,10.4,3,18.43,7
Punjab,Moga,2015,49,24.6,13.9,0.0,0,1,9.2,1,2.16,1
Punjab,Moga,2016,35,32.875,24.775,2.4,1,3,10.225,2,18.060000000000002,4
Punjab,Moga,2016,36,35.24285714285714,25.771428571428572,0.7,0,5,9.642857142857142,4,36.54,7
Punjab,Moga,2016,37,36.07142857142857,25.114285714285717,0.6000000000000001,0,5,9.914285714285715,5,33.89,7
Punjab,Moga,2016,38,35.22857142857143,25.414285714285715,1.6,0,2,10.271428571428572,4,31.41,7
Punjab,Moga,2016,39,34.871428571428574,24.885714285714283,0.4,0,5,8.214285714285714,6,29.6,7
Punjab,Moga,2016,40,35.25714285714286,24.385714285714283,1.0,0,5,9.228571428571428,5,30.62,7
Punjab,Moga,2016,41,34.72857142857143,20.514285714285712,0.0,0,7,10.799999999999999,1,34.67,7
Punjab,Moga,2016,42,33.714285714285715,19.385714285714283,0.0,0,7,9.914285714285715,4,31.41,7
Punjab,Moga,2016,43,31.942857142857143,17.9,0.0,0,7,10.257142857142856,4,28.740000000000002,7
Punjab,Moga,2016,44,29.857142857142858,16.928571428571427,0.0,0,7,9.957142857142857,5,24.32,7
Punjab,Moga,2016,45,29.014285714285712,14.385714285714286,0.6,0,6,11.957142857142857,2,25.04,7
Punjab,Moga,2016,46,27.385714285714283,12.700000000000001,0.0,0,7,10.757142857142856,3,22.77,7
Punjab,Moga,2016,47,27.8,13.385714285714286,0.0,0,7,12.071428571428571,2,22.66,7
Punjab,Moga,2016,48,26.7,12.333333333333334,0.0,0,3,10.233333333333333,2,8.86,3
Punjab,Moga,2017,35,30.53333333333333,24.133333333333336,8.3,3,0,9.433333333333334,2,8.8,3
Punjab,Moga,2017,36,33.41428571428572,24.842857142857145,15.8,4,2,10.728571428571428,4,29.68,7
Punjab,Moga,2017,37,35.885714285714286,24.7,0.7,0,5,13.057142857142859,0,35.31,7
Punjab,Moga,2017,38,35.34285714285714,23.085714285714285,0.1,0,7,11.428571428571429,1,35.07,7
Punjab,Moga,2017,39,36.05714285714286,23.32857142857143,0.0,0,7,8.471428571428572,5,32.17,7
Punjab,Moga,2017,40,36.285714285714285,22.342857142857145,0.0,0,7,10.728571428571428,2,33.87,7
Punjab,Moga,2017,41,34.91428571428572,21.714285714285715,0.9,0,6,9.514285714285714,4,29.83,7
Punjab,Moga,2017,42,33.8,19.37142857142857,1.2,1,6,10.299999999999999,2,28.35,7
Punjab,Moga,2017,43,31.728571428571428,17.342857142857145,0.0,0,7,10.37142857142857,3,27.42,7
Punjab,Moga,2017,44,29.271428571428572,16.814285714285713,0.0,0,7,8.385714285714286,7,21.15,7
Punjab,Moga,2017,45,26.985714285714288,15.157142857142858,0.0,0,7,8.714285714285714,7,17.39,7
Punjab,Moga,2017,46,23.24285714285714,13.12857142857143,5.199999999999999,2,5,10.799999999999999,4,15.25,7
Punjab,Moga,2017,47,22.957142857142856,9.357142857142858,0.0,0,7,10.428571428571429,2,17.11,7
Punjab,Moga,2017,48,23.575,9.9,0.0,0,4,9.95,2,9.12,4
Punjab,Moga,2018,35,33.45,27.0,0.5,0,1,11.899999999999999,0,7.93,2
Punjab,Moga,2018,36,33.357142857142854,25.957142857142856,20.1,2,1,8.728571428571428,5,26.7,7
Punjab,Moga,2018,37,33.74285714285714,25.014285714285712,2.5,0,4,10.571428571428571,4,30.96,7
Punjab,Moga,2018,38,33.15714285714286,23.114285714285717,36.8,2,5,15.271428571428572,1,29.07,7
Punjab,Moga,2018,39,31.2,21.62857142857143,13.600000000000001,1,3,9.771428571428572,5,25.78,7
Punjab,Moga,2018,40,33.114285714285714,20.142857142857142,0.0,0,7,10.528571428571428,3,29.5,7
Punjab,Moga,2018,41,31.32857142857143,18.97142857142857,1.2000000000000002,0,5,14.757142857142856,1,28.29,7
Punjab,Moga,2018,42,32.25714285714286,17.742857142857144,0.4,0,5,11.685714285714285,0,29.03,7
Punjab,Moga,2018,43,31.428571428571427,16.414285714285715,0.0,0,7,11.042857142857143,3,27.419999999999998,7
Punjab,Moga,2018,44,29.414285714285715,17.271428571428572,3.5,1,6,12.442857142857141,3,23.38,7
Punjab,Moga,2018,45,27.82857142857143,13.028571428571428,0.0,0,7,10.485714285714286,3,22.86,7
Punjab,Moga,2018,46,26.785714285714285,13.328571428571427,2.3,1,6,11.5,2,18.99,7
Punjab,Moga,2018,47,27.400000000000002,12.857142857142858,0.0,0,7,12.428571428571429,0,21.29,7
Punjab,Moga,2018,48,26.6,11.959999999999999,0.0,0,5,9.84,3,12.49,5
Punjab,Muktsar,2012,35,33.8,26.75,1.3,1,1,11.15,0,8.4,2
Punjab,Muktsar,2012,36,31.3,25.714285714285715,42.8,6,0,17.714285714285715,0,24.78,7
Punjab,Muktsar,2012,37,33.05714285714286,25.214285714285715,57.199999999999996,5,0,10.6,4,25.89,7
Punjab,Muktsar,2012,38,31.97142857142857,22.014285714285712,13.4,2,4,9.700000000000001,5,28.68,7
Punjab,Muktsar,2012,39,33.67142857142857,21.485714285714288,0.0,0,7,8.814285714285715,6,33.47,7
Punjab,Muktsar,2012,40,35.214285714285715,20.67142857142857,0.0,0,7,9.414285714285715,4,34.92,7
Punjab,Muktsar,2012,41,33.94285714285714,19.514285714285712,2.5,2,5,10.571428571428571,2,33.67,7
Punjab,Muktsar,2012,42,30.599999999999998,18.285714285714285,0.6000000000000001,0,5,11.12857142857143,5,27.759999999999998,7
Punjab,Muktsar,2012,43,28.771428571428572,16.014285714285712,2.8000000000000003,1,5,9.514285714285714,4,26.3,7
Punjab,Muktsar,2012,44,30.042857142857144,17.585714285714285,0.0,0,7,8.785714285714286,7,25.87,7
Punjab,Muktsar,2012,45,28.957142857142856,15.914285714285715,0.7,0,6,9.514285714285714,5,24.71,7
Punjab,Muktsar,2012,46,26.928571428571427,14.1,0.0,0,7,8.885714285714286,6,21.56,7
Punjab,Muktsar,2012,47,25.685714285714287,12.285714285714286,0.0,0,7,10.842857142857143,2,21.98,7
Punjab,Muktsar,2012,48,24.0,11.559999999999999,0.0,0,5,11.16,1,14.719999999999999,5
Punjab,Muktsar,2013,35,35.9,27.2,0.3,0,0,12.0,0,5.25,1
Punjab,Muktsar,2013,36,35.91428571428572,26.442857142857143,0.5,0,6,14.557142857142859,0,39.519999999999996,7
Punjab,Muktsar,2013,37,36.614285714285714,26.114285714285717,3.5,1,3,12.014285714285714,1,36.64,7
Punjab,Muktsar,2013,38,35.42857142857143,24.47142857142857,1.9,0,5,12.342857142857143,3,35.49,7
Punjab,Muktsar,2013,39,34.58571428571428,25.7,10.5,3,2,9.814285714285715,3,29.69,7
Punjab,Muktsar,2013,40,33.05714285714286,24.285714285714285,3.0,1,4,10.042857142857143,3,27.740000000000002,7
Punjab,Muktsar,2013,41,33.1,24.75714285714286,8.7,2,3,11.785714285714286,3,26.51,7
Punjab,Muktsar,2013,42,33.457142857142856,21.114285714285717,0.6000000000000001,0,5,9.928571428571429,4,30.55,7
Punjab,Muktsar,2013,43,31.885714285714283,18.714285714285715,0.0,0,7,9.200000000000001,6,28.6,7
Punjab,Muktsar,2013,44,29.97142857142857,17.085714285714285,0.0,0,7,11.485714285714286,1,28.7,7
Punjab,Muktsar,2013,45,25.542857142857144,14.171428571428569,10.2,2,5,9.728571428571428,4,21.47,7
Punjab,Muktsar,2013,46,25.585714285714285,11.557142857142855,0.0,0,7,11.114285714285714,2,24.03,7
Punjab,Muktsar,2013,47,26.714285714285715,11.242857142857144,0.0,0,7,10.799999999999999,3,22.67,7
Punjab,Muktsar,2013,48,27.383333333333336,13.15,0.0,0,6,12.416666666666666,2,19.39,6
Punjab,Muktsar,2014,36,29.97142857142857,25.185714285714287,133.6,5,0,18.74285714285714,1,19.34,7
Punjab,Muktsar,2014,37,32.471428571428575,24.814285714285713,4.2,2,2,9.257142857142856,5,28.48,7
Punjab,Muktsar,2014,38,34.22857142857143,24.314285714285713,0.2,0,6,8.72857142857143,4,32.89,7
Punjab,Muktsar,2014,39,34.32857142857143,23.057142857142857,0.0,0,7,12.799999999999999,2,36.71,7
Punjab,Muktsar,2014,40,35.5,24.314285714285713,0.5,0,6,10.6,3,33.41,7
Punjab,Muktsar,2014,41,34.128571428571426,22.82857142857143,1.3,1,5,9.985714285714286,4,32.55,7
Punjab,Muktsar,2014,42,29.857142857142858,18.75714285714286,0.9,0,6,11.814285714285715,4,30.23,7
Punjab,Muktsar,2014,43,31.985714285714288,20.114285714285717,1.9,1,6,9.328571428571427,5,28.06,7
Punjab,Muktsar,2014,44,30.17142857142857,17.642857142857142,0.5,0,6,11.485714285714286,3,27.02,7
Punjab,Muktsar,2014,45,29.17142857142857,17.428571428571427,2.9,2,3,12.457142857142857,0,25.990000000000002,7
Punjab,Muktsar,2014,46,27.25714285714286,12.314285714285715,0.0,0,7,10.814285714285715,1,26.23,7
Punjab,Muktsar,2014,47,26.785714285714285,12.799999999999999,0.0,0,7,9.585714285714285,5,23.18,7
Punjab,Muktsar,2014,48,27.142857142857142,12.214285714285714,0.0,0,7,10.285714285714286,2,22.33,7
Punjab,Muktsar,2015,36,37.43333333333333,26.516666666666666,0.0,0,6,15.15,0,39.59,6
Punjab,Muktsar,2015,37,38.42857142857143,25.87142857142857,0.4,0,6,12.685714285714285,1,42.14,7
Punjab,Muktsar,2015,38,36.214285714285715,26.585714285714285,8.0,1,5,12.585714285714285,2,34.89,7
Punjab,Muktsar,2015,39,31.385714285714283,23.185714285714287,42.6,4,1,13.357142857142858,2,25.61,7
Punjab,Muktsar,2015,40,34.74285714285714,22.02857142857143,0.0,0,7,9.700000000000001,4,34.230000000000004,7
Punjab,Muktsar,2015,41,36.57142857142857,22.842857142857145,0.8999999999999999,0,5,12.914285714285715,1,35.84,7
Punjab,Muktsar,2015,42,35.0,23.085714285714285,1.4,0,5,11.685714285714285,4,30.68,7
Punjab,Muktsar,2015,43,32.25714285714285,19.74285714285714,5.1,2,4,12.742857142857144,1,30.2,7
Punjab,Muktsar,2015,44,28.900000000000002,16.357142857142858,1.9,1,6,10.442857142857145,5,26.29,7
Punjab,Muktsar,2015,45,28.942857142857143,16.414285714285715,0.2,0,6,10.985714285714286,4,24.23,7
Punjab,Muktsar,2015,46,28.285714285714285,16.257142857142856,0.30000000000000004,0,6,10.142857142857142,5,23.61,7
Punjab,Muktsar,2015,47,27.97142857142857,12.857142857142858,0.0,0,7,11.014285714285714,4,25.73,7
Punjab,Muktsar,2015,48,26.585714285714285,12.928571428571429,0.0,0,7,11.328571428571427,2,22.55,7
Punjab,Muktsar,2015,49,25.3,14.6,0.0,0,1,8.5,1,2.36,1
Punjab,Muktsar,2016,35,33.2,25.075,2.5,1,1,12.65,0,18.65,4
Punjab,Muktsar,2016,36,35.15714285714286,25.785714285714285,0.0,0,7,13.485714285714286,0,40.160000000000004,7
Punjab,Muktsar,2016,37,36.2,25.87142857142857,0.7,0,6,10.471428571428572,4,36.64,7
Punjab,Muktsar,2016,38,35.94285714285714,26.47142857142857,1.8,1,4,10.957142857142857,3,35.21,7
Punjab,Muktsar,2016,39,35.77142857142857,25.957142857142856,0.0,0,7,8.685714285714285,6,33.24,7
Punjab,Muktsar,2016,40,35.57142857142857,25.042857142857144,2.3,0,3,11.071428571428571,1,31.11,7
Punjab,Muktsar,2016,41,34.92857142857143,20.914285714285715,0.0,0,7,9.685714285714285,5,35.08,7
Punjab,Muktsar,2016,42,33.84285714285714,19.342857142857145,0.0,0,7,11.0,2,32.78,7
Punjab,Muktsar,2016,43,32.457142857142856,18.285714285714285,0.0,0,7,10.257142857142856,4,29.83,7
Punjab,Muktsar,2016,44,30.142857142857142,17.114285714285714,0.3,0,6,9.728571428571428,6,24.97,7
Punjab,Muktsar,2016,45,29.414285714285715,15.442857142857141,0.0,0,7,11.62857142857143,3,25.59,7
Punjab,Muktsar,2016,46,27.585714285714285,13.157142857142857,0.0,0,7,10.442857142857141,3,23.48,7
Punjab,Muktsar,2016,47,28.24285714285714,14.171428571428573,0.0,0,7,12.185714285714285,2,24.8,7
Punjab,Muktsar,2016,48,27.933333333333334,13.200000000000001,0.0,0,3,11.0,1,10.12,3
Punjab,Muktsar,2017,35,31.599999999999998,24.766666666666666,22.7,3,0,9.866666666666667,2,9.7,3
Punjab,Muktsar,2017,36,34.3,25.599999999999998,9.7,3,2,12.5,1,30.77,7
Punjab,Muktsar,2017,37,36.68571428571429,25.514285714285712,7.2,3,2,12.271428571428572,1,35.96,7
Punjab,Muktsar,2017,38,37.228571428571435,24.271428571428572,0.0,0,7,11.200000000000001,1,37.81,7
Punjab,Muktsar,2017,39,37.028571428571425,24.0,0.2,0,6,10.914285714285715,3,36.72,7
Punjab,Muktsar,2017,40,37.08571428571429,23.342857142857145,0.0,0,7,11.557142857142859,0,35.95,7
Punjab,Muktsar,2017,41,35.971428571428575,22.74285714285714,0.9,0,5,10.471428571428572,2,32.41,7
Punjab,Muktsar,2017,42,34.55714285714286,20.685714285714287,0.0,0,7,10.771428571428572,2,29.73,7
Punjab,Muktsar,2017,43,32.57142857142857,18.485714285714288,0.0,0,7,11.485714285714286,2,29.509999999999998,7
Punjab,Muktsar,2017,44,29.985714285714288,17.714285714285715,0.0,0,7,9.485714285714286,5,22.32,7
Punjab,Muktsar,2017,45,27.457142857142856,15.714285714285714,0.0,0,7,8.928571428571429,7,18.08,7
Punjab,Muktsar,2017,46,23.771428571428572,13.442857142857141,2.5,1,5,11.842857142857143,2,17.01,7
Punjab,Muktsar,2017,47,24.385714285714283,10.057142857142859,0.0,0,7,11.9,2,19.91,7
Punjab,Muktsar,2017,48,25.45,10.25,0.0,0,4,10.075,2,10.399999999999999,4
Punjab,Muktsar,2018,35,37.0,28.25,0.0,0,2,14.05,0,10.149999999999999,2
Punjab,Muktsar,2018,36,36.142857142857146,27.557142857142857,17.8,3,2,12.314285714285715,1,32.2,7
Punjab,Muktsar,2018,37,35.74285714285714,26.2,0.2,0,7,12.200000000000001,2,36.36,7
Punjab,Muktsar,2018,38,34.642857142857146,24.485714285714288,17.099999999999998,1,5,14.87142857142857,2,33.22,7
Punjab,Muktsar,2018,39,32.142857142857146,22.057142857142857,3.8000000000000003,1,4,10.614285714285714,5,27.52,7
Punjab,Muktsar,2018,40,33.871428571428574,21.042857142857144,0.1,0,7,12.357142857142858,2,30.45,7
Punjab,Muktsar,2018,41,32.17142857142857,19.97142857142857,0.7,0,6,13.885714285714286,1,29.93,7
Punjab,Muktsar,2018,42,32.25714285714286,18.17142857142857,0.0,0,7,11.042857142857143,2,29.369999999999997,7
Punjab,Muktsar,2018,43,31.342857142857145,16.814285714285713,0.0,0,7,11.171428571428573,2,28.189999999999998,7
Punjab,Muktsar,2018,44,29.7,18.0,0.0,0,7,12.799999999999999,2,24.13,7
Punjab,Muktsar,2018,45,27.599999999999998,13.314285714285715,0.0,0,7,10.228571428571428,5,23.35,7
Punjab,Muktsar,2018,46,26.97142857142857,14.014285714285714,2.4,1,6,13.457142857142857,2,20.11,7
Punjab,Muktsar,2018,47,27.12857142857143,13.757142857142856,0.0,0,7,12.542857142857143,1,20.72,7
Punjab,Muktsar,2018,48,26.5,12.7,0.0,0,5,10.48,2,12.52,5
Punjab,Pathankot,2012,35,30.55,24.049999999999997,1.4,0,0,6.0,2,7.27,2
Punjab,Pathankot,2012,36,29.185714285714287,23.97142857142857,26.5,3,2,8.77142857142857,4,21.46,7
Punjab,Pathankot,2012,37,29.47142857142857,23.814285714285713,31.8,6,0,7.728571428571429,7,22.62,7
Punjab,Pathankot,2012,38,28.442857142857143,21.428571428571427,65.6,3,3,9.814285714285715,3,24.48,7
Punjab,Pathankot,2012,39,29.7,19.085714285714285,0.0,0,7,9.085714285714285,5,28.94,7
Punjab,Pathankot,2012,40,30.25714285714286,18.02857142857143,0.0,0,7,9.342857142857143,5,28.81,7
Punjab,Pathankot,2012,41,28.87142857142857,15.742857142857144,0.30000000000000004,0,6,9.700000000000001,4,26.83,7
Punjab,Pathankot,2012,42,26.957142857142856,14.585714285714287,0.3,0,6,8.942857142857143,6,23.84,7
Punjab,Pathankot,2012,43,24.82857142857143,12.485714285714286,0.5,0,6,9.171428571428573,5,22.380000000000003,7
Punjab,Pathankot,2012,44,25.842857142857145,13.457142857142857,0.0,0,7,7.914285714285714,7,21.53,7
Punjab,Pathankot,2012,45,24.428571428571427,11.842857142857143,0.1,0,7,7.985714285714286,7,19.72,7
Punjab,Pathankot,2012,46,23.114285714285717,11.357142857142858,0.0,0,7,7.928571428571429,6,17.57,7
Punjab,Pathankot,2012,47,21.942857142857143,9.614285714285714,0.4,0,6,8.428571428571429,6,16.38,7
Punjab,Pathankot,2012,48,19.740000000000002,8.3,6.5,1,3,10.180000000000001,2,10.09,5
Punjab,Pathankot,2013,35,30.7,23.2,1.0,0,0,10.4,0,4.28,1
Punjab,Pathankot,2013,36,29.514285714285712,22.7,14.7,3,1,8.271428571428572,6,26.16,7
Punjab,Pathankot,2013,37,30.071428571428573,21.67142857142857,3.3,1,4,7.957142857142857,7,27.1,7
Punjab,Pathankot,2013,38,31.2,20.857142857142858,0.8,0,6,9.457142857142857,3,30.1,7
Punjab,Pathankot,2013,39,30.685714285714287,22.714285714285715,14.5,2,2,7.771428571428571,6,25.33,7
Punjab,Pathankot,2013,40,28.099999999999998,21.3,17.4,4,1,8.414285714285715,6,20.94,7
Punjab,Pathankot,2013,41,27.885714285714283,21.914285714285715,26.8,6,0,8.785714285714286,6,16.31,7
Punjab,Pathankot,2013,42,28.285714285714285,16.942857142857143,0.0,0,7,8.185714285714285,7,24.76,7
Punjab,Pathankot,2013,43,26.842857142857145,16.1,0.5,0,5,7.571428571428571,6,22.29,7
Punjab,Pathankot,2013,44,25.442857142857143,13.114285714285714,0.39999999999999997,0,6,9.4,5,21.97,7
Punjab,Pathankot,2013,45,22.071428571428573,11.685714285714285,12.4,2,4,8.571428571428571,5,16.83,7
Punjab,Pathankot,2013,46,22.7,8.085714285714285,0.0,0,7,8.685714285714285,6,18.83,7
Punjab,Pathankot,2013,47,22.571428571428573,8.985714285714286,0.0,0,7,8.128571428571428,6,17.330000000000002,7
Punjab,Pathankot,2013,48,23.099999999999998,9.066666666666666,0.0,0,6,9.533333333333333,3,14.98,6
Punjab,Pathankot,2014,36,28.071428571428573,23.414285714285715,142.0,5,0,11.857142857142858,2,17.4,7
Punjab,Pathankot,2014,37,29.014285714285712,22.442857142857143,10.5,3,0,7.542857142857143,7,25.54,7
Punjab,Pathankot,2014,38,30.071428571428573,22.057142857142857,1.9,0,4,8.514285714285714,7,27.299999999999997,7
Punjab,Pathankot,2014,39,29.32857142857143,21.24285714285714,4.0,1,2,9.228571428571428,3,25.6,7
Punjab,Pathankot,2014,40,28.914285714285715,21.085714285714285,4.5,1,1,8.22857142857143,7,22.6,7
Punjab,Pathankot,2014,41,29.414285714285715,17.857142857142858,7.2,2,5,9.514285714285714,4,25.44,7
Punjab,Pathankot,2014,42,26.642857142857142,14.87142857142857,1.4,1,6,9.557142857142859,5,23.51,7
Punjab,Pathankot,2014,43,27.47142857142857,16.057142857142857,0.0,0,7,8.471428571428572,6,22.61,7
Punjab,Pathankot,2014,44,26.342857142857145,13.385714285714286,0.2,0,6,9.471428571428572,4,22.81,7
Punjab,Pathankot,2014,45,25.414285714285715,13.471428571428572,0.4,0,5,9.657142857142857,4,19.439999999999998,7
Punjab,Pathankot,2014,46,24.085714285714285,10.485714285714286,0.0,0,7,9.157142857142857,5,19.79,7
Punjab,Pathankot,2014,47,23.342857142857145,8.985714285714286,0.0,0,7,9.171428571428573,6,18.58,7
Punjab,Pathankot,2014,48,22.900000000000002,9.442857142857141,0.3,0,6,9.471428571428572,4,16.8,7
Punjab,Pathankot,2015,36,31.383333333333336,22.616666666666664,2.4,1,3,9.416666666666666,3,26.990000000000002,6
Punjab,Pathankot,2015,37,32.82857142857143,20.24285714285714,0.0,0,7,12.214285714285714,0,35.5,7
Punjab,Pathankot,2015,38,32.48571428571429,21.857142857142858,3.0,1,5,8.971428571428572,6,30.91,7
Punjab,Pathankot,2015,39,28.0,21.342857142857145,126.8,2,2,10.799999999999999,5,21.51,7
Punjab,Pathankot,2015,40,29.62857142857143,17.714285714285715,0.0,0,7,8.028571428571428,6,28.86,7
Punjab,Pathankot,2015,41,30.400000000000002,18.714285714285715,0.0,0,7,9.342857142857143,5,27.49,7
Punjab,Pathankot,2015,42,27.657142857142855,18.32857142857143,10.0,2,5,8.5,6,21.42,7
Punjab,Pathankot,2015,43,27.24285714285714,16.1,4.0,2,4,12.799999999999999,2,22.259999999999998,7
Punjab,Pathankot,2015,44,25.214285714285715,13.085714285714285,3.9,1,6,9.299999999999999,5,21.67,7
Punjab,Pathankot,2015,45,24.542857142857144,13.414285714285715,3.9999999999999996,2,4,8.814285714285715,5,18.39,7
Punjab,Pathankot,2015,46,24.557142857142857,13.142857142857142,2.1,1,4,10.085714285714285,3,17.89,7
Punjab,Pathankot,2015,47,23.957142857142856,10.885714285714286,0.0,0,7,8.928571428571429,6,18.59,7
Punjab,Pathankot,2015,48,23.0,11.214285714285714,0.7,0,6,10.157142857142857,4,16.130000000000003,7
Punjab,Pathankot,2015,49,23.4,11.1,0.0,0,1,8.3,1,2.27,1
Punjab,Pathankot,2016,35,29.875,23.25,1.0999999999999999,0,2,9.025,3,16.759999999999998,4
Punjab,Pathankot,2016,36,30.7,23.87142857142857,6.1,2,3,8.842857142857143,6,27.119999999999997,7
Punjab,Pathankot,2016,37,30.8,21.714285714285715,2.9,1,6,9.428571428571429,4,29.07,7
Punjab,Pathankot,2016,38,30.02857142857143,21.771428571428572,8.8,5,0,8.0,7,25.23,7
Punjab,Pathankot,2016,39,30.25714285714286,22.02857142857143,5.5,2,2,7.8428571428571425,7,24.2,7
Punjab,Pathankot,2016,40,31.157142857142855,20.428571428571427,0.6,0,6,10.514285714285714,2,27.34,7
Punjab,Pathankot,2016,41,30.442857142857143,16.985714285714288,0.3,0,6,9.328571428571427,6,28.36,7
Punjab,Pathankot,2016,42,29.62857142857143,16.314285714285713,0.0,0,7,9.542857142857143,4,26.68,7
Punjab,Pathankot,2016,43,28.014285714285712,14.414285714285715,0.0,0,7,8.971428571428572,6,24.64,7
Punjab,Pathankot,2016,44,26.900000000000002,14.028571428571428,0.0,0,7,8.4,6,21.85,7
Punjab,Pathankot,2016,45,25.857142857142858,12.071428571428571,0.1,0,7,8.6,6,20.97,7
Punjab,Pathankot,2016,46,24.25714285714286,11.200000000000001,0.0,0,7,8.528571428571428,5,18.9,7
Punjab,Pathankot,2016,47,24.82857142857143,13.1,0.0,0,7,8.828571428571427,7,16.28,7
Punjab,Pathankot,2016,48,23.46666666666667,10.866666666666667,0.0,0,3,7.8999999999999995,3,6.9399999999999995,3
Punjab,Pathankot,2017,35,29.433333333333334,23.266666666666666,26.5,3,0,9.799999999999999,2,10.14,3
Punjab,Pathankot,2017,36,30.414285714285715,23.428571428571427,17.1,3,1,10.285714285714286,4,26.75,7
Punjab,Pathankot,2017,37,31.928571428571427,22.914285714285715,0.7,0,6,10.228571428571428,5,31.67,7
Punjab,Pathankot,2017,38,31.185714285714287,22.52857142857143,3.7,1,6,9.714285714285714,4,27.67,7
Punjab,Pathankot,2017,39,32.25714285714286,23.24285714285714,0.0,0,7,9.257142857142856,5,30.04,7
Punjab,Pathankot,2017,40,32.714285714285715,22.142857142857142,0.0,0,7,11.557142857142859,1,31.19,7
Punjab,Pathankot,2017,41,31.8,20.814285714285713,1.7000000000000002,0,5,9.857142857142858,4,28.22,7
Punjab,Pathankot,2017,42,30.657142857142855,18.928571428571427,3.1,1,5,10.299999999999999,4,27.29,7
Punjab,Pathankot,2017,43,27.75714285714286,16.571428571428573,0.0,0,7,9.314285714285715,5,24.23,7
Punjab,Pathankot,2017,44,26.714285714285715,16.371428571428574,0.0,0,7,8.442857142857143,7,20.5,7
Punjab,Pathankot,2017,45,25.38571428571429,15.742857142857144,0.1,0,7,8.214285714285714,7,17.2,7
Punjab,Pathankot,2017,46,22.642857142857142,13.114285714285714,13.899999999999999,5,2,14.428571428571429,1,16.76,7
Punjab,Pathankot,2017,47,21.228571428571428,10.114285714285714,0.0,0,7,9.557142857142859,4,15.45,7
Punjab,Pathankot,2017,48,21.6,10.525,0.0,0,4,8.8,4,8.379999999999999,4
Punjab,Pathankot,2018,35,30.65,24.6,4.2,2,0,9.85,1,6.88,2
Punjab,Pathankot,2018,36,30.942857142857143,24.82857142857143,17.6,4,2,9.785714285714286,4,23.37,7
Punjab,Pathankot,2018,37,29.928571428571427,22.442857142857143,40.6,6,1,12.328571428571427,2,25.39,7
Punjab,Pathankot,2018,38,29.485714285714288,21.914285714285715,78.4,2,4,12.785714285714286,1,25.43,7
Punjab,Pathankot,2018,39,29.428571428571427,20.914285714285715,27.599999999999998,2,4,11.22857142857143,3,24.9,7
Punjab,Pathankot,2018,40,29.82857142857143,19.24285714285714,0.0,0,7,11.428571428571429,3,28.130000000000003,7
Punjab,Pathankot,2018,41,27.957142857142856,17.557142857142857,17.4,2,5,16.642857142857142,4,26.01,7
Punjab,Pathankot,2018,42,28.557142857142857,16.214285714285715,0.0,0,7,11.528571428571428,3,26.76,7
Punjab,Pathankot,2018,43,26.900000000000002,15.028571428571428,0.0,0,7,9.299999999999999,6,23.47,7
Punjab,Pathankot,2018,44,25.685714285714287,16.557142857142857,40.1,3,3,15.171428571428573,3,20.69,7
Punjab,Pathankot,2018,45,23.314285714285713,12.714285714285714,0.0,0,7,8.185714285714285,7,17.03,7
Punjab,Pathankot,2018,46,23.214285714285715,12.042857142857143,6.4,2,5,13.200000000000001,3,17.66,7
Punjab,Pathankot,2018,47,23.285714285714285,11.828571428571427,0.0,0,7,10.342857142857143,5,16.77,7
Punjab,Pathankot,2018,48,22.740000000000002,12.319999999999999,0.0,0,5,8.9,5,10.01,5
Punjab,Patiala,2012,35,32.45,25.049999999999997,6.4,1,0,9.65,1,7.9,2
Punjab,Patiala,2012,36,30.585714285714285,25.042857142857144,42.9,6,0,14.728571428571428,1,24.35,7
Punjab,Patiala,2012,37,31.32857142857143,24.8,32.7,5,0,8.4,5,23.82,7
Punjab,Patiala,2012,38,30.057142857142857,21.585714285714285,25.4,3,3,11.0,2,26.5,7
Punjab,Patiala,2012,39,31.271428571428572,19.985714285714288,0.0,0,7,11.585714285714285,1,31.240000000000002,7
Punjab,Patiala,2012,40,31.942857142857143,19.67142857142857,0.0,0,7,10.714285714285714,2,31.419999999999998,7
Punjab,Patiala,2012,41,30.97142857142857,17.17142857142857,0.0,0,7,10.214285714285714,3,29.92,7
Punjab,Patiala,2012,42,29.357142857142858,16.857142857142858,0.6,0,6,9.971428571428572,5,25.94,7
Punjab,Patiala,2012,43,27.25714285714286,14.200000000000001,0.7,0,6,10.942857142857141,3,25.2,7
Punjab,Patiala,2012,44,28.214285714285715,14.971428571428572,0.0,0,7,9.642857142857142,5,24.759999999999998,7
Punjab,Patiala,2012,45,27.157142857142855,13.828571428571427,0.0,0,7,9.614285714285714,4,22.69,7
Punjab,Patiala,2012,46,25.82857142857143,12.928571428571429,0.0,0,7,10.12857142857143,3,21.15,7
Punjab,Patiala,2012,47,24.428571428571427,11.028571428571428,0.0,0,7,10.87142857142857,3,20.8,7
Punjab,Patiala,2012,48,22.94,10.2,1.9,1,4,11.68,1,13.719999999999999,5
Punjab,Patiala,2013,35,32.3,25.2,0.2,0,0,13.2,0,4.39,1
Punjab,Patiala,2013,36,32.18571428571429,24.32857142857143,5.4,2,3,11.285714285714286,2,30.669999999999998,7
Punjab,Patiala,2013,37,32.32857142857143,23.614285714285717,0.8,0,6,9.085714285714285,6,30.37,7
Punjab,Patiala,2013,38,32.15714285714286,22.271428571428572,9.0,2,4,10.5,5,29.490000000000002,7
Punjab,Patiala,2013,39,31.657142857142855,23.771428571428572,22.0,4,2,8.057142857142857,5,25.53,7
Punjab,Patiala,2013,40,30.5,22.599999999999998,5.5,2,4,10.5,3,24.240000000000002,7
Punjab,Patiala,2013,41,29.87142857142857,22.857142857142858,23.700000000000003,4,2,11.62857142857143,3,20.79,7
Punjab,Patiala,2013,42,31.2,18.74285714285714,1.1,1,6,9.785714285714286,4,28.11,7
Punjab,Patiala,2013,43,29.814285714285713,17.5,0.0,0,7,9.157142857142857,5,25.82,7
Punjab,Patiala,2013,44,28.385714285714283,16.0,1.9,1,6,11.071428571428571,3,25.990000000000002,7
Punjab,Patiala,2013,45,25.071428571428573,13.157142857142857,9.4,1,6,10.528571428571428,3,20.99,7
Punjab,Patiala,2013,46,24.900000000000002,10.200000000000001,0.0,0,7,10.585714285714285,2,22.6,7
Punjab,Patiala,2013,47,25.24285714285714,10.728571428571428,0.0,0,7,11.242857142857144,2,21.74,7
Punjab,Patiala,2013,48,25.900000000000002,12.566666666666668,0.0,0,6,14.333333333333334,0,20.54,6
Punjab,Patiala,2014,36,30.228571428571428,24.7,65.4,5,1,17.87142857142857,1,21.64,7
Punjab,Patiala,2014,37,31.099999999999998,24.0,35.6,5,1,8.685714285714285,7,25.9,7
Punjab,Patiala,2014,38,32.77142857142857,23.099999999999998,0.2,0,7,9.557142857142855,5,31.14,7
Punjab,Patiala,2014,39,33.84285714285714,22.62857142857143,0.0,0,7,12.428571428571429,0,34.35,7
Punjab,Patiala,2014,40,33.785714285714285,23.342857142857145,4.4,2,5,11.542857142857143,2,29.46,7
Punjab,Patiala,2014,41,33.542857142857144,21.214285714285715,5.699999999999999,2,5,10.957142857142857,2,32.19,7
Punjab,Patiala,2014,42,29.585714285714285,17.342857142857145,7.0,1,6,9.5,6,27.61,7
Punjab,Patiala,2014,43,30.87142857142857,18.514285714285712,3.1,2,4,9.742857142857144,5,25.75,7
Punjab,Patiala,2014,44,29.385714285714283,16.67142857142857,2.2,1,6,10.114285714285714,4,27.220000000000002,7
Punjab,Patiala,2014,45,29.5,17.357142857142858,0.0,0,7,12.514285714285714,1,27.72,7
Punjab,Patiala,2014,46,27.114285714285717,12.142857142857142,0.0,0,7,11.942857142857141,3,26.59,7
Punjab,Patiala,2014,47,26.457142857142856,11.442857142857141,0.0,0,7,11.014285714285714,0,24.15,7
Punjab,Patiala,2014,48,26.3,12.5,0.0,0,7,11.542857142857143,3,22.21,7
Punjab,Patiala,2015,36,32.81666666666667,23.7,0.0,0,6,12.799999999999999,1,29.42,6
Punjab,Patiala,2015,37,33.471428571428575,22.157142857142855,0.1,0,7,12.299999999999999,1,35.64,7
Punjab,Patiala,2015,38,32.628571428571426,23.400000000000002,15.7,3,3,9.9,4,28.5,7
Punjab,Patiala,2015,39,30.228571428571428,22.25714285714286,32.3,2,1,12.728571428571428,3,24.58,7
Punjab,Patiala,2015,40,32.214285714285715,19.185714285714287,0.0,0,7,11.357142857142858,3,32.71,7
Punjab,Patiala,2015,41,34.028571428571425,20.74285714285714,0.0,0,7,12.471428571428572,1,33.13,7
Punjab,Patiala,2015,42,31.87142857142857,21.12857142857143,10.7,1,5,11.842857142857143,3,27.669999999999998,7
Punjab,Patiala,2015,43,31.357142857142858,18.32857142857143,3.0,1,4,13.014285714285714,1,29.09,7
Punjab,Patiala,2015,44,27.814285714285717,15.242857142857144,19.7,1,6,9.557142857142859,6,24.34,7
Punjab,Patiala,2015,45,27.24285714285714,15.885714285714286,19.700000000000003,1,4,9.714285714285714,5,21.12,7
Punjab,Patiala,2015,46,27.214285714285715,15.528571428571428,2.3,1,5,12.057142857142855,1,22.89,7
Punjab,Patiala,2015,47,26.114285714285717,12.0,0.0,0,7,11.342857142857143,3,22.42,7
Punjab,Patiala,2015,48,25.02857142857143,12.771428571428572,0.3,0,6,12.071428571428571,1,18.79,7
Punjab,Patiala,2015,49,25.3,14.0,0.0,0,1,6.8,1,2.26,1
Punjab,Patiala,2016,35,31.200000000000003,24.425,4.8,2,1,11.625,1,16.28,4
Punjab,Patiala,2016,36,32.82857142857143,25.085714285714285,0.4,0,6,11.257142857142856,0,32.32,7
Punjab,Patiala,2016,37,33.457142857142856,23.97142857142857,0.0,0,7,9.528571428571428,3,31.73,7
Punjab,Patiala,2016,38,32.98571428571428,24.357142857142858,1.0,0,5,11.328571428571427,3,29.15,7
Punjab,Patiala,2016,39,33.48571428571429,24.414285714285715,2.3,1,4,9.87142857142857,4,28.369999999999997,7
Punjab,Patiala,2016,40,33.81428571428571,23.271428571428572,1.8,1,5,11.014285714285714,2,29.63,7
Punjab,Patiala,2016,41,33.82857142857143,18.82857142857143,0.0,0,7,13.342857142857143,0,35.97,7
Punjab,Patiala,2016,42,33.05714285714286,18.32857142857143,0.0,0,7,12.028571428571428,1,32.98,7
Punjab,Patiala,2016,43,31.32857142857143,17.5,0.0,0,7,12.27142857142857,1,29.65,7
Punjab,Patiala,2016,44,29.657142857142855,16.185714285714287,0.0,0,7,10.299999999999999,4,25.54,7
Punjab,Patiala,2016,45,28.87142857142857,15.257142857142856,0.0,0,7,12.27142857142857,2,26.11,7
Punjab,Patiala,2016,46,27.185714285714287,13.471428571428572,0.0,0,7,11.771428571428572,3,24.03,7
Punjab,Patiala,2016,47,27.771428571428572,14.142857142857142,0.0,0,7,14.771428571428572,0,26.15,7
Punjab,Patiala,2016,48,26.233333333333334,12.366666666666667,0.0,0,3,11.133333333333335,2,9.34,3
Punjab,Patiala,2017,35,29.46666666666667,24.099999999999998,40.9,3,0,12.033333333333333,1,8.44,3
Punjab,Patiala,2017,36,31.900000000000002,24.042857142857144,8.6,3,3,11.528571428571428,1,29.36,7
Punjab,Patiala,2017,37,32.72857142857143,23.5,0.0,0,7,11.671428571428573,2,31.5,7
Punjab,Patiala,2017,38,31.614285714285717,21.2,24.1,1,6,10.799999999999999,1,27.27,7
Punjab,Patiala,2017,39,33.457142857142856,21.942857142857143,0.0,0,7,10.414285714285715,3,30.91,7
Punjab,Patiala,2017,40,34.0,20.2,0.0,0,7,11.285714285714286,2,32.17,7
Punjab,Patiala,2017,41,33.77142857142857,20.071428571428573,0.5,0,6,9.828571428571427,3,28.94,7
Punjab,Patiala,2017,42,33.1,17.757142857142856,0.0,0,7,11.157142857142857,1,28.34,7
Punjab,Patiala,2017,43,30.62857142857143,16.071428571428573,0.0,0,7,10.471428571428572,2,25.68,7
Punjab,Patiala,2017,44,28.728571428571428,15.785714285714286,0.0,0,7,9.0,6,20.759999999999998,7
Punjab,Patiala,2017,45,27.32857142857143,14.714285714285714,0.0,0,7,8.914285714285715,7,18.84,7
Punjab,Patiala,2017,46,24.400000000000002,13.614285714285714,6.1,2,5,10.885714285714284,3,16.73,7
Punjab,Patiala,2017,47,23.228571428571428,10.0,0.0,0,7,12.842857142857143,0,19.59,7
Punjab,Patiala,2017,48,23.8,9.575,0.0,0,4,11.325,1,9.77,4
Punjab,Patiala,2018,35,29.9,25.8,20.7,2,0,12.0,1,4.6899999999999995,2
Punjab,Patiala,2018,36,31.171428571428574,25.185714285714287,37.6,6,0,9.014285714285714,5,21.88,7
Punjab,Patiala,2018,37,31.685714285714287,24.3,3.1,1,5,9.828571428571427,5,29.6,7
Punjab,Patiala,2018,38,30.657142857142855,22.214285714285715,75.89999999999999,3,4,16.228571428571428,1,25.97,7
Punjab,Patiala,2018,39,29.914285714285715,21.557142857142857,140.1,2,4,12.214285714285714,2,24.0,7
Punjab,Patiala,2018,40,31.400000000000002,19.271428571428572,0.0,0,7,10.014285714285714,2,28.8,7
Punjab,Patiala,2018,41,29.47142857142857,17.900000000000002,5.6,2,5,12.942857142857141,1,25.67,7
Punjab,Patiala,2018,42,30.114285714285717,16.185714285714287,1.2,1,6,10.185714285714285,1,25.479999999999997,7
Punjab,Patiala,2018,43,29.314285714285713,14.571428571428571,0.0,0,7,11.842857142857143,2,25.27,7
Punjab,Patiala,2018,44,27.728571428571428,15.528571428571427,6.800000000000001,2,5,12.414285714285715,2,21.27,7
Punjab,Patiala,2018,45,26.042857142857144,12.642857142857142,0.0,0,7,11.342857142857143,1,21.28,7
Punjab,Patiala,2018,46,25.7,12.885714285714286,4.1,1,6,13.257142857142856,1,19.23,7
Punjab,Patiala,2018,47,25.557142857142857,12.757142857142856,0.0,0,7,13.214285714285714,1,19.87,7
Punjab,Patiala,2018,48,24.7,11.64,0.0,0,5,10.559999999999999,2,11.16,5
Punjab,Rupnagar,2012,35,31.9,24.4,4.7,1,0,7.45,2,8.08,2
Punjab,Rupnagar,2012,36,30.271428571428572,24.085714285714285,25.0,5,0,9.299999999999999,5,23.91,7
Punjab,Rupnagar,2012,37,30.385714285714283,23.8,25.5,6,1,8.5,5,22.46,7
Punjab,Rupnagar,2012,38,29.271428571428572,21.585714285714285,39.3,3,1,11.014285714285714,3,24.8,7
Punjab,Rupnagar,2012,39,30.642857142857142,19.914285714285715,0.0,0,7,12.028571428571428,1,30.08,7
Punjab,Rupnagar,2012,40,31.585714285714285,18.32857142857143,0.0,0,7,11.885714285714286,1,31.119999999999997,7
Punjab,Rupnagar,2012,41,30.900000000000002,15.542857142857143,0.0,0,7,11.057142857142859,3,29.42,7
Punjab,Rupnagar,2012,42,29.0,14.642857142857142,1.0,0,5,10.514285714285714,5,26.07,7
Punjab,Rupnagar,2012,43,26.657142857142855,12.757142857142856,1.7,0,4,11.571428571428571,4,24.68,7
Punjab,Rupnagar,2012,44,27.685714285714287,12.828571428571427,0.0,0,7,9.157142857142857,6,24.0,7
Punjab,Rupnagar,2012,45,26.457142857142856,11.214285714285714,0.6000000000000001,0,5,9.671428571428573,4,22.34,7
Punjab,Rupnagar,2012,46,25.071428571428573,10.228571428571428,0.0,0,7,9.428571428571429,4,20.38,7
Punjab,Rupnagar,2012,47,23.842857142857145,8.742857142857144,0.0,0,7,9.9,4,19.21,7
Punjab,Rupnagar,2012,48,22.880000000000003,7.5,1.3,1,4,11.96,0,13.17,5
Punjab,Rupnagar,2013,35,32.2,24.9,0.1,0,1,13.8,0,4.48,1
Punjab,Rupnagar,2013,36,31.5,23.142857142857142,23.4,5,0,9.971428571428572,3,28.34,7
Punjab,Rupnagar,2013,37,31.58571428571429,22.342857142857145,6.6,2,0,9.528571428571428,5,29.740000000000002,7
Punjab,Rupnagar,2013,38,32.542857142857144,21.2,13.8,2,4,10.942857142857141,2,30.55,7
Punjab,Rupnagar,2013,39,31.157142857142855,22.985714285714288,36.6,5,0,7.214285714285714,7,24.27,7
Punjab,Rupnagar,2013,40,29.599999999999998,21.957142857142856,3.4,1,2,8.72857142857143,6,23.2,7
Punjab,Rupnagar,2013,41,28.885714285714283,22.042857142857144,12.6,4,0,9.542857142857143,5,18.64,7
Punjab,Rupnagar,2013,42,30.085714285714285,17.414285714285715,0.0,0,7,10.228571428571428,2,27.18,7
Punjab,Rupnagar,2013,43,29.014285714285712,16.17142857142857,0.0,0,7,8.428571428571429,6,24.81,7
Punjab,Rupnagar,2013,44,27.5,13.171428571428573,1.5,0,5,11.071428571428571,3,23.82,7
Punjab,Rupnagar,2013,45,24.285714285714285,11.514285714285714,8.0,2,5,9.5,4,19.11,7
Punjab,Rupnagar,2013,46,24.428571428571427,8.32857142857143,0.0,0,7,9.87142857142857,3,20.6,7
Punjab,Rupnagar,2013,47,24.685714285714287,8.771428571428572,0.0,0,7,10.314285714285715,3,20.080000000000002,7
Punjab,Rupnagar,2013,48,25.53333333333333,8.9,0.0,0,6,13.766666666666666,0,18.55,6
Punjab,Rupnagar,2014,36,30.557142857142857,24.157142857142855,39.2,6,0,14.6,2,20.7,7
Punjab,Rupnagar,2014,37,30.657142857142855,23.02857142857143,14.7,4,2,8.642857142857142,5,25.82,7
Punjab,Rupnagar,2014,38,33.1,22.599999999999998,1.1,0,5,10.985714285714286,2,32.75,7
Punjab,Rupnagar,2014,39,33.15714285714286,21.97142857142857,6.1,1,5,11.87142857142857,1,31.16,7
Punjab,Rupnagar,2014,40,32.15714285714286,21.671428571428574,6.2,2,1,9.171428571428573,5,25.88,7
Punjab,Rupnagar,2014,41,32.8,18.485714285714288,4.199999999999999,1,4,11.657142857142857,2,30.31,7
Punjab,Rupnagar,2014,42,29.157142857142855,16.15714285714286,2.7,1,6,9.614285714285714,4,25.99,7
Punjab,Rupnagar,2014,43,30.400000000000002,16.385714285714286,5.1,1,4,8.3,6,25.14,7
Punjab,Rupnagar,2014,44,28.857142857142858,14.0,1.2,0,4,10.957142857142857,3,26.17,7
Punjab,Rupnagar,2014,45,29.042857142857144,13.671428571428573,3.5,1,6,12.228571428571428,2,25.12,7
Punjab,Rupnagar,2014,46,26.428571428571427,11.6,0.0,0,7,11.685714285714285,2,23.59,7
Punjab,Rupnagar,2014,47,26.099999999999998,9.071428571428571,0.0,0,7,10.971428571428572,2,22.37,7
Punjab,Rupnagar,2014,48,25.985714285714288,9.157142857142857,0.0,0,7,11.299999999999999,3,20.82,7
Punjab,Rupnagar,2015,36,31.8,22.616666666666664,5.2,2,1,12.033333333333333,2,27.439999999999998,6
Punjab,Rupnagar,2015,37,32.57142857142857,20.771428571428572,0.3,0,6,12.442857142857141,3,35.36,7
Punjab,Rupnagar,2015,38,31.74285714285714,22.52857142857143,6.2,2,5,8.571428571428571,5,26.53,7
Punjab,Rupnagar,2015,39,29.17142857142857,20.842857142857145,41.5,4,2,11.957142857142857,3,24.15,7
Punjab,Rupnagar,2015,40,30.728571428571428,18.04285714285714,0.0,0,7,10.342857142857143,3,30.27,7
Punjab,Rupnagar,2015,41,32.31428571428571,18.37142857142857,0.4,0,6,11.057142857142859,2,29.919999999999998,7
Punjab,Rupnagar,2015,42,29.82857142857143,18.75714285714286,7.3999999999999995,2,4,10.014285714285714,4,23.52,7
Punjab,Rupnagar,2015,43,30.057142857142857,16.428571428571427,1.7,1,5,12.214285714285714,2,26.44,7
Punjab,Rupnagar,2015,44,27.614285714285717,13.885714285714286,2.2,1,6,9.942857142857141,5,23.86,7
Punjab,Rupnagar,2015,45,27.0,13.771428571428572,4.3,1,5,8.471428571428572,6,21.490000000000002,7
Punjab,Rupnagar,2015,46,27.0,12.942857142857141,1.0,0,6,11.857142857142858,3,21.94,7
Punjab,Rupnagar,2015,47,26.0,11.742857142857144,0.0,0,7,10.942857142857141,4,21.57,7
Punjab,Rupnagar,2015,48,25.285714285714285,10.671428571428573,0.5,0,6,9.528571428571428,5,17.7,7
Punjab,Rupnagar,2015,49,25.4,12.6,0.1,0,1,9.1,1,2.19,1
Punjab,Rupnagar,2016,35,30.75,23.3,4.3999999999999995,1,3,10.875,2,16.45,4
Punjab,Rupnagar,2016,36,32.1,24.785714285714285,1.9,0,1,11.9,1,28.91,7
Punjab,Rupnagar,2016,37,32.857142857142854,23.314285714285713,1.1,0,6,10.299999999999999,3,31.11,7
Punjab,Rupnagar,2016,38,32.371428571428574,23.014285714285712,10.6,3,1,8.957142857142857,5,28.17,7
Punjab,Rupnagar,2016,39,32.44285714285714,22.514285714285712,1.5999999999999999,0,4,7.757142857142857,6,26.849999999999998,7
Punjab,Rupnagar,2016,40,33.6,21.985714285714288,0.6,0,5,10.685714285714285,3,29.64,7
Punjab,Rupnagar,2016,41,33.18571428571429,16.728571428571428,0.0,0,7,14.171428571428573,0,33.35,7
Punjab,Rupnagar,2016,42,32.57142857142857,15.542857142857143,0.0,0,7,12.257142857142856,1,31.02,7
Punjab,Rupnagar,2016,43,30.814285714285713,13.514285714285714,0.0,0,7,11.857142857142858,2,28.12,7
Punjab,Rupnagar,2016,44,29.642857142857142,13.62857142857143,0.0,0,7,9.200000000000001,5,24.93,7
Punjab,Rupnagar,2016,45,28.714285714285715,10.842857142857143,0.2,0,6,11.757142857142856,3,25.28,7
Punjab,Rupnagar,2016,46,26.985714285714288,10.328571428571427,0.0,0,7,11.1,4,22.81,7
Punjab,Rupnagar,2016,47,27.87142857142857,10.971428571428572,0.0,0,7,13.585714285714285,1,23.56,7
Punjab,Rupnagar,2016,48,26.099999999999998,9.9,0.0,0,3,9.5,2,8.46,3
Punjab,Rupnagar,2017,35,29.633333333333336,23.900000000000002,33.3,3,0,8.4,3,9.09,3
Punjab,Rupnagar,2017,36,31.657142857142855,23.67142857142857,12.3,4,2,12.585714285714285,1,28.98,7
Punjab,Rupnagar,2017,37,32.81428571428571,22.52857142857143,0.2,0,6,10.914285714285715,1,32.79,7
Punjab,Rupnagar,2017,38,31.599999999999998,22.32857142857143,66.80000000000001,2,4,9.714285714285714,4,26.009999999999998,7
Punjab,Rupnagar,2017,39,32.7,21.857142857142858,0.7,0,6,10.4,4,29.369999999999997,7
Punjab,Rupnagar,2017,40,33.6,20.414285714285715,0.0,0,7,10.514285714285714,4,31.18,7
Punjab,Rupnagar,2017,41,32.9,18.814285714285713,1.3,0,5,9.299999999999999,4,27.51,7
Punjab,Rupnagar,2017,42,32.128571428571426,17.02857142857143,0.0,0,7,9.914285714285715,3,26.64,7
Punjab,Rupnagar,2017,43,29.571428571428573,13.799999999999999,0.0,0,7,9.9,3,23.87,7
Punjab,Rupnagar,2017,44,28.12857142857143,15.514285714285714,0.0,0,7,9.085714285714285,7,20.25,7
Punjab,Rupnagar,2017,45,26.957142857142856,15.328571428571427,0.0,0,7,9.342857142857143,5,18.009999999999998,7
Punjab,Rupnagar,2017,46,24.314285714285713,12.114285714285714,0.2,0,6,11.257142857142856,3,16.36,7
Punjab,Rupnagar,2017,47,23.771428571428572,9.814285714285715,0.0,0,7,11.128571428571428,1,17.73,7
Punjab,Rupnagar,2017,48,24.3,9.5,0.0,0,4,11.175,0,9.96,4
Punjab,Rupnagar,2018,35,29.299999999999997,25.6,24.7,2,0,8.5,1,4.4,2
Punjab,Rupnagar,2018,36,30.957142857142856,24.985714285714288,28.6,6,1,8.842857142857143,5,20.53,7
Punjab,Rupnagar,2018,37,31.3,23.214285714285715,32.9,5,1,9.471428571428572,6,27.86,7
Punjab,Rupnagar,2018,38,30.557142857142857,21.75714285714286,102.9,2,4,12.628571428571428,1,25.37,7
Punjab,Rupnagar,2018,39,30.114285714285717,21.157142857142855,59.5,3,4,12.214285714285714,2,25.48,7
Punjab,Rupnagar,2018,40,31.342857142857145,17.271428571428572,0.0,0,7,10.685714285714285,2,28.65,7
Punjab,Rupnagar,2018,41,29.285714285714285,16.385714285714283,10.4,1,5,13.014285714285714,1,25.47,7
Punjab,Rupnagar,2018,42,29.914285714285715,13.871428571428572,0.0,0,7,10.314285714285715,2,25.48,7
Punjab,Rupnagar,2018,43,29.157142857142855,12.171428571428573,0.0,0,7,12.228571428571428,0,24.28,7
Punjab,Rupnagar,2018,44,27.285714285714285,14.885714285714286,5.5,2,5,14.057142857142859,3,21.990000000000002,7
Punjab,Rupnagar,2018,45,25.842857142857145,12.457142857142857,0.0,0,7,10.271428571428572,4,19.42,7
Punjab,Rupnagar,2018,46,25.771428571428572,11.457142857142857,1.3,1,5,11.785714285714286,2,19.06,7
Punjab,Rupnagar,2018,47,25.8,11.057142857142859,0.0,0,7,11.185714285714285,2,18.89,7
Punjab,Rupnagar,2018,48,25.74,11.86,0.0,0,5,11.26,2,11.68,5
Punjab,Sahibzada Ajit Singh Nagar,2012,35,31.75,24.65,5.3,1,0,7.85,2,7.68,2
Punjab,Sahibzada Ajit Singh Nagar,2012,36,30.52857142857143,24.557142857142857,12.3,3,2,10.385714285714286,4,23.99,7
Punjab,Sahibzada Ajit Singh Nagar,2012,37,30.557142857142857,24.25714285714286,23.1,6,1,9.128571428571428,5,22.28,7
Punjab,Sahibzada Ajit Singh Nagar,2012,38,29.62857142857143,21.642857142857142,22.0,3,4,12.671428571428573,1,25.9,7
Punjab,Sahibzada Ajit Singh Nagar,2012,39,31.12857142857143,20.32857142857143,0.0,0,7,14.485714285714286,0,31.450000000000003,7
Punjab,Sahibzada Ajit Singh Nagar,2012,40,32.25714285714286,19.085714285714285,0.2,0,6,15.014285714285714,0,33.86,7
Punjab,Sahibzada Ajit Singh Nagar,2012,41,31.32857142857143,16.657142857142855,0.3,0,6,12.728571428571428,2,31.72,7
Punjab,Sahibzada Ajit Singh Nagar,2012,42,29.400000000000002,15.842857142857143,2.5,1,5,10.828571428571427,3,27.380000000000003,7
Punjab,Sahibzada Ajit Singh Nagar,2012,43,27.3,13.485714285714286,0.0,0,7,11.357142857142858,4,26.51,7
Punjab,Sahibzada Ajit Singh Nagar,2012,44,28.2,14.385714285714286,0.0,0,7,9.428571428571429,4,24.98,7
Punjab,Sahibzada Ajit Singh Nagar,2012,45,26.685714285714287,12.6,0.30000000000000004,0,6,11.028571428571428,2,23.66,7
Punjab,Sahibzada Ajit Singh Nagar,2012,46,25.514285714285712,12.0,0.0,0,7,10.12857142857143,4,21.33,7
Punjab,Sahibzada Ajit Singh Nagar,2012,47,24.228571428571428,10.428571428571429,0.0,0,7,10.87142857142857,3,20.37,7
Punjab,Sahibzada Ajit Singh Nagar,2012,48,22.94,9.66,3.2,1,4,13.080000000000002,0,14.0,5
Punjab,Sahibzada Ajit Singh Nagar,2013,35,32.0,24.3,0.7,0,0,16.7,0,4.58,1
Punjab,Sahibzada Ajit Singh Nagar,2013,36,31.314285714285713,23.442857142857143,16.4,4,1,11.62857142857143,3,28.75,7
Punjab,Sahibzada Ajit Singh Nagar,2013,37,31.428571428571427,22.62857142857143,4.0,1,1,10.814285714285715,3,29.82,7
Punjab,Sahibzada Ajit Singh Nagar,2013,38,32.22857142857143,21.52857142857143,1.8,1,5,11.357142857142858,2,30.31,7
Punjab,Sahibzada Ajit Singh Nagar,2013,39,31.642857142857142,23.342857142857145,23.7,3,0,7.771428571428571,6,24.939999999999998,7
Punjab,Sahibzada Ajit Singh Nagar,2013,40,30.385714285714283,22.414285714285715,3.8,1,4,10.042857142857143,3,24.19,7
Punjab,Sahibzada Ajit Singh Nagar,2013,41,29.75714285714286,22.7,6.9,3,1,10.514285714285714,4,19.25,7
Punjab,Sahibzada Ajit Singh Nagar,2013,42,31.12857142857143,17.885714285714286,0.0,0,7,12.342857142857143,1,29.57,7
Punjab,Sahibzada Ajit Singh Nagar,2013,43,29.67142857142857,16.842857142857145,0.0,0,7,10.257142857142856,3,26.89,7
Punjab,Sahibzada Ajit Singh Nagar,2013,44,28.12857142857143,14.700000000000001,1.7999999999999998,1,5,12.12857142857143,3,26.630000000000003,7
Punjab,Sahibzada Ajit Singh Nagar,2013,45,24.771428571428572,12.214285714285714,4.3,2,5,9.928571428571429,3,20.15,7
Punjab,Sahibzada Ajit Singh Nagar,2013,46,24.8,9.271428571428572,0.0,0,7,10.214285714285714,4,21.48,7
Punjab,Sahibzada Ajit Singh Nagar,2013,47,24.900000000000002,10.757142857142856,0.0,0,7,11.114285714285714,2,20.94,7
Punjab,Sahibzada Ajit Singh Nagar,2013,48,25.75,12.183333333333332,0.0,0,6,15.616666666666667,1,20.75,6
Punjab,Sahibzada Ajit Singh Nagar,2014,36,30.785714285714285,24.62857142857143,36.1,5,0,17.285714285714285,1,22.52,7
Punjab,Sahibzada Ajit Singh Nagar,2014,37,30.685714285714287,23.62857142857143,11.799999999999999,4,3,10.071428571428571,5,25.580000000000002,7
Punjab,Sahibzada Ajit Singh Nagar,2014,38,33.457142857142856,22.785714285714285,2.5,1,4,12.814285714285715,2,34.11,7
Punjab,Sahibzada Ajit Singh Nagar,2014,39,33.77142857142857,23.099999999999998,4.0,1,3,15.371428571428572,0,35.39,7
Punjab,Sahibzada Ajit Singh Nagar,2014,40,32.528571428571425,22.685714285714287,2.9,1,2,10.328571428571427,2,26.75,7
Punjab,Sahibzada Ajit Singh Nagar,2014,41,33.4,20.428571428571427,1.5,1,5,12.314285714285715,2,33.04,7
Punjab,Sahibzada Ajit Singh Nagar,2014,42,29.3,17.04285714285714,2.8,1,6,10.957142857142857,3,27.41,7
Punjab,Sahibzada Ajit Singh Nagar,2014,43,29.985714285714288,17.685714285714287,3.0,1,5,8.614285714285714,6,25.85,7
Punjab,Sahibzada Ajit Singh Nagar,2014,44,28.8,15.342857142857143,0.6,0,6,12.428571428571429,2,27.67,7
Punjab,Sahibzada Ajit Singh Nagar,2014,45,29.2,16.342857142857145,2.0,1,6,14.328571428571427,0,28.06,7
Punjab,Sahibzada Ajit Singh Nagar,2014,46,26.728571428571428,12.142857142857142,0.0,0,7,13.042857142857143,2,25.64,7
Punjab,Sahibzada Ajit Singh Nagar,2014,47,26.114285714285717,10.757142857142856,0.0,0,7,11.799999999999999,1,23.25,7
Punjab,Sahibzada Ajit Singh Nagar,2014,48,25.87142857142857,11.414285714285715,0.0,0,7,12.414285714285715,2,22.24,7
Punjab,Sahibzada Ajit Singh Nagar,2015,36,32.15,22.8,6.8,3,0,15.15,0,29.37,6
Punjab,Sahibzada Ajit Singh Nagar,2015,37,33.371428571428574,21.357142857142858,0.0,0,7,16.185714285714287,0,38.1,7
Punjab,Sahibzada Ajit Singh Nagar,2015,38,32.74285714285714,23.271428571428572,6.799999999999999,3,1,10.257142857142856,3,28.27,7
Punjab,Sahibzada Ajit Singh Nagar,2015,39,29.7,21.614285714285717,59.1,2,4,14.514285714285714,1,25.33,7
Punjab,Sahibzada Ajit Singh Nagar,2015,40,31.885714285714283,18.785714285714285,0.0,0,7,12.342857142857143,2,32.52,7
Punjab,Sahibzada Ajit Singh Nagar,2015,41,33.42857142857143,19.814285714285713,0.1,0,7,13.514285714285714,2,32.9,7
Punjab,Sahibzada Ajit Singh Nagar,2015,42,31.085714285714285,20.285714285714285,3.4,1,5,12.114285714285714,2,26.18,7
Punjab,Sahibzada Ajit Singh Nagar,2015,43,31.3,17.542857142857144,1.2,0,4,13.542857142857143,0,29.759999999999998,7
Punjab,Sahibzada Ajit Singh Nagar,2015,44,28.5,14.914285714285715,1.5,1,6,9.957142857142857,3,25.18,7
Punjab,Sahibzada Ajit Singh Nagar,2015,45,27.342857142857145,15.014285714285714,3.8000000000000003,1,6,8.971428571428572,4,22.13,7
Punjab,Sahibzada Ajit Singh Nagar,2015,46,27.400000000000002,14.814285714285715,0.7999999999999999,0,6,13.785714285714286,1,23.65,7
Punjab,Sahibzada Ajit Singh Nagar,2015,47,26.385714285714283,13.142857142857142,0.0,0,7,11.471428571428572,3,22.33,7
Punjab,Sahibzada Ajit Singh Nagar,2015,48,25.442857142857143,12.6,0.0,0,7,11.1,4,19.04,7
Punjab,Sahibzada Ajit Singh Nagar,2015,49,25.7,14.3,0.0,0,1,11.2,0,2.33,1
Punjab,Sahibzada Ajit Singh Nagar,2016,35,30.775,23.525000000000002,2.1,1,3,13.25,1,16.7,4
Punjab,Sahibzada Ajit Singh Nagar,2016,36,32.2,24.599999999999998,5.3,1,0,14.885714285714286,0,30.72,7
Punjab,Sahibzada Ajit Singh Nagar,2016,37,33.22857142857143,23.25714285714286,1.3,1,5,12.228571428571428,2,32.54,7
Punjab,Sahibzada Ajit Singh Nagar,2016,38,32.68571428571429,24.071428571428573,4.300000000000001,2,3,11.614285714285714,1,29.52,7
Punjab,Sahibzada Ajit Singh Nagar,2016,39,32.9,24.142857142857142,1.0,0,5,9.028571428571428,5,28.24,7
Punjab,Sahibzada Ajit Singh Nagar,2016,40,33.65714285714286,22.7,2.4,1,6,11.885714285714286,1,30.259999999999998,7
Punjab,Sahibzada Ajit Singh Nagar,2016,41,33.628571428571426,18.457142857142856,0.2,0,6,16.585714285714285,0,37.51,7
Punjab,Sahibzada Ajit Singh Nagar,2016,42,32.94285714285714,18.085714285714285,0.0,0,7,15.142857142857142,1,35.76,7
Punjab,Sahibzada Ajit Singh Nagar,2016,43,31.057142857142857,16.142857142857142,0.0,0,7,14.414285714285715,1,31.79,7
Punjab,Sahibzada Ajit Singh Nagar,2016,44,29.457142857142856,14.6,0.0,0,7,10.6,3,25.6,7
Punjab,Sahibzada Ajit Singh Nagar,2016,45,28.442857142857143,13.971428571428572,0.0,0,7,12.299999999999999,3,26.53,7
Punjab,Sahibzada Ajit Singh Nagar,2016,46,26.900000000000002,12.471428571428572,0.0,0,7,12.342857142857143,2,23.84,7
Punjab,Sahibzada Ajit Singh Nagar,2016,47,28.071428571428573,14.285714285714286,0.0,0,7,16.25714285714286,0,26.93,7
Punjab,Sahibzada Ajit Singh Nagar,2016,48,25.900000000000002,12.766666666666666,0.0,0,3,9.766666666666667,2,8.69,3
Punjab,Sahibzada Ajit Singh Nagar,2017,35,28.766666666666666,23.233333333333334,65.2,3,0,16.666666666666668,0,8.61,3
Punjab,Sahibzada Ajit Singh Nagar,2017,36,31.285714285714285,23.514285714285712,12.700000000000001,4,2,15.957142857142857,0,29.8,7
Punjab,Sahibzada Ajit Singh Nagar,2017,37,32.02857142857143,23.085714285714285,0.1,0,7,16.385714285714286,0,32.63,7
Punjab,Sahibzada Ajit Singh Nagar,2017,38,30.914285714285715,23.214285714285715,100.69999999999999,3,4,13.62857142857143,0,26.57,7
Punjab,Sahibzada Ajit Singh Nagar,2017,39,32.2,22.385714285714283,1.5,0,4,15.242857142857144,0,31.64,7
Punjab,Sahibzada Ajit Singh Nagar,2017,40,32.91428571428572,21.342857142857145,0.0,0,7,15.485714285714286,0,33.64,7
Punjab,Sahibzada Ajit Singh Nagar,2017,41,32.2,20.37142857142857,0.0,0,7,12.028571428571428,2,29.89,7
Punjab,Sahibzada Ajit Singh Nagar,2017,42,31.685714285714287,17.514285714285712,0.0,0,7,13.700000000000001,0,29.68,7
Punjab,Sahibzada Ajit Singh Nagar,2017,43,28.985714285714288,15.728571428571428,0.0,0,7,12.957142857142857,0,26.46,7
Punjab,Sahibzada Ajit Singh Nagar,2017,44,27.5,15.87142857142857,0.0,0,7,10.62857142857143,4,21.189999999999998,7
Punjab,Sahibzada Ajit Singh Nagar,2017,45,26.37142857142857,14.814285714285715,0.0,0,7,10.9,1,18.53,7
Punjab,Sahibzada Ajit Singh Nagar,2017,46,24.185714285714287,12.771428571428572,1.6,0,4,13.171428571428573,1,17.32,7
Punjab,Sahibzada Ajit Singh Nagar,2017,47,22.7,10.528571428571428,0.0,0,7,16.271428571428572,0,19.759999999999998,7
Punjab,Sahibzada Ajit Singh Nagar,2017,48,23.25,9.75,0.0,0,4,15.05,1,10.75,4
Punjab,Sahibzada Ajit Singh Nagar,2018,35,29.549999999999997,25.25,39.7,2,0,11.700000000000001,1,4.609999999999999,2
Punjab,Sahibzada Ajit Singh Nagar,2018,36,30.728571428571428,24.842857142857145,47.9,7,0,11.957142857142857,3,22.78,7
Punjab,Sahibzada Ajit Singh Nagar,2018,37,30.842857142857145,23.485714285714288,25.8,5,2,12.957142857142857,1,29.38,7
Punjab,Sahibzada Ajit Singh Nagar,2018,38,29.771428571428572,22.042857142857144,86.69999999999999,3,3,19.17142857142857,1,26.92,7
Punjab,Sahibzada Ajit Singh Nagar,2018,39,29.599999999999998,21.37142857142857,88.39999999999999,3,3,16.442857142857143,1,26.01,7
Punjab,Sahibzada Ajit Singh Nagar,2018,40,30.914285714285715,18.985714285714288,0.2,0,6,13.771428571428572,0,31.12,7
Punjab,Sahibzada Ajit Singh Nagar,2018,41,28.928571428571427,17.6,18.6,2,4,17.32857142857143,1,26.78,7
Punjab,Sahibzada Ajit Singh Nagar,2018,42,29.285714285714285,15.928571428571429,1.4,1,6,11.957142857142857,1,26.7,7
Punjab,Sahibzada Ajit Singh Nagar,2018,43,28.071428571428573,14.028571428571428,0.0,0,7,14.5,0,26.26,7
Punjab,Sahibzada Ajit Singh Nagar,2018,44,26.685714285714287,15.271428571428572,12.8,2,5,12.785714285714286,2,20.38,7
Punjab,Sahibzada Ajit Singh Nagar,2018,45,25.214285714285715,12.814285714285715,0.0,0,7,12.928571428571429,1,20.96,7
Punjab,Sahibzada Ajit Singh Nagar,2018,46,24.957142857142856,12.514285714285714,0.7,0,6,14.914285714285715,1,20.439999999999998,7
Punjab,Sahibzada Ajit Singh Nagar,2018,47,24.74285714285714,12.6,0.0,0,7,16.114285714285714,1,21.25,7
Punjab,Sahibzada Ajit Singh Nagar,2018,48,24.16,12.76,0.0,0,5,13.440000000000001,1,11.5,5
Punjab,Sangrur,2012,35,32.650000000000006,25.55,6.1,2,0,9.1,1,8.02,2
Punjab,Sangrur,2012,36,30.514285714285712,25.099999999999998,44.1,7,0,15.785714285714286,1,24.34,7
Punjab,Sangrur,2012,37,31.685714285714287,24.728571428571428,34.5,5,0,8.157142857142857,5,24.13,7
Punjab,Sangrur,2012,38,30.428571428571427,21.6,28.4,3,4,10.1,3,27.31,7
Punjab,Sangrur,2012,39,31.785714285714285,19.914285714285715,0.0,0,7,9.842857142857143,4,31.36,7
Punjab,Sangrur,2012,40,32.58571428571429,19.32857142857143,0.0,0,7,9.299999999999999,4,31.09,7
Punjab,Sangrur,2012,41,31.557142857142857,17.428571428571427,1.1,1,6,9.085714285714285,6,29.68,7
Punjab,Sangrur,2012,42,29.74285714285714,17.057142857142857,0.1,0,7,10.700000000000001,6,26.42,7
Punjab,Sangrur,2012,43,27.428571428571427,14.700000000000001,3.4,1,6,9.8,4,24.59,7
Punjab,Sangrur,2012,44,28.442857142857143,15.528571428571427,0.0,0,7,8.814285714285715,7,24.18,7
Punjab,Sangrur,2012,45,27.428571428571427,14.12857142857143,0.4,0,6,8.9,5,22.52,7
Punjab,Sangrur,2012,46,25.971428571428568,13.342857142857143,0.0,0,7,9.385714285714286,6,20.81,7
Punjab,Sangrur,2012,47,24.614285714285717,11.242857142857144,0.3,0,6,10.657142857142857,3,20.82,7
Punjab,Sangrur,2012,48,23.04,10.14,0.6,0,4,11.22,1,13.78,5
Punjab,Sangrur,2013,35,33.1,25.0,0.1,0,1,12.4,0,4.42,1
Punjab,Sangrur,2013,36,32.92857142857143,24.571428571428573,3.1,1,4,10.328571428571427,2,31.78,7
Punjab,Sangrur,2013,37,33.15714285714286,24.057142857142857,3.5999999999999996,0,1,9.200000000000001,5,31.11,7
Punjab,Sangrur,2013,38,32.7,22.62857142857143,12.8,2,3,10.614285714285714,4,30.240000000000002,7
Punjab,Sangrur,2013,39,32.07142857142857,23.928571428571427,21.0,3,0,8.128571428571428,6,26.15,7
Punjab,Sangrur,2013,40,30.771428571428572,22.685714285714287,3.4,1,4,9.828571428571427,2,24.5,7
Punjab,Sangrur,2013,41,30.32857142857143,23.085714285714285,13.2,3,1,11.342857142857143,2,21.64,7
Punjab,Sangrur,2013,42,31.728571428571428,19.442857142857143,0.6,0,6,8.614285714285714,6,28.23,7
Punjab,Sangrur,2013,43,30.342857142857145,17.942857142857143,0.0,0,7,9.142857142857142,5,26.54,7
Punjab,Sangrur,2013,44,28.8,16.04285714285714,2.1,1,5,10.557142857142859,4,25.94,7
Punjab,Sangrur,2013,45,25.071428571428573,13.285714285714286,15.2,1,6,9.799999999999999,3,20.81,7
Punjab,Sangrur,2013,46,24.728571428571428,10.271428571428572,0.0,0,7,10.471428571428572,3,22.65,7
Punjab,Sangrur,2013,47,25.442857142857143,10.671428571428573,0.0,0,7,10.4,3,21.3,7
Punjab,Sangrur,2013,48,26.133333333333336,12.35,0.0,0,6,13.283333333333333,0,19.6,6
Punjab,Sangrur,2014,36,30.357142857142858,24.842857142857145,78.2,5,0,18.87142857142857,1,21.42,7
Punjab,Sangrur,2014,37,31.5,24.357142857142858,25.2,4,0,7.942857142857143,7,26.69,7
Punjab,Sangrur,2014,38,33.32857142857143,23.714285714285715,0.4,0,5,9.142857142857142,7,31.18,7
Punjab,Sangrur,2014,39,34.3,22.67142857142857,0.0,0,7,12.657142857142857,0,35.4,7
Punjab,Sangrur,2014,40,35.128571428571426,23.75714285714286,1.5,0,5,10.614285714285714,1,31.189999999999998,7
Punjab,Sangrur,2014,41,34.285714285714285,21.942857142857143,1.6,0,5,10.62857142857143,3,32.95,7
Punjab,Sangrur,2014,42,30.157142857142855,17.62857142857143,2.2,1,6,10.071428571428571,3,29.04,7
Punjab,Sangrur,2014,43,31.785714285714285,19.071428571428573,0.5,0,5,9.328571428571427,6,27.77,7
Punjab,Sangrur,2014,44,30.014285714285712,16.928571428571427,2.4,1,6,10.914285714285715,3,27.799999999999997,7
Punjab,Sangrur,2014,45,29.657142857142855,17.4,0.5,0,6,12.87142857142857,1,27.56,7
Punjab,Sangrur,2014,46,27.314285714285713,11.9,0.0,0,7,11.62857142857143,2,26.38,7
Punjab,Sangrur,2014,47,26.728571428571428,11.242857142857144,0.0,0,7,10.971428571428572,1,24.02,7
Punjab,Sangrur,2014,48,26.771428571428572,12.614285714285714,0.0,0,7,10.928571428571429,3,21.95,7
Punjab,Sangrur,2015,36,33.63333333333333,23.650000000000002,0.0,0,6,11.683333333333332,2,30.39,6
Punjab,Sangrur,2015,37,34.128571428571426,22.842857142857145,0.0,0,7,10.62857142857143,3,35.4,7
Punjab,Sangrur,2015,38,32.74285714285714,23.442857142857143,13.899999999999999,2,4,9.62857142857143,5,28.53,7
Punjab,Sangrur,2015,39,30.3,22.32857142857143,46.5,3,0,11.528571428571428,3,24.2,7
Punjab,Sangrur,2015,40,32.214285714285715,19.157142857142855,0.0,0,7,10.071428571428571,4,31.89,7
Punjab,Sangrur,2015,41,33.94285714285714,20.842857142857145,0.0,0,7,10.514285714285714,2,31.759999999999998,7
Punjab,Sangrur,2015,42,32.114285714285714,20.942857142857143,9.2,1,4,11.428571428571429,4,27.07,7
Punjab,Sangrur,2015,43,30.885714285714283,18.271428571428572,18.9,2,4,11.700000000000001,3,27.29,7
Punjab,Sangrur,2015,44,27.47142857142857,15.214285714285714,4.2,1,6,9.571428571428571,5,23.91,7
Punjab,Sangrur,2015,45,27.314285714285713,15.971428571428572,3.5999999999999996,1,5,9.62857142857143,5,21.16,7
Punjab,Sangrur,2015,46,27.271428571428572,15.385714285714286,1.6,1,6,10.414285714285715,3,22.19,7
Punjab,Sangrur,2015,47,26.414285714285715,11.942857142857141,0.0,0,7,11.185714285714285,2,22.95,7
Punjab,Sangrur,2015,48,25.25714285714286,12.514285714285714,0.0,0,7,11.542857142857143,1,19.32,7
Punjab,Sangrur,2015,49,25.0,13.4,0.0,0,1,8.0,1,2.39,1
Punjab,Sangrur,2016,35,31.875,24.575,2.8,1,1,11.5,1,17.1,4
Punjab,Sangrur,2016,36,33.82857142857143,25.5,0.0,0,7,11.014285714285714,0,35.58,7
Punjab,Sangrur,2016,37,34.8,24.485714285714288,0.4,0,6,9.242857142857144,4,33.17,7
Punjab,Sangrur,2016,38,34.142857142857146,24.885714285714283,2.2,1,4,10.714285714285714,4,30.36,7
Punjab,Sangrur,2016,39,34.271428571428565,24.599999999999998,0.2,0,6,8.542857142857143,6,29.47,7
Punjab,Sangrur,2016,40,34.75714285714286,23.928571428571427,1.6,1,4,11.542857142857143,2,30.880000000000003,7
Punjab,Sangrur,2016,41,34.357142857142854,19.228571428571428,0.0,0,7,11.571428571428571,0,35.84,7
Punjab,Sangrur,2016,42,33.44285714285714,18.657142857142855,0.0,0,7,10.842857142857143,2,32.7,7
Punjab,Sangrur,2016,43,31.642857142857142,17.571428571428573,0.0,0,7,10.742857142857144,3,29.060000000000002,7
Punjab,Sangrur,2016,44,29.74285714285714,16.47142857142857,0.0,0,7,9.728571428571428,5,25.25,7
Punjab,Sangrur,2016,45,29.099999999999998,15.157142857142857,0.2,0,6,12.185714285714285,1,26.26,7
Punjab,Sangrur,2016,46,27.228571428571428,13.314285714285715,0.0,0,7,10.771428571428572,3,23.54,7
Punjab,Sangrur,2016,47,27.8,13.828571428571427,0.0,0,7,13.242857142857144,2,24.75,7
Punjab,Sangrur,2016,48,26.566666666666666,12.166666666666666,0.0,0,3,10.9,2,9.370000000000001,3
Punjab,Sangrur,2017,35,29.666666666666668,24.133333333333336,21.6,3,0,12.633333333333333,0,8.45,3
Punjab,Sangrur,2017,36,32.614285714285714,24.62857142857143,8.0,2,3,11.814285714285713,3,29.46,7
Punjab,Sangrur,2017,37,34.614285714285714,24.5,1.4,1,6,12.642857142857142,2,33.59,7
Punjab,Sangrur,2017,38,33.871428571428574,22.24285714285714,2.0,1,6,10.985714285714286,3,30.630000000000003,7
Punjab,Sangrur,2017,39,35.55714285714286,22.542857142857144,0.0,0,7,10.528571428571428,3,32.82,7
Punjab,Sangrur,2017,40,36.528571428571425,21.7,0.0,0,7,11.885714285714286,1,35.47,7
Punjab,Sangrur,2017,41,35.07142857142857,21.514285714285712,0.4,0,6,9.585714285714285,5,30.22,7
Punjab,Sangrur,2017,42,34.07142857142857,19.342857142857145,0.5,0,6,10.885714285714286,2,29.46,7
Punjab,Sangrur,2017,43,31.785714285714285,17.257142857142856,0.0,0,7,10.685714285714285,2,27.39,7
Punjab,Sangrur,2017,44,29.25714285714286,16.757142857142856,0.0,0,7,8.514285714285714,7,21.29,7
Punjab,Sangrur,2017,45,27.3,14.928571428571429,0.0,0,7,8.62857142857143,7,18.82,7
Punjab,Sangrur,2017,46,23.714285714285715,13.885714285714286,10.1,2,3,11.714285714285714,2,16.4,7
Punjab,Sangrur,2017,47,23.2,9.828571428571427,0.0,0,7,11.2,0,18.56,7
Punjab,Sangrur,2017,48,23.975,9.649999999999999,0.0,0,4,10.575,1,9.64,4
Punjab,Sangrur,2018,35,31.05,26.35,6.699999999999999,2,0,13.6,0,5.779999999999999,2
Punjab,Sangrur,2018,36,32.0,25.5,28.3,5,1,10.0,5,24.1,7
Punjab,Sangrur,2018,37,33.32857142857143,24.714285714285715,2.0,0,4,10.257142857142856,4,31.26,7
Punjab,Sangrur,2018,38,32.114285714285714,22.557142857142857,128.79999999999998,3,4,16.67142857142857,0,28.15,7
Punjab,Sangrur,2018,39,30.042857142857144,21.514285714285712,36.5,1,5,11.357142857142858,3,23.86,7
Punjab,Sangrur,2018,40,32.1,20.099999999999998,0.0,0,7,10.12857142857143,3,29.3,7
Punjab,Sangrur,2018,41,30.485714285714288,18.52857142857143,12.2,1,5,14.914285714285713,1,26.56,7
Punjab,Sangrur,2018,42,31.157142857142855,17.04285714285714,0.3,0,6,10.771428571428572,1,27.0,7
Punjab,Sangrur,2018,43,30.442857142857143,15.957142857142857,0.0,0,7,11.4,1,27.06,7
Punjab,Sangrur,2018,44,28.814285714285713,16.67142857142857,4.1,1,5,13.299999999999999,1,23.0,7
Punjab,Sangrur,2018,45,27.099999999999998,13.171428571428573,0.0,0,7,10.742857142857144,4,22.47,7
Punjab,Sangrur,2018,46,26.514285714285712,13.342857142857143,3.3,1,5,13.542857142857143,0,19.73,7
Punjab,Sangrur,2018,47,26.52857142857143,12.971428571428572,0.0,0,7,13.071428571428571,1,20.87,7
Punjab,Sangrur,2018,48,25.4,12.24,0.0,0,5,9.6,3,11.559999999999999,5
Punjab,Shahid Bhagat Singh Nagar,2012,35,32.5,24.799999999999997,6.2,1,0,6.800000000000001,2,8.040000000000001,2
Punjab,Shahid Bhagat Singh Nagar,2012,36,30.557142857142857,24.642857142857142,26.1,5,1,8.414285714285715,5,23.549999999999997,7
Punjab,Shahid Bhagat Singh Nagar,2012,37,31.12857142857143,24.357142857142858,36.2,6,0,8.085714285714285,7,22.54,7
Punjab,Shahid Bhagat Singh Nagar,2012,38,29.842857142857145,21.900000000000002,31.5,3,2,11.057142857142859,2,24.81,7
Punjab,Shahid Bhagat Singh Nagar,2012,39,31.314285714285713,19.97142857142857,0.0,0,7,11.042857142857143,2,30.36,7
Punjab,Shahid Bhagat Singh Nagar,2012,40,32.01428571428572,19.3,0.0,0,7,10.214285714285714,4,30.57,7
Punjab,Shahid Bhagat Singh Nagar,2012,41,31.12857142857143,16.928571428571427,1.0,0,6,9.714285714285714,4,29.03,7
Punjab,Shahid Bhagat Singh Nagar,2012,42,29.285714285714285,15.885714285714284,0.1,0,7,9.257142857142856,5,25.79,7
Punjab,Shahid Bhagat Singh Nagar,2012,43,27.157142857142855,13.957142857142856,0.5,0,6,10.242857142857144,4,24.34,7
Punjab,Shahid Bhagat Singh Nagar,2012,44,28.2,14.328571428571427,0.0,0,7,8.642857142857142,7,23.88,7
Punjab,Shahid Bhagat Singh Nagar,2012,45,27.057142857142857,13.528571428571428,0.4,0,5,9.314285714285715,5,22.189999999999998,7
Punjab,Shahid Bhagat Singh Nagar,2012,46,25.599999999999998,12.342857142857143,0.0,0,7,9.114285714285714,4,20.09,7
Punjab,Shahid Bhagat Singh Nagar,2012,47,24.17142857142857,10.62857142857143,0.2,0,6,9.128571428571428,4,18.75,7
Punjab,Shahid Bhagat Singh Nagar,2012,48,23.0,8.72,0.4,0,4,11.379999999999999,1,12.86,5
Punjab,Shahid Bhagat Singh Nagar,2013,35,32.7,24.8,0.0,0,1,12.2,0,4.44,1
Punjab,Shahid Bhagat Singh Nagar,2013,36,32.028571428571425,23.814285714285713,31.299999999999997,5,1,9.385714285714286,4,28.16,7
Punjab,Shahid Bhagat Singh Nagar,2013,37,32.214285714285715,23.17142857142857,15.4,4,1,9.057142857142857,5,29.63,7
Punjab,Shahid Bhagat Singh Nagar,2013,38,33.114285714285714,21.814285714285713,23.8,2,5,10.014285714285714,3,30.71,7
Punjab,Shahid Bhagat Singh Nagar,2013,39,31.8,23.642857142857142,30.1,4,1,6.6571428571428575,7,24.580000000000002,7
Punjab,Shahid Bhagat Singh Nagar,2013,40,30.428571428571427,22.5,6.0,3,2,8.242857142857142,6,23.14,7
Punjab,Shahid Bhagat Singh Nagar,2013,41,29.557142857142857,22.657142857142855,11.600000000000001,3,1,9.185714285714285,5,18.33,7
Punjab,Shahid Bhagat Singh Nagar,2013,42,31.2,17.87142857142857,0.3,0,6,8.657142857142857,5,27.79,7
Punjab,Shahid Bhagat Singh Nagar,2013,43,30.014285714285712,16.985714285714288,0.5,0,6,7.3428571428571425,7,25.04,7
Punjab,Shahid Bhagat Singh Nagar,2013,44,28.5,14.228571428571428,2.4000000000000004,1,5,10.071428571428571,2,24.32,7
Punjab,Shahid Bhagat Singh Nagar,2013,45,24.814285714285713,12.214285714285714,6.9,2,4,8.785714285714286,5,19.14,7
Punjab,Shahid Bhagat Singh Nagar,2013,46,24.97142857142857,9.028571428571428,0.0,0,7,9.042857142857143,6,20.41,7
Punjab,Shahid Bhagat Singh Nagar,2013,47,25.357142857142858,9.914285714285715,0.0,0,7,10.085714285714285,4,20.14,7
Punjab,Shahid Bhagat Singh Nagar,2013,48,25.95,10.566666666666666,0.0,0,6,12.549999999999999,1,18.18,6
Punjab,Shahid Bhagat Singh Nagar,2014,36,30.58571428571429,24.62857142857143,49.8,5,0,12.757142857142856,2,19.68,7
Punjab,Shahid Bhagat Singh Nagar,2014,37,31.3,23.642857142857142,13.0,3,2,8.3,6,26.36,7
Punjab,Shahid Bhagat Singh Nagar,2014,38,33.65714285714286,23.214285714285715,0.8999999999999999,0,5,10.314285714285715,4,32.160000000000004,7
Punjab,Shahid Bhagat Singh Nagar,2014,39,34.1,22.814285714285713,3.5,1,5,10.771428571428572,2,30.91,7
Punjab,Shahid Bhagat Singh Nagar,2014,40,33.32857142857143,22.82857142857143,18.7,4,1,9.157142857142857,4,26.439999999999998,7
Punjab,Shahid Bhagat Singh Nagar,2014,41,33.371428571428574,19.74285714285714,5.199999999999999,2,5,10.742857142857144,2,29.490000000000002,7
Punjab,Shahid Bhagat Singh Nagar,2014,42,29.642857142857142,16.485714285714288,3.5,1,6,8.871428571428572,4,26.18,7
Punjab,Shahid Bhagat Singh Nagar,2014,43,31.157142857142855,17.842857142857145,2.4,1,5,8.27142857142857,5,25.63,7
Punjab,Shahid Bhagat Singh Nagar,2014,44,29.62857142857143,15.042857142857143,0.0,0,7,10.671428571428573,3,26.200000000000003,7
Punjab,Shahid Bhagat Singh Nagar,2014,45,29.32857142857143,15.485714285714286,1.5,1,6,12.157142857142857,1,24.95,7
Punjab,Shahid Bhagat Singh Nagar,2014,46,26.985714285714288,11.642857142857142,0.0,0,7,10.799999999999999,3,23.4,7
Punjab,Shahid Bhagat Singh Nagar,2014,47,26.457142857142856,10.285714285714286,0.0,0,7,10.5,2,21.86,7
Punjab,Shahid Bhagat Singh Nagar,2014,48,26.25714285714286,11.114285714285714,0.0,0,7,10.557142857142859,3,20.15,7
Punjab,Shahid Bhagat Singh Nagar,2015,36,32.45,23.55,2.5,0,2,11.066666666666668,2,27.54,6
Punjab,Shahid Bhagat Singh Nagar,2015,37,33.25714285714286,21.37142857142857,0.6,0,6,11.428571428571429,3,35.29,7
Punjab,Shahid Bhagat Singh Nagar,2015,38,32.34285714285714,23.714285714285715,3.4,1,4,8.642857142857142,5,26.82,7
Punjab,Shahid Bhagat Singh Nagar,2015,39,29.74285714285714,21.62857142857143,40.0,2,3,11.471428571428572,3,23.94,7
Punjab,Shahid Bhagat Singh Nagar,2015,40,31.5,18.785714285714285,0.0,0,7,9.971428571428572,3,30.59,7
Punjab,Shahid Bhagat Singh Nagar,2015,41,33.04285714285714,19.457142857142856,0.0,0,7,10.6,3,30.21,7
Punjab,Shahid Bhagat Singh Nagar,2015,42,30.685714285714287,19.685714285714287,11.6,2,5,9.685714285714285,4,23.57,7
Punjab,Shahid Bhagat Singh Nagar,2015,43,30.528571428571432,17.314285714285713,1.6,1,5,11.185714285714285,2,25.67,7
Punjab,Shahid Bhagat Singh Nagar,2015,44,27.8,14.742857142857144,4.0,1,6,8.885714285714286,6,23.61,7
Punjab,Shahid Bhagat Singh Nagar,2015,45,27.2,15.200000000000001,9.1,2,4,8.4,6,20.990000000000002,7
Punjab,Shahid Bhagat Singh Nagar,2015,46,27.042857142857144,13.9,0.30000000000000004,0,6,10.757142857142856,3,21.32,7
Punjab,Shahid Bhagat Singh Nagar,2015,47,26.114285714285717,11.828571428571427,0.0,0,7,10.528571428571428,4,20.75,7
Punjab,Shahid Bhagat Singh Nagar,2015,48,25.385714285714283,12.37142857142857,0.8,0,6,9.9,3,17.81,7
Punjab,Shahid Bhagat Singh Nagar,2015,49,25.7,14.2,0.0,0,1,7.9,1,2.22,1
Punjab,Shahid Bhagat Singh Nagar,2016,35,31.625,23.95,2.6,1,2,10.125,2,16.8,4
Punjab,Shahid Bhagat Singh Nagar,2016,36,33.25714285714286,24.914285714285715,4.6,1,1,10.4,2,29.41,7
Punjab,Shahid Bhagat Singh Nagar,2016,37,34.214285714285715,23.585714285714285,2.8,1,4,9.385714285714286,5,31.45,7
Punjab,Shahid Bhagat Singh Nagar,2016,38,33.41428571428572,23.87142857142857,11.200000000000001,3,0,8.5,5,28.400000000000002,7
Punjab,Shahid Bhagat Singh Nagar,2016,39,33.542857142857144,23.75714285714286,3.0,1,4,7.214285714285714,7,27.12,7
Punjab,Shahid Bhagat Singh Nagar,2016,40,34.7,22.942857142857143,1.9000000000000001,1,3,10.328571428571427,3,30.21,7
Punjab,Shahid Bhagat Singh Nagar,2016,41,34.17142857142857,17.985714285714288,0.0,0,7,13.014285714285714,0,33.15,7
Punjab,Shahid Bhagat Singh Nagar,2016,42,33.32857142857143,17.3,0.0,0,7,11.057142857142859,2,30.71,7
Punjab,Shahid Bhagat Singh Nagar,2016,43,31.571428571428573,15.971428571428572,0.1,0,7,11.485714285714286,2,28.33,7
Punjab,Shahid Bhagat Singh Nagar,2016,44,30.271428571428572,15.285714285714286,0.0,0,7,8.742857142857144,5,24.74,7
Punjab,Shahid Bhagat Singh Nagar,2016,45,29.32857142857143,13.057142857142859,0.4,0,6,10.814285714285715,4,24.919999999999998,7
Punjab,Shahid Bhagat Singh Nagar,2016,46,27.542857142857144,12.185714285714285,0.0,0,7,10.914285714285715,3,22.7,7
Punjab,Shahid Bhagat Singh Nagar,2016,47,28.157142857142855,13.200000000000001,0.0,0,7,12.37142857142857,2,22.78,7
Punjab,Shahid Bhagat Singh Nagar,2016,48,26.7,11.633333333333333,0.0,0,3,9.9,2,8.52,3
Punjab,Shahid Bhagat Singh Nagar,2017,35,29.3,23.733333333333334,56.0,3,0,10.1,2,9.15,3
Punjab,Shahid Bhagat Singh Nagar,2017,36,31.414285714285715,23.599999999999998,11.0,4,1,10.985714285714286,2,29.02,7
Punjab,Shahid Bhagat Singh Nagar,2017,37,32.042857142857144,22.814285714285713,0.0,0,7,11.742857142857144,1,32.44,7
Punjab,Shahid Bhagat Singh Nagar,2017,38,31.342857142857145,21.714285714285715,9.3,2,5,9.87142857142857,4,26.77,7
Punjab,Shahid Bhagat Singh Nagar,2017,39,32.871428571428574,22.442857142857143,0.9,0,6,10.057142857142859,3,30.03,7
Punjab,Shahid Bhagat Singh Nagar,2017,40,33.24285714285714,21.057142857142857,0.0,0,7,11.242857142857144,3,31.09,7
Punjab,Shahid Bhagat Singh Nagar,2017,41,32.642857142857146,20.0,0.0,0,7,9.6,4,28.17,7
Punjab,Shahid Bhagat Singh Nagar,2017,42,31.657142857142855,17.771428571428572,0.0,0,7,10.685714285714285,2,26.93,7
Punjab,Shahid Bhagat Singh Nagar,2017,43,29.071428571428573,15.214285714285714,0.0,0,7,10.157142857142857,4,23.84,7
Punjab,Shahid Bhagat Singh Nagar,2017,44,27.74285714285714,15.942857142857141,0.0,0,7,9.0,7,20.35,7
Punjab,Shahid Bhagat Singh Nagar,2017,45,26.24285714285714,14.742857142857144,0.2,0,6,9.614285714285714,5,17.740000000000002,7
Punjab,Shahid Bhagat Singh Nagar,2017,46,23.685714285714287,12.642857142857142,0.0,0,7,11.342857142857143,4,16.07,7
Punjab,Shahid Bhagat Singh Nagar,2017,47,22.357142857142858,9.142857142857142,0.0,0,7,11.528571428571428,1,17.11,7
Punjab,Shahid Bhagat Singh Nagar,2017,48,22.8,9.2,0.0,0,4,10.6,1,9.2,4
Punjab,Shahid Bhagat Singh Nagar,2018,35,29.9,25.15,15.6,2,0,10.75,0,4.85,2
Punjab,Shahid Bhagat Singh Nagar,2018,36,30.957142857142856,25.17142857142857,26.3,5,0,9.114285714285714,6,21.7,7
Punjab,Shahid Bhagat Singh Nagar,2018,37,31.0,23.428571428571427,21.6,5,2,12.214285714285714,1,27.86,7
Punjab,Shahid Bhagat Singh Nagar,2018,38,30.314285714285713,21.614285714285717,100.6,2,4,14.6,1,25.34,7
Punjab,Shahid Bhagat Singh Nagar,2018,39,29.74285714285714,21.2,75.6,3,4,12.571428571428571,1,24.9,7
Punjab,Shahid Bhagat Singh Nagar,2018,40,30.857142857142858,18.67142857142857,0.0,0,7,10.6,2,28.59,7
Punjab,Shahid Bhagat Singh Nagar,2018,41,28.928571428571427,17.285714285714285,19.7,3,4,13.771428571428572,1,24.93,7
Punjab,Shahid Bhagat Singh Nagar,2018,42,29.357142857142858,16.02857142857143,0.0,0,7,11.514285714285714,0,25.82,7
Punjab,Shahid Bhagat Singh Nagar,2018,43,28.2,14.385714285714286,0.0,0,7,11.242857142857144,0,24.23,7
Punjab,Shahid Bhagat Singh Nagar,2018,44,26.62857142857143,15.885714285714286,3.3,1,5,14.314285714285715,2,21.59,7
Punjab,Shahid Bhagat Singh Nagar,2018,45,24.900000000000002,11.814285714285715,0.0,0,7,10.785714285714286,2,18.93,7
Punjab,Shahid Bhagat Singh Nagar,2018,46,24.614285714285717,11.742857142857144,3.4,1,6,13.12857142857143,1,18.66,7
Punjab,Shahid Bhagat Singh Nagar,2018,47,24.428571428571427,10.785714285714286,0.0,0,7,11.542857142857143,2,17.62,7
Punjab,Shahid Bhagat Singh Nagar,2018,48,24.060000000000002,11.64,0.0,0,5,9.72,2,10.9,5
Punjab,Tarn Taran,2012,35,33.099999999999994,25.9,3.1,1,0,9.45,1,8.370000000000001,2
Punjab,Tarn Taran,2012,36,30.571428571428573,25.057142857142857,57.900000000000006,7,0,13.242857142857144,2,22.11,7
Punjab,Tarn Taran,2012,37,32.17142857142857,24.87142857142857,37.199999999999996,5,0,8.142857142857142,6,24.83,7
Punjab,Tarn Taran,2012,38,30.900000000000002,21.814285714285713,36.4,3,4,9.185714285714285,5,25.97,7
Punjab,Tarn Taran,2012,39,32.82857142857143,21.2,0.0,0,7,8.957142857142857,5,31.79,7
Punjab,Tarn Taran,2012,40,33.471428571428575,20.25714285714286,0.4,0,6,8.842857142857143,6,31.18,7
Punjab,Tarn Taran,2012,41,32.128571428571426,17.842857142857145,1.5,0,5,9.728571428571428,4,28.89,7
Punjab,Tarn Taran,2012,42,28.914285714285715,16.942857142857143,5.4,1,4,10.5,5,24.54,7
Punjab,Tarn Taran,2012,43,27.685714285714287,14.799999999999999,0.30000000000000004,0,6,8.571428571428571,5,23.98,7
Punjab,Tarn Taran,2012,44,28.900000000000002,15.62857142857143,0.0,0,7,8.72857142857143,7,23.85,7
Punjab,Tarn Taran,2012,45,27.37142857142857,13.885714285714286,3.3,1,5,9.057142857142857,5,21.2,7
Punjab,Tarn Taran,2012,46,25.8,13.12857142857143,0.0,0,7,9.028571428571428,6,19.85,7
Punjab,Tarn Taran,2012,47,24.157142857142855,11.37142857142857,4.2,1,5,9.642857142857142,3,19.23,7
Punjab,Tarn Taran,2012,48,22.380000000000003,9.24,1.1,1,4,11.12,1,12.77,5
Punjab,Tarn Taran,2013,35,33.2,25.6,0.8,0,0,5.8,1,4.24,1
Punjab,Tarn Taran,2013,36,32.957142857142856,24.88571428571429,9.3,3,1,8.342857142857143,6,30.26,7
Punjab,Tarn Taran,2013,37,32.92857142857143,24.17142857142857,1.8,0,4,9.657142857142857,3,30.43,7
Punjab,Tarn Taran,2013,38,33.24285714285715,22.585714285714285,0.9999999999999999,0,5,8.885714285714286,6,31.1,7
Punjab,Tarn Taran,2013,39,33.042857142857144,24.442857142857143,13.7,3,1,8.128571428571428,6,27.39,7
Punjab,Tarn Taran,2013,40,31.3,23.37142857142857,4.6,2,3,8.1,6,24.2,7
Punjab,Tarn Taran,2013,41,31.02857142857143,23.728571428571428,8.1,4,2,9.542857142857143,4,22.94,7
Punjab,Tarn Taran,2013,42,31.785714285714285,19.342857142857145,0.6,0,6,8.971428571428572,5,28.04,7
Punjab,Tarn Taran,2013,43,30.557142857142857,17.885714285714286,0.3,0,6,9.142857142857142,5,25.99,7
Punjab,Tarn Taran,2013,44,28.571428571428573,15.071428571428571,1.7,1,5,10.714285714285714,3,24.82,7
Punjab,Tarn Taran,2013,45,24.342857142857145,12.700000000000001,9.1,1,5,8.714285714285714,6,18.91,7
Punjab,Tarn Taran,2013,46,24.400000000000002,9.828571428571427,0.0,0,7,10.028571428571428,3,20.85,7
Punjab,Tarn Taran,2013,47,25.014285714285712,9.799999999999999,0.0,0,7,10.014285714285714,3,19.73,7
Punjab,Tarn Taran,2013,48,25.366666666666664,11.533333333333333,0.0,0,6,11.383333333333333,2,17.62,6
Punjab,Tarn Taran,2014,36,28.82857142857143,24.442857142857143,185.6,6,0,17.985714285714288,1,17.39,7
Punjab,Tarn Taran,2014,37,31.642857142857142,23.74285714285714,5.0,2,2,7.185714285714285,7,27.71,7
Punjab,Tarn Taran,2014,38,32.857142857142854,23.571428571428573,0.3,0,6,7.285714285714286,6,30.08,7
Punjab,Tarn Taran,2014,39,32.857142857142854,22.857142857142858,0.4,0,6,7.657142857142857,7,30.22,7
Punjab,Tarn Taran,2014,40,33.25714285714286,23.62857142857143,1.9,0,4,8.857142857142858,7,28.34,7
Punjab,Tarn Taran,2014,41,31.657142857142855,20.52857142857143,12.6,1,6,10.242857142857144,3,27.5,7
Punjab,Tarn Taran,2014,42,28.3,16.442857142857143,0.7999999999999999,0,6,10.671428571428573,4,26.62,7
Punjab,Tarn Taran,2014,43,30.157142857142855,17.957142857142856,0.7,0,5,9.085714285714285,5,25.18,7
Punjab,Tarn Taran,2014,44,28.2,15.514285714285714,4.9,2,5,8.72857142857143,7,23.48,7
Punjab,Tarn Taran,2014,45,27.271428571428572,15.542857142857143,3.7,1,5,12.0,1,22.77,7
Punjab,Tarn Taran,2014,46,25.7,10.657142857142857,0.0,0,7,10.557142857142855,1,22.52,7
Punjab,Tarn Taran,2014,47,24.957142857142856,9.771428571428572,0.0,0,7,9.514285714285714,5,20.02,7
Punjab,Tarn Taran,2014,48,24.985714285714288,10.585714285714285,0.0,0,7,9.742857142857144,4,18.33,7
Punjab,Tarn Taran,2015,36,34.699999999999996,24.833333333333332,0.30000000000000004,0,5,7.5,6,29.71,6
Punjab,Tarn Taran,2015,37,35.628571428571426,23.357142857142858,0.7,0,5,8.614285714285716,6,35.5,7
Punjab,Tarn Taran,2015,38,34.94285714285714,24.357142857142858,5.1,1,3,8.657142857142857,5,31.07,7
Punjab,Tarn Taran,2015,39,29.82857142857143,22.271428571428572,49.5,3,2,9.671428571428573,5,22.59,7
Punjab,Tarn Taran,2015,40,32.75714285714286,20.47142857142857,0.0,0,7,8.671428571428573,5,31.46,7
Punjab,Tarn Taran,2015,41,34.47142857142857,21.471428571428568,1.3,0,5,9.671428571428573,4,30.68,7
Punjab,Tarn Taran,2015,42,32.25714285714286,20.571428571428573,15.1,1,4,10.585714285714287,5,25.55,7
Punjab,Tarn Taran,2015,43,30.057142857142857,17.771428571428572,31.0,1,3,11.299999999999999,3,25.0,7
Punjab,Tarn Taran,2015,44,26.7,14.299999999999999,0.6,0,6,9.428571428571429,5,23.24,7
Punjab,Tarn Taran,2015,45,26.414285714285715,14.5,10.8,2,5,9.62857142857143,5,20.24,7
Punjab,Tarn Taran,2015,46,26.071428571428573,14.22857142857143,0.1,0,7,9.242857142857144,5,20.39,7
Punjab,Tarn Taran,2015,47,25.642857142857142,11.0,0.0,0,7,10.514285714285714,5,21.060000000000002,7
Punjab,Tarn Taran,2015,48,24.82857142857143,11.385714285714286,0.2,0,6,9.657142857142857,5,18.240000000000002,7
Punjab,Tarn Taran,2015,49,24.6,13.6,0.0,0,1,7.6,1,2.04,1
Punjab,Tarn Taran,2016,35,33.2,24.775,0.8999999999999999,0,2,9.7,2,18.57,4
Punjab,Tarn Taran,2016,36,35.357142857142854,25.914285714285715,1.4,0,4,9.1,6,35.27,7
Punjab,Tarn Taran,2016,37,35.7,25.3,1.7000000000000002,0,3,9.757142857142856,3,33.16,7
Punjab,Tarn Taran,2016,38,34.82857142857143,25.442857142857143,2.1,1,4,9.971428571428572,4,31.11,7
Punjab,Tarn Taran,2016,39,34.58571428571428,25.114285714285717,0.5,0,6,8.87142857142857,5,29.2,7
Punjab,Tarn Taran,2016,40,34.82857142857143,23.885714285714283,2.0,0,2,10.114285714285714,3,29.81,7
Punjab,Tarn Taran,2016,41,34.18571428571429,18.714285714285715,0.0,0,7,9.985714285714286,4,32.24,7
Punjab,Tarn Taran,2016,42,33.22857142857143,18.785714285714285,0.0,0,7,9.200000000000001,5,29.79,7
Punjab,Tarn Taran,2016,43,31.7,17.52857142857143,0.0,0,7,9.957142857142857,5,27.560000000000002,7
Punjab,Tarn Taran,2016,44,29.657142857142855,16.657142857142855,0.0,0,7,8.714285714285714,5,23.36,7
Punjab,Tarn Taran,2016,45,28.457142857142856,14.12857142857143,0.1,0,7,11.914285714285715,2,24.23,7
Punjab,Tarn Taran,2016,46,27.142857142857142,12.228571428571428,0.0,0,7,10.485714285714286,3,21.96,7
Punjab,Tarn Taran,2016,47,27.2,13.942857142857141,0.0,0,7,11.728571428571428,2,22.03,7
Punjab,Tarn Taran,2016,48,26.433333333333334,11.700000000000001,0.0,0,3,9.766666666666666,2,8.49,3
Punjab,Tarn Taran,2017,35,30.400000000000002,23.766666666666666,26.6,2,0,8.133333333333333,2,9.51,3
Punjab,Tarn Taran,2017,36,32.32857142857143,24.642857142857142,7.3999999999999995,4,3,9.614285714285714,4,28.66,7
Punjab,Tarn Taran,2017,37,33.714285714285715,23.514285714285712,3.0,1,4,9.457142857142857,4,32.69,7
Punjab,Tarn Taran,2017,38,33.98571428571429,22.514285714285712,0.0,0,7,8.371428571428572,6,31.880000000000003,7
Punjab,Tarn Taran,2017,39,34.785714285714285,22.857142857142858,0.0,0,7,8.685714285714285,7,31.79,7
Punjab,Tarn Taran,2017,40,34.75714285714286,21.24285714285714,0.0,0,7,9.971428571428572,3,31.45,7
Punjab,Tarn Taran,2017,41,34.02857142857143,20.957142857142856,0.0,0,7,11.157142857142857,4,28.81,7
Punjab,Tarn Taran,2017,42,32.84285714285714,18.842857142857145,0.0,0,7,10.700000000000001,2,27.31,7
Punjab,Tarn Taran,2017,43,30.542857142857144,16.357142857142858,0.0,0,7,9.285714285714286,5,24.16,7
Punjab,Tarn Taran,2017,44,28.385714285714283,16.071428571428573,0.0,0,7,8.7,7,19.75,7
Punjab,Tarn Taran,2017,45,26.52857142857143,14.671428571428573,0.0,0,7,8.342857142857143,7,17.29,7
Punjab,Tarn Taran,2017,46,23.057142857142857,12.442857142857141,11.2,3,4,10.457142857142857,5,15.17,7
Punjab,Tarn Taran,2017,47,22.657142857142855,8.857142857142858,0.0,0,7,9.971428571428572,3,16.54,7
Punjab,Tarn Taran,2017,48,23.375,8.75,0.0,0,4,10.05,2,8.94,4
Punjab,Tarn Taran,2018,35,33.35,27.1,0.1,0,2,12.0,0,8.469999999999999,2
Punjab,Tarn Taran,2018,36,33.08571428571428,25.928571428571427,19.6,2,2,8.3,6,25.9,7
Punjab,Tarn Taran,2018,37,32.857142857142854,24.357142857142858,4.9,2,3,11.37142857142857,2,29.53,7
Punjab,Tarn Taran,2018,38,32.92857142857143,22.585714285714285,54.1,1,5,11.385714285714286,3,28.64,7
Punjab,Tarn Taran,2018,39,31.157142857142855,21.557142857142857,6.8,1,6,8.8,6,26.54,7
Punjab,Tarn Taran,2018,40,32.07142857142857,19.385714285714283,1.9000000000000001,1,6,10.442857142857141,4,27.89,7
Punjab,Tarn Taran,2018,41,30.457142857142856,18.185714285714287,3.2,1,5,13.37142857142857,2,26.96,7
Punjab,Tarn Taran,2018,42,30.8,16.4,0.0,0,7,10.785714285714286,1,27.25,7
Punjab,Tarn Taran,2018,43,29.957142857142856,15.042857142857143,0.1,0,7,11.057142857142859,2,24.47,7
Punjab,Tarn Taran,2018,44,28.24285714285714,16.82857142857143,7.5,2,5,12.37142857142857,4,21.32,7
Punjab,Tarn Taran,2018,45,25.914285714285715,11.942857142857141,0.0,0,7,10.200000000000001,4,19.59,7
Punjab,Tarn Taran,2018,46,25.042857142857144,12.357142857142858,0.4,0,6,11.185714285714285,3,16.87,7
Punjab,Tarn Taran,2018,47,26.228571428571428,11.528571428571428,0.0,0,7,11.5,0,19.34,7
Punjab,Tarn Taran,2018,48,25.28,11.22,0.0,0,5,9.48,3,11.43,5
