state,district,financial_year,metric,value,unit,source_url,notes
Punjab,Amritsar,2018-19_to_2021-22_cum,crm_machines_happy_seeder,472,machines,https://ppcb.punjab.gov.in/media/documents/FINAL_Action_Plan_Stubble_Burning_29May2022.pdf,"PPCB Action Plan for Control of Stubble Burning 2022, p.27: 'District Wise CRM Machinery provided under Subsidy 2018-19 to 2021-22' (cumulative achievement, machines provided under subsidy)"
Punjab,Amritsar,2018-19_to_2021-22_cum,crm_machines_super_seeder,690,machines,https://ppcb.punjab.gov.in/media/documents/FINAL_Action_Plan_Stubble_Burning_29May2022.pdf,"PPCB Action Plan for Control of Stubble Burning 2022, p.27: 'District Wise CRM Machinery provided under Subsidy 2018-19 to 2021-22' (cumulative achievement, machines provided under subsidy)"
Punjab,Amritsar,2018-19_to_2021-22_cum,crm_machines_paddy_straw_chopper,268,machines,https://ppcb.punjab.gov.in/media/documents/FINAL_Action_Plan_Stubble_Burning_29May2022.pdf,"PPCB Action Plan for Control of Stubble Burning 2022, p.27: 'District Wise CRM Machinery provided under Subsidy 2018-19 to 2021-22' (cumulative achievement, machines provided under subsidy)"
Punjab,Amritsar,2018-19_to_2021-22_cum,crm_machines_mulcher,270,machines,https://ppcb.punjab.gov.in/media/documents/FINAL_Action_Plan_Stubble_Burning_29May2022.pdf,"PPCB Action Plan for Control of Stubble Burning 2022, p.27: 'District Wise CRM Machinery provided under Subsidy 2018-19 to 2021-22' (cumulative achievement, machines provided under subsidy)"
Punjab,Amritsar,2018-19_to_2021-22_cum,crm_machines_rmb_plough,244,machines,https://ppcb.punjab.gov.in/media/documents/FINAL_Action_Plan_Stubble_Burning_29May2022.pdf,"PPCB Action Plan for Control of Stubble Burning 2022, p.27: 'District Wise CRM Machinery provided under Subsidy 2018-19 to 2021-22' (cumulative achievement, machines provided under subsidy)"
Punjab,Amritsar,2018-19_to_2021-22_cum,crm_machines_zero_till_drill,562,machines,https://ppcb.punjab.gov.in/media/documents/FINAL_Action_Plan_Stubble_Burning_29May2022.pdf,"PPCB Action Plan for Control of Stubble Burning 2022, p.27: 'District Wise CRM Machinery provided under Subsidy 2018-19 to 2021-22' (cumulative achievement, machines provided under subsidy)"
Punjab,Amritsar,2018-19_to_2021-22_cum,crm_machines_super_sms,126,machines,https://ppcb.punjab.gov.in/media/documents/FINAL_Action_Plan_Stubble_Burning_29May2022.pdf,"PPCB Action Plan for Control of Stubble Burning 2022, p.27: 'District Wise CRM Machinery provided under Subsidy 2018-19 to 2021-22' (cumulative achievement, machines provided under subsidy)"
Punjab,Amritsar,2018-19_to_2021-22_cum,crm_machines_rotary_slasher,28,machines,https://ppcb.punjab.gov.in/media/documents/FINAL_Action_Plan_Stubble_Burning_29May2022.pdf,"PPCB Action Plan for Control of Stubble Burning 2022, p.27: 'District Wise CRM Machinery provided under Subsidy 2018-19 to 2021-22' (cumulative achievement, machines provided under subsidy)"
Punjab,Amritsar,2018-19_to_2021-22_cum,crm_machines_shrub_master,16,machines,https://ppcb.punjab.gov.in/media/documents/FINAL_Action_Plan_Stubble_Burning_29May2022.pdf,"PPCB Action Plan for Control of Stubble Burning 2022, p.27: 'District Wise CRM Machinery provided under Subsidy 2018-19 to 2021-22' (cumulative achievement, machines provided under subsidy)"
Punjab,Amritsar,2018-19_to_2021-22_cum,crm_machines_cutter_cum_spreader,4,machines,https://ppcb.punjab.gov.in/media/documents/FINAL_Action_Plan_Stubble_Burning_29May2022.pdf,"PPCB Action Plan for Control of Stubble Burning 2022, p.27: 'District Wise CRM Machinery provided under Subsidy 2018-19 to 2021-22' (cumulative achievement, machines provided under subsidy)"
Punjab,Amritsar,2018-19_to_2021-22_cum,crm_machines_rotavator,185,machines,https://ppcb.punjab.gov.in/media/documents/FINAL_Action_Plan_Stubble_Burning_29May2022.pdf,"PPCB Action Plan for Control of Stubble Burning 2022, p.27: 'District Wise CRM Machinery provided under Subsidy 2018-19 to 2021-22' (cumulative achievement, machines provided under subsidy)"
Punjab,Amritsar,2018-19_to_2021-22_cum,crm_machines_baler,9,machines,https://ppcb.punjab.gov.in/media/documents/FINAL_Action_Plan_Stubble_Burning_29May2022.pdf,"PPCB Action Plan for Control of Stubble Burning 2022, p.27: 'District Wise CRM Machinery provided under Subsidy 2018-19 to 2021-22' (cumulative achievement, machines provided under subsidy)"
Punjab,Amritsar,2018-19_to_2021-22_cum,crm_machines_rake,6,machines,https://ppcb.punjab.gov.in/media/documents/FINAL_Action_Plan_Stubble_Burning_29May2022.pdf,"PPCB Action Plan for Control of Stubble Burning 2022, p.27: 'District Wise CRM Machinery provided under Subsidy 2018-19 to 2021-22' (cumulative achievement, machines provided under subsidy)"
Punjab,Amritsar,2018-19_to_2021-22_cum,crm_machines_crop_reaper_reaper_binder,0,machines,https://ppcb.punjab.gov.in/media/documents/FINAL_Action_Plan_Stubble_Burning_29May2022.pdf,"PPCB Action Plan for Control of Stubble Burning 2022, p.27: 'District Wise CRM Machinery provided under Subsidy 2018-19 to 2021-22' (cumulative achievement, machines provided under subsidy)"
Punjab,Amritsar,2018-19_to_2021-22_cum,crm_machines_total,2880,machines,https://ppcb.punjab.gov.in/media/documents/FINAL_Action_Plan_Stubble_Burning_29May2022.pdf,"PPCB Action Plan for Control of Stubble Burning 2022, p.27: 'District Wise CRM Machinery provided under Subsidy 2018-19 to 2021-22' (cumulative achievement, machines provided under subsidy)"
Punjab,Barnala,2018-19_to_2021-22_cum,crm_machines_happy_seeder,876,machines,https://ppcb.punjab.gov.in/media/documents/FINAL_Action_Plan_Stubble_Burning_29May2022.pdf,"PPCB Action Plan for Control of Stubble Burning 2022, p.27: 'District Wise CRM Machinery provided under Subsidy 2018-19 to 2021-22' (cumulative achievement, machines provided under subsidy)"
Punjab,Barnala,2018-19_to_2021-22_cum,crm_machines_super_seeder,1580,machines,https://ppcb.punjab.gov.in/media/documents/FINAL_Action_Plan_Stubble_Burning_29May2022.pdf,"PPCB Action Plan for Control of Stubble Burning 2022, p.27: 'District Wise CRM Machinery provided under Subsidy 2018-19 to 2021-22' (cumulative achievement, machines provided under subsidy)"
Punjab,Barnala,2018-19_to_2021-22_cum,crm_machines_paddy_straw_chopper,540,machines,https://ppcb.punjab.gov.in/media/documents/FINAL_Action_Plan_Stubble_Burning_29May2022.pdf,"PPCB Action Plan for Control of Stubble Burning 2022, p.27: 'District Wise CRM Machinery provided under Subsidy 2018-19 to 2021-22' (cumulative achievement, machines provided under subsidy)"
Punjab,Barnala,2018-19_to_2021-22_cum,crm_machines_mulcher,84,machines,https://ppcb.punjab.gov.in/media/documents/FINAL_Action_Plan_Stubble_Burning_29May2022.pdf,"PPCB Action Plan for Control of Stubble Burning 2022, p.27: 'District Wise CRM Machinery provided under Subsidy 2018-19 to 2021-22' (cumulative achievement, machines provided under subsidy)"
Punjab,Barnala,2018-19_to_2021-22_cum,crm_machines_rmb_plough,229,machines,https://ppcb.punjab.gov.in/media/documents/FINAL_Action_Plan_Stubble_Burning_29May2022.pdf,"PPCB Action Plan for Control of Stubble Burning 2022, p.27: 'District Wise CRM Machinery provided under Subsidy 2018-19 to 2021-22' (cumulative achievement, machines provided under subsidy)"
Punjab,Barnala,2018-19_to_2021-22_cum,crm_machines_zero_till_drill,866,machines,https://ppcb.punjab.gov.in/media/documents/FINAL_Action_Plan_Stubble_Burning_29May2022.pdf,"PPCB Action Plan for Control of Stubble Burning 2022, p.27: 'District Wise CRM Machinery provided under Subsidy 2018-19 to 2021-22' (cumulative achievement, machines provided under subsidy)"
Punjab,Barnala,2018-19_to_2021-22_cum,crm_machines_super_sms,345,machines,https://ppcb.punjab.gov.in/media/documents/FINAL_Action_Plan_Stubble_Burning_29May2022.pdf,"PPCB Action Plan for Control of Stubble Burning 2022, p.27: 'District Wise CRM Machinery provided under Subsidy 2018-19 to 2021-22' (cumulative achievement, machines provided under subsidy)"
Punjab,Barnala,2018-19_to_2021-22_cum,crm_machines_rotary_slasher,16,machines,https://ppcb.punjab.gov.in/media/documents/FINAL_Action_Plan_Stubble_Burning_29May2022.pdf,"PPCB Action Plan for Control of Stubble Burning 2022, p.27: 'District Wise CRM Machinery provided under Subsidy 2018-19 to 2021-22' (cumulative achievement, machines provided under subsidy)"
Punjab,Barnala,2018-19_to_2021-22_cum,crm_machines_shrub_master,0,machines,https://ppcb.punjab.gov.in/media/documents/FINAL_Action_Plan_Stubble_Burning_29May2022.pdf,"PPCB Action Plan for Control of Stubble Burning 2022, p.27: 'District Wise CRM Machinery provided under Subsidy 2018-19 to 2021-22' (cumulative achievement, machines provided under subsidy)"
Punjab,Barnala,2018-19_to_2021-22_cum,crm_machines_cutter_cum_spreader,0,machines,https://ppcb.punjab.gov.in/media/documents/FINAL_Action_Plan_Stubble_Burning_29May2022.pdf,"PPCB Action Plan for Control of Stubble Burning 2022, p.27: 'District Wise CRM Machinery provided under Subsidy 2018-19 to 2021-22' (cumulative achievement, machines provided under subsidy)"
Punjab,Barnala,2018-19_to_2021-22_cum,crm_machines_rotavator,252,machines,https://ppcb.punjab.gov.in/media/documents/FINAL_Action_Plan_Stubble_Burning_29May2022.pdf,"PPCB Action Plan for Control of Stubble Burning 2022, p.27: 'District Wise CRM Machinery provided under Subsidy 2018-19 to 2021-22' (cumulative achievement, machines provided under subsidy)"
Punjab,Barnala,2018-19_to_2021-22_cum,crm_machines_baler,10,machines,https://ppcb.punjab.gov.in/media/documents/FINAL_Action_Plan_Stubble_Burning_29May2022.pdf,"PPCB Action Plan for Control of Stubble Burning 2022, p.27: 'District Wise CRM Machinery provided under Subsidy 2018-19 to 2021-22' (cumulative achievement, machines provided under subsidy)"
Punjab,Barnala,2018-19_to_2021-22_cum,crm_machines_rake,9,machines,https://ppcb.punjab.gov.in/media/documents/FINAL_Action_Plan_Stubble_Burning_29May2022.pdf,"PPCB Action Plan for Control of Stubble Burning 2022, p.27: 'District Wise CRM Machinery provided under Subsidy 2018-19 to 2021-22' (cumulative achievement, machines provided under subsidy)"
Punjab,Barnala,2018-19_to_2021-22_cum,crm_machines_crop_reaper_reaper_binder,0,machines,https://ppcb.punjab.gov.in/media/documents/FINAL_Action_Plan_Stubble_Burning_29May2022.pdf,"PPCB Action Plan for Control of Stubble Burning 2022, p.27: 'District Wise CRM Machinery provided under Subsidy 2018-19 to 2021-22' (cumulative achievement, machines provided under subsidy)"
Punjab,Barnala,2018-19_to_2021-22_cum,crm_machines_total,4807,machines,https://ppcb.punjab.gov.in/media/documents/FINAL_Action_Plan_Stubble_Burning_29May2022.pdf,"PPCB Action Plan for Control of Stubble Burning 2022, p.27: 'District Wise CRM Machinery provided under Subsidy 2018-19 to 2021-22' (cumulative achievement, machines provided under subsidy)"
Punjab,Bathinda,2018-19_to_2021-22_cum,crm_machines_happy_seeder,1192,machines,https://ppcb.punjab.gov.in/media/documents/FINAL_Action_Plan_Stubble_Burning_29May2022.pdf,"PPCB Action Plan for Control of Stubble Burning 2022, p.27: 'District Wise CRM Machinery provided under Subsidy 2018-19 to 2021-22' (cumulative achievement, machines provided under subsidy)"
Punjab,Bathinda,2018-19_to_2021-22_cum,crm_machines_super_seeder,1785,machines,https://ppcb.punjab.gov.in/media/documents/FINAL_Action_Plan_Stubble_Burning_29May2022.pdf,"PPCB Action Plan for Control of Stubble Burning 2022, p.27: 'District Wise CRM Machinery provided under Subsidy 2018-19 to 2021-22' (cumulative achievement, machines provided under subsidy)"
Punjab,Bathinda,2018-19_to_2021-22_cum,crm_machines_paddy_straw_chopper,874,machines,https://ppcb.punjab.gov.in/media/documents/FINAL_Action_Plan_Stubble_Burning_29May2022.pdf,"PPCB Action Plan for Control of Stubble Burning 2022, p.27: 'District Wise CRM Machinery provided under Subsidy 2018-19 to 2021-22' (cumulative achievement, machines provided under subsidy)"
Punjab,Bathinda,2018-19_to_2021-22_cum,crm_machines_mulcher,136,machines,https://ppcb.punjab.gov.in/media/documents/FINAL_Action_Plan_Stubble_Burning_29May2022.pdf,"PPCB Action Plan for Control of Stubble Burning 2022, p.27: 'District Wise CRM Machinery provided under Subsidy 2018-19 to 2021-22' (cumulative achievement, machines provided under subsidy)"
Punjab,Bathinda,2018-19_to_2021-22_cum,crm_machines_rmb_plough,438,machines,https://ppcb.punjab.gov.in/media/documents/FINAL_Action_Plan_Stubble_Burning_29May2022.pdf,"PPCB Action Plan for Control of Stubble Burning 2022, p.27: 'District Wise CRM Machinery provided under Subsidy 2018-19 to 2021-22' (cumulative achievement, machines provided under subsidy)"
Punjab,Bathinda,2018-19_to_2021-22_cum,crm_machines_zero_till_drill,1550,machines,https://ppcb.punjab.gov.in/media/documents/FINAL_Action_Plan_Stubble_Burning_29May2022.pdf,"PPCB Action Plan for Control of Stubble Burning 2022, p.27: 'District Wise CRM Machinery provided under Subsidy 2018-19 to 2021-22' (cumulative achievement, machines provided under subsidy)"
Punjab,Bathinda,2018-19_to_2021-22_cum,crm_machines_super_sms,362,machines,https://ppcb.punjab.gov.in/media/documents/FINAL_Action_Plan_Stubble_Burning_29May2022.pdf,"PPCB Action Plan for Control of Stubble Burning 2022, p.27: 'District Wise CRM Machinery provided under Subsidy 2018-19 to 2021-22' (cumulative achievement, machines provided under subsidy)"
Punjab,Bathinda,2018-19_to_2021-22_cum,crm_machines_rotary_slasher,16,machines,https://ppcb.punjab.gov.in/media/documents/FINAL_Action_Plan_Stubble_Burning_29May2022.pdf,"PPCB Action Plan for Control of Stubble Burning 2022, p.27: 'District Wise CRM Machinery provided under Subsidy 2018-19 to 2021-22' (cumulative achievement, machines provided under subsidy)"
Punjab,Bathinda,2018-19_to_2021-22_cum,crm_machines_shrub_master,0,machines,https://ppcb.punjab.gov.in/media/documents/FINAL_Action_Plan_Stubble_Burning_29May2022.pdf,"PPCB Action Plan for Control of Stubble Burning 2022, p.27: 'District Wise CRM Machinery provided under Subsidy 2018-19 to 2021-22' (cumulative achievement, machines provided under subsidy)"
Punjab,Bathinda,2018-19_to_2021-22_cum,crm_machines_cutter_cum_spreader,68,machines,https://ppcb.punjab.gov.in/media/documents/FINAL_Action_Plan_Stubble_Burning_29May2022.pdf,"PPCB Action Plan for Control of Stubble Burning 2022, p.27: 'District Wise CRM Machinery provided under Subsidy 2018-19 to 2021-22' (cumulative achievement, machines provided under subsidy)"
Punjab,Bathinda,2018-19_to_2021-22_cum,crm_machines_rotavator,133,machines,https://ppcb.punjab.gov.in/media/documents/FINAL_Action_Plan_Stubble_Burning_29May2022.pdf,"PPCB Action Plan for Control of Stubble Burning 2022, p.27: 'District Wise CRM Machinery provided under Subsidy 2018-19 to 2021-22' (cumulative achievement, machines provided under subsidy)"
Punjab,Bathinda,2018-19_to_2021-22_cum,crm_machines_baler,16,machines,https://ppcb.punjab.gov.in/media/documents/FINAL_Action_Plan_Stubble_Burning_29May2022.pdf,"PPCB Action Plan for Control of Stubble Burning 2022, p.27: 'District Wise CRM Machinery provided under Subsidy 2018-19 to 2021-22' (cumulative achievement, machines provided under subsidy)"
Punjab,Bathinda,2018-19_to_2021-22_cum,crm_machines_rake,16,machines,https://ppcb.punjab.gov.in/media/documents/FINAL_Action_Plan_Stubble_Burning_29May2022.pdf,"PPCB Action Plan for Control of Stubble Burning 2022, p.27: 'District Wise CRM Machinery provided under Subsidy 2018-19 to 2021-22' (cumulative achievement, machines provided under subsidy)"
Punjab,Bathinda,2018-19_to_2021-22_cum,crm_machines_crop_reaper_reaper_binder,0,machines,https://ppcb.punjab.gov.in/media/documents/FINAL_Action_Plan_Stubble_Burning_29May2022.pdf,"PPCB Action Plan for Control of Stubble Burning 2022, p.27: 'District Wise CRM Machinery provided under Subsidy 2018-19 to 2021-22' (cumulative achievement, machines provided under subsidy)"
Punjab,Bathinda,2018-19_to_2021-22_cum,crm_machines_total,6586,machines,https://ppcb.punjab.gov.in/media/documents/FINAL_Action_Plan_Stubble_Burning_29May2022.pdf,"PPCB Action Plan for Control of Stubble Burning 2022, p.27: 'District Wise CRM Machinery provided under Subsidy 2018-19 to 2021-22' (cumulative achievement, machines provided under subsidy)"
Punjab,Faridkot,2018-19_to_2021-22_cum,crm_machines_happy_seeder,569,machines,https://ppcb.punjab.gov.in/media/documents/FINAL_Action_Plan_Stubble_Burning_29May2022.pdf,"PPCB Action Plan for Control of Stubble Burning 2022, p.27: 'District Wise CRM Machinery provided under Subsidy 2018-19 to 2021-22' (cumulative achievement, machines provided under subsidy)"
Punjab,Faridkot,2018-19_to_2021-22_cum,crm_machines_super_seeder,1241,machines,https://ppcb.punjab.gov.in/media/documents/FINAL_Action_Plan_Stubble_Burning_29May2022.pdf,"PPCB Action Plan for Control of Stubble Burning 2022, p.27: 'District Wise CRM Machinery provided under Subsidy 2018-19 to 2021-22' (cumulative achievement, machines provided under subsidy)"
Punjab,Faridkot,2018-19_to_2021-22_cum,crm_machines_paddy_straw_chopper,333,machines,https://ppcb.punjab.gov.in/media/documents/FINAL_Action_Plan_Stubble_Burning_29May2022.pdf,"PPCB Action Plan for Control of Stubble Burning 2022, p.27: 'District Wise CRM Machinery provided under Subsidy 2018-19 to 2021-22' (cumulative achievement, machines provided under subsidy)"
Punjab,Faridkot,2018-19_to_2021-22_cum,crm_machines_mulcher,167,machines,https://ppcb.punjab.gov.in/media/documents/FINAL_Action_Plan_Stubble_Burning_29May2022.pdf,"PPCB Action Plan for Control of Stubble Burning 2022, p.27: 'District Wise CRM Machinery provided under Subsidy 2018-19 to 2021-22' (cumulative achievement, machines provided under subsidy)"
Punjab,Faridkot,2018-19_to_2021-22_cum,crm_machines_rmb_plough,424,machines,https://ppcb.punjab.gov.in/media/documents/FINAL_Action_Plan_Stubble_Burning_29May2022.pdf,"PPCB Action Plan for Control of Stubble Burning 2022, p.27: 'District Wise CRM Machinery provided under Subsidy 2018-19 to 2021-22' (cumulative achievement, machines provided under subsidy)"
Punjab,Faridkot,2018-19_to_2021-22_cum,crm_machines_zero_till_drill,1027,machines,https://ppcb.punjab.gov.in/media/documents/FINAL_Action_Plan_Stubble_Burning_29May2022.pdf,"PPCB Action Plan for Control of Stubble Burning 2022, p.27: 'District Wise CRM Machinery provided under Subsidy 2018-19 to 2021-22' (cumulative achievement, machines provided under subsidy)"
Punjab,Faridkot,2018-19_to_2021-22_cum,crm_machines_super_sms,146,machines,https://ppcb.punjab.gov.in/media/documents/FINAL_Action_Plan_Stubble_Burning_29May2022.pdf,"PPCB Action Plan for Control of Stubble Burning 2022, p.27: 'District Wise CRM Machinery provided under Subsidy 2018-19 to 2021-22' (cumulative achievement, machines provided under subsidy)"
Punjab,Faridkot,2018-19_to_2021-22_cum,crm_machines_rotary_slasher,71,machines,https://ppcb.punjab.gov.in/media/documents/FINAL_Action_Plan_Stubble_Burning_29May2022.pdf,"PPCB Action Plan for Control of Stubble Burning 2022, p.27: 'District Wise CRM Machinery provided under Subsidy 2018-19 to 2021-22' (cumulative achievement, machines provided under subsidy)"
Punjab,Faridkot,2018-19_to_2021-22_cum,crm_machines_shrub_master,0,machines,https://ppcb.punjab.gov.in/media/documents/FINAL_Action_Plan_Stubble_Burning_29May2022.pdf,"PPCB Action Plan for Control of Stubble Burning 2022, p.27: 'District Wise CRM Machinery provided under Subsidy 2018-19 to 2021-22' (cumulative achievement, machines provided under subsidy)"
Punjab,Faridkot,2018-19_to_2021-22_cum,crm_machines_cutter_cum_spreader,160,machines,https://ppcb.punjab.gov.in/media/documents/FINAL_Action_Plan_Stubble_Burning_29May2022.pdf,"PPCB Action Plan for Control of Stubble Burning 2022, p.27: 'District Wise CRM Machinery provided under Subsidy 2018-19 to 2021-22' (cumulative achievement, machines provided under subsidy)"
Punjab,Faridkot,2018-19_to_2021-22_cum,crm_machines_rotavator,204,machines,https://ppcb.punjab.gov.in/media/documents/FINAL_Action_Plan_Stubble_Burning_29May2022.pdf,"PPCB Action Plan for Control of Stubble Burning 2022, p.27: 'District Wise CRM Machinery provided under Subsidy 2018-19 to 2021-22' (cumulative achievement, machines provided under subsidy)"
Punjab,Faridkot,2018-19_to_2021-22_cum,crm_machines_baler,23,machines,https://ppcb.punjab.gov.in/media/documents/FINAL_Action_Plan_Stubble_Burning_29May2022.pdf,"PPCB Action Plan for Control of Stubble Burning 2022, p.27: 'District Wise CRM Machinery provided under Subsidy 2018-19 to 2021-22' (cumulative achievement, machines provided under subsidy)"
Punjab,Faridkot,2018-19_to_2021-22_cum,crm_machines_rake,17,machines,https://ppcb.punjab.gov.in/media/documents/FINAL_Action_Plan_Stubble_Burning_29May2022.pdf,"PPCB Action Plan for Control of Stubble Burning 2022, p.27: 'District Wise CRM Machinery provided under Subsidy 2018-19 to 2021-22' (cumulative achievement, machines provided under subsidy)"
Punjab,Faridkot,2018-19_to_2021-22_cum,crm_machines_crop_reaper_reaper_binder,0,machines,https://ppcb.punjab.gov.in/media/documents/FINAL_Action_Plan_Stubble_Burning_29May2022.pdf,"PPCB Action Plan for Control of Stubble Burning 2022, p.27: 'District Wise CRM Machinery provided under Subsidy 2018-19 to 2021-22' (cumulative achievement, machines provided under subsidy)"
Punjab,Faridkot,2018-19_to_2021-22_cum,crm_machines_total,4382,machines,https://ppcb.punjab.gov.in/media/documents/FINAL_Action_Plan_Stubble_Burning_29May2022.pdf,"PPCB Action Plan for Control of Stubble Burning 2022, p.27: 'District Wise CRM Machinery provided under Subsidy 2018-19 to 2021-22' (cumulative achievement, machines provided under subsidy)"
Punjab,Fatehgarh Sahib,2018-19_to_2021-22_cum,crm_machines_happy_seeder,293,machines,https://ppcb.punjab.gov.in/media/documents/FINAL_Action_Plan_Stubble_Burning_29May2022.pdf,"PPCB Action Plan for Control of Stubble Burning 2022, p.27: 'District Wise CRM Machinery provided under Subsidy 2018-19 to 2021-22' (cumulative achievement, machines provided under subsidy)"
Punjab,Fatehgarh Sahib,2018-19_to_2021-22_cum,crm_machines_super_seeder,498,machines,https://ppcb.punjab.gov.in/media/documents/FINAL_Action_Plan_Stubble_Burning_29May2022.pdf,"PPCB Action Plan for Control of Stubble Burning 2022, p.27: 'District Wise CRM Machinery provided under Subsidy 2018-19 to 2021-22' (cumulative achievement, machines provided under subsidy)"
Punjab,Fatehgarh Sahib,2018-19_to_2021-22_cum,crm_machines_paddy_straw_chopper,200,machines,https://ppcb.punjab.gov.in/media/documents/FINAL_Action_Plan_Stubble_Burning_29May2022.pdf,"PPCB Action Plan for Control of Stubble Burning 2022, p.27: 'District Wise CRM Machinery provided under Subsidy 2018-19 to 2021-22' (cumulative achievement, machines provided under subsidy)"
Punjab,Fatehgarh Sahib,2018-19_to_2021-22_cum,crm_machines_mulcher,276,machines,https://ppcb.punjab.gov.in/media/documents/FINAL_Action_Plan_Stubble_Burning_29May2022.pdf,"PPCB Action Plan for Control of Stubble Burning 2022, p.27: 'District Wise CRM Machinery provided under Subsidy 2018-19 to 2021-22' (cumulative achievement, machines provided under subsidy)"
Punjab,Fatehgarh Sahib,2018-19_to_2021-22_cum,crm_machines_rmb_plough,230,machines,https://ppcb.punjab.gov.in/media/documents/FINAL_Action_Plan_Stubble_Burning_29May2022.pdf,"PPCB Action Plan for Control of Stubble Burning 2022, p.27: 'District Wise CRM Machinery provided under Subsidy 2018-19 to 2021-22' (cumulative achievement, machines provided under subsidy)"
Punjab,Fatehgarh Sahib,2018-19_to_2021-22_cum,crm_machines_zero_till_drill,167,machines,https://ppcb.punjab.gov.in/media/documents/FINAL_Action_Plan_Stubble_Burning_29May2022.pdf,"PPCB Action Plan for Control of Stubble Burning 2022, p.27: 'District Wise CRM Machinery provided under Subsidy 2018-19 to 2021-22' (cumulative achievement, machines provided under subsidy)"
Punjab,Fatehgarh Sahib,2018-19_to_2021-22_cum,crm_machines_super_sms,337,machines,https://ppcb.punjab.gov.in/media/documents/FINAL_Action_Plan_Stubble_Burning_29May2022.pdf,"PPCB Action Plan for Control of Stubble Burning 2022, p.27: 'District Wise CRM Machinery provided under Subsidy 2018-19 to 2021-22' (cumulative achievement, machines provided under subsidy)"
Punjab,Fatehgarh Sahib,2018-19_to_2021-22_cum,crm_machines_rotary_slasher,10,machines,https://ppcb.punjab.gov.in/media/documents/FINAL_Action_Plan_Stubble_Burning_29May2022.pdf,"PPCB Action Plan for Control of Stubble Burning 2022, p.27: 'District Wise CRM Machinery provided under Subsidy 2018-19 to 2021-22' (cumulative achievement, machines provided under subsidy)"
Punjab,Fatehgarh Sahib,2018-19_to_2021-22_cum,crm_machines_shrub_master,6,machines,https://ppcb.punjab.gov.in/media/documents/FINAL_Action_Plan_Stubble_Burning_29May2022.pdf,"PPCB Action Plan for Control of Stubble Burning 2022, p.27: 'District Wise CRM Machinery provided under Subsidy 2018-19 to 2021-22' (cumulative achievement, machines provided under subsidy)"
Punjab,Fatehgarh Sahib,2018-19_to_2021-22_cum,crm_machines_cutter_cum_spreader,0,machines,https://ppcb.punjab.gov.in/media/documents/FINAL_Action_Plan_Stubble_Burning_29May2022.pdf,"PPCB Action Plan for Control of Stubble Burning 2022, p.27: 'District Wise CRM Machinery provided under Subsidy 2018-19 to 2021-22' (cumulative achievement, machines provided under subsidy)"
Punjab,Fatehgarh Sahib,2018-19_to_2021-22_cum,crm_machines_rotavator,225,machines,https://ppcb.punjab.gov.in/media/documents/FINAL_Action_Plan_Stubble_Burning_29May2022.pdf,"PPCB Action Plan for Control of Stubble Burning 2022, p.27: 'District Wise CRM Machinery provided under Subsidy 2018-19 to 2021-22' (cumulative achievement, machines provided under subsidy)"
Punjab,Fatehgarh Sahib,2018-19_to_2021-22_cum,crm_machines_baler,14,machines,https://ppcb.punjab.gov.in/media/documents/FINAL_Action_Plan_Stubble_Burning_29May2022.pdf,"PPCB Action Plan for Control of Stubble Burning 2022, p.27: 'District Wise CRM Machinery provided under Subsidy 2018-19 to 2021-22' (cumulative achievement, machines provided under subsidy)"
Punjab,Fatehgarh Sahib,2018-19_to_2021-22_cum,crm_machines_rake,12,machines,https://ppcb.punjab.gov.in/media/documents/FINAL_Action_Plan_Stubble_Burning_29May2022.pdf,"PPCB Action Plan for Control of Stubble Burning 2022, p.27: 'District Wise CRM Machinery provided under Subsidy 2018-19 to 2021-22' (cumulative achievement, machines provided under subsidy)"
Punjab,Fatehgarh Sahib,2018-19_to_2021-22_cum,crm_machines_crop_reaper_reaper_binder,0,machines,https://ppcb.punjab.gov.in/media/documents/FINAL_Action_Plan_Stubble_Burning_29May2022.pdf,"PPCB Action Plan for Control of Stubble Burning 2022, p.27: 'District Wise CRM Machinery provided under Subsidy 2018-19 to 2021-22' (cumulative achievement, machines provided under subsidy)"
Punjab,Fatehgarh Sahib,2018-19_to_2021-22_cum,crm_machines_total,2268,machines,https://ppcb.punjab.gov.in/media/documents/FINAL_Action_Plan_Stubble_Burning_29May2022.pdf,"PPCB Action Plan for Control of Stubble Burning 2022, p.27: 'District Wise CRM Machinery provided under Subsidy 2018-19 to 2021-22' (cumulative achievement, machines provided under subsidy)"
Punjab,Fazilka,2018-19_to_2021-22_cum,crm_machines_happy_seeder,422,machines,https://ppcb.punjab.gov.in/media/documents/FINAL_Action_Plan_Stubble_Burning_29May2022.pdf,"PPCB Action Plan for Control of Stubble Burning 2022, p.27: 'District Wise CRM Machinery provided under Subsidy 2018-19 to 2021-22' (cumulative achievement, machines provided under subsidy)"
Punjab,Fazilka,2018-19_to_2021-22_cum,crm_machines_super_seeder,1790,machines,https://ppcb.punjab.gov.in/media/documents/FINAL_Action_Plan_Stubble_Burning_29May2022.pdf,"PPCB Action Plan for Control of Stubble Burning 2022, p.27: 'District Wise CRM Machinery provided under Subsidy 2018-19 to 2021-22' (cumulative achievement, machines provided under subsidy)"
Punjab,Fazilka,2018-19_to_2021-22_cum,crm_machines_paddy_straw_chopper,420,machines,https://ppcb.punjab.gov.in/media/documents/FINAL_Action_Plan_Stubble_Burning_29May2022.pdf,"PPCB Action Plan for Control of Stubble Burning 2022, p.27: 'District Wise CRM Machinery provided under Subsidy 2018-19 to 2021-22' (cumulative achievement, machines provided under subsidy)"
Punjab,Fazilka,2018-19_to_2021-22_cum,crm_machines_mulcher,248,machines,https://ppcb.punjab.gov.in/media/documents/FINAL_Action_Plan_Stubble_Burning_29May2022.pdf,"PPCB Action Plan for Control of Stubble Burning 2022, p.27: 'District Wise CRM Machinery provided under Subsidy 2018-19 to 2021-22' (cumulative achievement, machines provided under subsidy)"
Punjab,Fazilka,2018-19_to_2021-22_cum,crm_machines_rmb_plough,401,machines,https://ppcb.punjab.gov.in/media/documents/FINAL_Action_Plan_Stubble_Burning_29May2022.pdf,"PPCB Action Plan for Control of Stubble Burning 2022, p.27: 'District Wise CRM Machinery provided under Subsidy 2018-19 to 2021-22' (cumulative achievement, machines provided under subsidy)"
Punjab,Fazilka,2018-19_to_2021-22_cum,crm_machines_zero_till_drill,1222,machines,https://ppcb.punjab.gov.in/media/documents/FINAL_Action_Plan_Stubble_Burning_29May2022.pdf,"PPCB Action Plan for Control of Stubble Burning 2022, p.27: 'District Wise CRM Machinery provided under Subsidy 2018-19 to 2021-22' (cumulative achievement, machines provided under subsidy)"
Punjab,Fazilka,2018-19_to_2021-22_cum,crm_machines_super_sms,117,machines,https://ppcb.punjab.gov.in/media/documents/FINAL_Action_Plan_Stubble_Burning_29May2022.pdf,"PPCB Action Plan for Control of Stubble Burning 2022, p.27: 'District Wise CRM Machinery provided under Subsidy 2018-19 to 2021-22' (cumulative achievement, machines provided under subsidy)"
Punjab,Fazilka,2018-19_to_2021-22_cum,crm_machines_rotary_slasher,149,machines,https://ppcb.punjab.gov.in/media/documents/FINAL_Action_Plan_Stubble_Burning_29May2022.pdf,"PPCB Action Plan for Control of Stubble Burning 2022, p.27: 'District Wise CRM Machinery provided under Subsidy 2018-19 to 2021-22' (cumulative achievement, machines provided under subsidy)"
Punjab,Fazilka,2018-19_to_2021-22_cum,crm_machines_shrub_master,10,machines,https://ppcb.punjab.gov.in/media/documents/FINAL_Action_Plan_Stubble_Burning_29May2022.pdf,"PPCB Action Plan for Control of Stubble Burning 2022, p.27: 'District Wise CRM Machinery provided under Subsidy 2018-19 to 2021-22' (cumulative achievement, machines provided under subsidy)"
Punjab,Fazilka,2018-19_to_2021-22_cum,crm_machines_cutter_cum_spreader,44,machines,https://ppcb.punjab.gov.in/media/documents/FINAL_Action_Plan_Stubble_Burning_29May2022.pdf,"PPCB Action Plan for Control of Stubble Burning 2022, p.27: 'District Wise CRM Machinery provided under Subsidy 2018-19 to 2021-22' (cumulative achievement, machines provided under subsidy)"
Punjab,Fazilka,2018-19_to_2021-22_cum,crm_machines_rotavator,103,machines,https://ppcb.punjab.gov.in/media/documents/FINAL_Action_Plan_Stubble_Burning_29May2022.pdf,"PPCB Action Plan for Control of Stubble Burning 2022, p.27: 'District Wise CRM Machinery provided under Subsidy 2018-19 to 2021-22' (cumulative achievement, machines provided under subsidy)"
Punjab,Fazilka,2018-19_to_2021-22_cum,crm_machines_baler,21,machines,https://ppcb.punjab.gov.in/media/documents/FINAL_Action_Plan_Stubble_Burning_29May2022.pdf,"PPCB Action Plan for Control of Stubble Burning 2022, p.27: 'District Wise CRM Machinery provided under Subsidy 2018-19 to 2021-22' (cumulative achievement, machines provided under subsidy)"
Punjab,Fazilka,2018-19_to_2021-22_cum,crm_machines_rake,21,machines,https://ppcb.punjab.gov.in/media/documents/FINAL_Action_Plan_Stubble_Burning_29May2022.pdf,"PPCB Action Plan for Control of Stubble Burning 2022, p.27: 'District Wise CRM Machinery provided under Subsidy 2018-19 to 2021-22' (cumulative achievement, machines provided under subsidy)"
Punjab,Fazilka,2018-19_to_2021-22_cum,crm_machines_crop_reaper_reaper_binder,0,machines,https://ppcb.punjab.gov.in/media/documents/FINAL_Action_Plan_Stubble_Burning_29May2022.pdf,"PPCB Action Plan for Control of Stubble Burning 2022, p.27: 'District Wise CRM Machinery provided under Subsidy 2018-19 to 2021-22' (cumulative achievement, machines provided under subsidy)"
Punjab,Fazilka,2018-19_to_2021-22_cum,crm_machines_total,4968,machines,https://ppcb.punjab.gov.in/media/documents/FINAL_Action_Plan_Stubble_Burning_29May2022.pdf,"PPCB Action Plan for Control of Stubble Burning 2022, p.27: 'District Wise CRM Machinery provided under Subsidy 2018-19 to 2021-22' (cumulative achievement, machines provided under subsidy)"
Punjab,Ferozepur,2018-19_to_2021-22_cum,crm_machines_happy_seeder,807,machines,https://ppcb.punjab.gov.in/media/documents/FINAL_Action_Plan_Stubble_Burning_29May2022.pdf,"PPCB Action Plan for Control of Stubble Burning 2022, p.27: 'District Wise CRM Machinery provided under Subsidy 2018-19 to 2021-22' (cumulative achievement, machines provided under subsidy)"
Punjab,Ferozepur,2018-19_to_2021-22_cum,crm_machines_super_seeder,1503,machines,https://ppcb.punjab.gov.in/media/documents/FINAL_Action_Plan_Stubble_Burning_29May2022.pdf,"PPCB Action Plan for Control of Stubble Burning 2022, p.27: 'District Wise CRM Machinery provided under Subsidy 2018-19 to 2021-22' (cumulative achievement, machines provided under subsidy)"
Punjab,Ferozepur,2018-19_to_2021-22_cum,crm_machines_paddy_straw_chopper,663,machines,https://ppcb.punjab.gov.in/media/documents/FINAL_Action_Plan_Stubble_Burning_29May2022.pdf,"PPCB Action Plan for Control of Stubble Burning 2022, p.27: 'District Wise CRM Machinery provided under Subsidy 2018-19 to 2021-22' (cumulative achievement, machines provided under subsidy)"
Punjab,Ferozepur,2018-19_to_2021-22_cum,crm_machines_mulcher,384,machines,https://ppcb.punjab.gov.in/media/documents/FINAL_Action_Plan_Stubble_Burning_29May2022.pdf,"PPCB Action Plan for Control of Stubble Burning 2022, p.27: 'District Wise CRM Machinery provided under Subsidy 2018-19 to 2021-22' (cumulative achievement, machines provided under subsidy)"
Punjab,Ferozepur,2018-19_to_2021-22_cum,crm_machines_rmb_plough,509,machines,https://ppcb.punjab.gov.in/media/documents/FINAL_Action_Plan_Stubble_Burning_29May2022.pdf,"PPCB Action Plan for Control of Stubble Burning 2022, p.27: 'District Wise CRM Machinery provided under Subsidy 2018-19 to 2021-22' (cumulative achievement, machines provided under subsidy)"
Punjab,Ferozepur,2018-19_to_2021-22_cum,crm_machines_zero_till_drill,1641,machines,https://ppcb.punjab.gov.in/media/documents/FINAL_Action_Plan_Stubble_Burning_29May2022.pdf,"PPCB Action Plan for Control of Stubble Burning 2022, p.27: 'District Wise CRM Machinery provided under Subsidy 2018-19 to 2021-22' (cumulative achievement, machines provided under subsidy)"
Punjab,Ferozepur,2018-19_to_2021-22_cum,crm_machines_super_sms,394,machines,https://ppcb.punjab.gov.in/media/documents/FINAL_Action_Plan_Stubble_Burning_29May2022.pdf,"PPCB Action Plan for Control of Stubble Burning 2022, p.27: 'District Wise CRM Machinery provided under Subsidy 2018-19 to 2021-22' (cumulative achievement, machines provided under subsidy)"
Punjab,Ferozepur,2018-19_to_2021-22_cum,crm_machines_rotary_slasher,148,machines,https://ppcb.punjab.gov.in/media/documents/FINAL_Action_Plan_Stubble_Burning_29May2022.pdf,"PPCB Action Plan for Control of Stubble Burning 2022, p.27: 'District Wise CRM Machinery provided under Subsidy 2018-19 to 2021-22' (cumulative achievement, machines provided under subsidy)"
Punjab,Ferozepur,2018-19_to_2021-22_cum,crm_machines_shrub_master,14,machines,https://ppcb.punjab.gov.in/media/documents/FINAL_Action_Plan_Stubble_Burning_29May2022.pdf,"PPCB Action Plan for Control of Stubble Burning 2022, p.27: 'District Wise CRM Machinery provided under Subsidy 2018-19 to 2021-22' (cumulative achievement, machines provided under subsidy)"
Punjab,Ferozepur,2018-19_to_2021-22_cum,crm_machines_cutter_cum_spreader,109,machines,https://ppcb.punjab.gov.in/media/documents/FINAL_Action_Plan_Stubble_Burning_29May2022.pdf,"PPCB Action Plan for Control of Stubble Burning 2022, p.27: 'District Wise CRM Machinery provided under Subsidy 2018-19 to 2021-22' (cumulative achievement, machines provided under subsidy)"
Punjab,Ferozepur,2018-19_to_2021-22_cum,crm_machines_rotavator,118,machines,https://ppcb.punjab.gov.in/media/documents/FINAL_Action_Plan_Stubble_Burning_29May2022.pdf,"PPCB Action Plan for Control of Stubble Burning 2022, p.27: 'District Wise CRM Machinery provided under Subsidy 2018-19 to 2021-22' (cumulative achievement, machines provided under subsidy)"
Punjab,Ferozepur,2018-19_to_2021-22_cum,crm_machines_baler,11,machines,https://ppcb.punjab.gov.in/media/documents/FINAL_Action_Plan_Stubble_Burning_29May2022.pdf,"PPCB Action Plan for Control of Stubble Burning 2022, p.27: 'District Wise CRM Machinery provided under Subsidy 2018-19 to 2021-22' (cumulative achievement, machines provided under subsidy)"
Punjab,Ferozepur,2018-19_to_2021-22_cum,crm_machines_rake,13,machines,https://ppcb.punjab.gov.in/media/documents/FINAL_Action_Plan_Stubble_Burning_29May2022.pdf,"PPCB Action Plan for Control of Stubble Burning 2022, p.27: 'District Wise CRM Machinery provided under Subsidy 2018-19 to 2021-22' (cumulative achievement, machines provided under subsidy)"
Punjab,Ferozepur,2018-19_to_2021-22_cum,crm_machines_crop_reaper_reaper_binder,0,machines,https://ppcb.punjab.gov.in/media/documents/FINAL_Action_Plan_Stubble_Burning_29May2022.pdf,"PPCB Action Plan for Control of Stubble Burning 2022, p.27: 'District Wise CRM Machinery provided under Subsidy 2018-19 to 2021-22' (cumulative achievement, machines provided under subsidy)"
Punjab,Ferozepur,2018-19_to_2021-22_cum,crm_machines_total,6314,machines,https://ppcb.punjab.gov.in/media/documents/FINAL_Action_Plan_Stubble_Burning_29May2022.pdf,"PPCB Action Plan for Control of Stubble Burning 2022, p.27: 'District Wise CRM Machinery provided under Subsidy 2018-19 to 2021-22' (cumulative achievement, machines provided under subsidy)"
Punjab,Gurdaspur,2018-19_to_2021-22_cum,crm_machines_happy_seeder,503,machines,https://ppcb.punjab.gov.in/media/documents/FINAL_Action_Plan_Stubble_Burning_29May2022.pdf,"PPCB Action Plan for Control of Stubble Burning 2022, p.27: 'District Wise CRM Machinery provided under Subsidy 2018-19 to 2021-22' (cumulative achievement, machines provided under subsidy)"
Punjab,Gurdaspur,2018-19_to_2021-22_cum,crm_machines_super_seeder,1649,machines,https://ppcb.punjab.gov.in/media/documents/FINAL_Action_Plan_Stubble_Burning_29May2022.pdf,"PPCB Action Plan for Control of Stubble Burning 2022, p.27: 'District Wise CRM Machinery provided under Subsidy 2018-19 to 2021-22' (cumulative achievement, machines provided under subsidy)"
Punjab,Gurdaspur,2018-19_to_2021-22_cum,crm_machines_paddy_straw_chopper,327,machines,https://ppcb.punjab.gov.in/media/documents/FINAL_Action_Plan_Stubble_Burning_29May2022.pdf,"PPCB Action Plan for Control of Stubble Burning 2022, p.27: 'District Wise CRM Machinery provided under Subsidy 2018-19 to 2021-22' (cumulative achievement, machines provided under subsidy)"
Punjab,Gurdaspur,2018-19_to_2021-22_cum,crm_machines_mulcher,132,machines,https://ppcb.punjab.gov.in/media/documents/FINAL_Action_Plan_Stubble_Burning_29May2022.pdf,"PPCB Action Plan for Control of Stubble Burning 2022, p.27: 'District Wise CRM Machinery provided under Subsidy 2018-19 to 2021-22' (cumulative achievement, machines provided under subsidy)"
Punjab,Gurdaspur,2018-19_to_2021-22_cum,crm_machines_rmb_plough,187,machines,https://ppcb.punjab.gov.in/media/documents/FINAL_Action_Plan_Stubble_Burning_29May2022.pdf,"PPCB Action Plan for Control of Stubble Burning 2022, p.27: 'District Wise CRM Machinery provided under Subsidy 2018-19 to 2021-22' (cumulative achievement, machines provided under subsidy)"
Punjab,Gurdaspur,2018-19_to_2021-22_cum,crm_machines_zero_till_drill,462,machines,https://ppcb.punjab.gov.in/media/documents/FINAL_Action_Plan_Stubble_Burning_29May2022.pdf,"PPCB Action Plan for Control of Stubble Burning 2022, p.27: 'District Wise CRM Machinery provided under Subsidy 2018-19 to 2021-22' (cumulative achievement, machines provided under subsidy)"
Punjab,Gurdaspur,2018-19_to_2021-22_cum,crm_machines_super_sms,242,machines,https://ppcb.punjab.gov.in/media/documents/FINAL_Action_Plan_Stubble_Burning_29May2022.pdf,"PPCB Action Plan for Control of Stubble Burning 2022, p.27: 'District Wise CRM Machinery provided under Subsidy 2018-19 to 2021-22' (cumulative achievement, machines provided under subsidy)"
Punjab,Gurdaspur,2018-19_to_2021-22_cum,crm_machines_rotary_slasher,56,machines,https://ppcb.punjab.gov.in/media/documents/FINAL_Action_Plan_Stubble_Burning_29May2022.pdf,"PPCB Action Plan for Control of Stubble Burning 2022, p.27: 'District Wise CRM Machinery provided under Subsidy 2018-19 to 2021-22' (cumulative achievement, machines provided under subsidy)"
Punjab,Gurdaspur,2018-19_to_2021-22_cum,crm_machines_shrub_master,0,machines,https://ppcb.punjab.gov.in/media/documents/FINAL_Action_Plan_Stubble_Burning_29May2022.pdf,"PPCB Action Plan for Control of Stubble Burning 2022, p.27: 'District Wise CRM Machinery provided under Subsidy 2018-19 to 2021-22' (cumulative achievement, machines provided under subsidy)"
Punjab,Gurdaspur,2018-19_to_2021-22_cum,crm_machines_cutter_cum_spreader,25,machines,https://ppcb.punjab.gov.in/media/documents/FINAL_Action_Plan_Stubble_Burning_29May2022.pdf,"PPCB Action Plan for Control of Stubble Burning 2022, p.27: 'District Wise CRM Machinery provided under Subsidy 2018-19 to 2021-22' (cumulative achievement, machines provided under subsidy)"
Punjab,Gurdaspur,2018-19_to_2021-22_cum,crm_machines_rotavator,145,machines,https://ppcb.punjab.gov.in/media/documents/FINAL_Action_Plan_Stubble_Burning_29May2022.pdf,"PPCB Action Plan for Control of Stubble Burning 2022, p.27: 'District Wise CRM Machinery provided under Subsidy 2018-19 to 2021-22' (cumulative achievement, machines provided under subsidy)"
Punjab,Gurdaspur,2018-19_to_2021-22_cum,crm_machines_baler,4,machines,https://ppcb.punjab.gov.in/media/documents/FINAL_Action_Plan_Stubble_Burning_29May2022.pdf,"PPCB Action Plan for Control of Stubble Burning 2022, p.27: 'District Wise CRM Machinery provided under Subsidy 2018-19 to 2021-22' (cumulative achievement, machines provided under subsidy)"
Punjab,Gurdaspur,2018-19_to_2021-22_cum,crm_machines_rake,5,machines,https://ppcb.punjab.gov.in/media/documents/FINAL_Action_Plan_Stubble_Burning_29May2022.pdf,"PPCB Action Plan for Control of Stubble Burning 2022, p.27: 'District Wise CRM Machinery provided under Subsidy 2018-19 to 2021-22' (cumulative achievement, machines provided under subsidy)"
Punjab,Gurdaspur,2018-19_to_2021-22_cum,crm_machines_crop_reaper_reaper_binder,1,machines,https://ppcb.punjab.gov.in/media/documents/FINAL_Action_Plan_Stubble_Burning_29May2022.pdf,"PPCB Action Plan for Control of Stubble Burning 2022, p.27: 'District Wise CRM Machinery provided under Subsidy 2018-19 to 2021-22' (cumulative achievement, machines provided under subsidy)"
Punjab,Gurdaspur,2018-19_to_2021-22_cum,crm_machines_total,3738,machines,https://ppcb.punjab.gov.in/media/documents/FINAL_Action_Plan_Stubble_Burning_29May2022.pdf,"PPCB Action Plan for Control of Stubble Burning 2022, p.27: 'District Wise CRM Machinery provided under Subsidy 2018-19 to 2021-22' (cumulative achievement, machines provided under subsidy)"
Punjab,Hoshiarpur,2018-19_to_2021-22_cum,crm_machines_happy_seeder,170,machines,https://ppcb.punjab.gov.in/media/documents/FINAL_Action_Plan_Stubble_Burning_29May2022.pdf,"PPCB Action Plan for Control of Stubble Burning 2022, p.27: 'District Wise CRM Machinery provided under Subsidy 2018-19 to 2021-22' (cumulative achievement, machines provided under subsidy)"
Punjab,Hoshiarpur,2018-19_to_2021-22_cum,crm_machines_super_seeder,494,machines,https://ppcb.punjab.gov.in/media/documents/FINAL_Action_Plan_Stubble_Burning_29May2022.pdf,"PPCB Action Plan for Control of Stubble Burning 2022, p.27: 'District Wise CRM Machinery provided under Subsidy 2018-19 to 2021-22' (cumulative achievement, machines provided under subsidy)"
Punjab,Hoshiarpur,2018-19_to_2021-22_cum,crm_machines_paddy_straw_chopper,78,machines,https://ppcb.punjab.gov.in/media/documents/FINAL_Action_Plan_Stubble_Burning_29May2022.pdf,"PPCB Action Plan for Control of Stubble Burning 2022, p.27: 'District Wise CRM Machinery provided under Subsidy 2018-19 to 2021-22' (cumulative achievement, machines provided under subsidy)"
Punjab,Hoshiarpur,2018-19_to_2021-22_cum,crm_machines_mulcher,97,machines,https://ppcb.punjab.gov.in/media/documents/FINAL_Action_Plan_Stubble_Burning_29May2022.pdf,"PPCB Action Plan for Control of Stubble Burning 2022, p.27: 'District Wise CRM Machinery provided under Subsidy 2018-19 to 2021-22' (cumulative achievement, machines provided under subsidy)"
Punjab,Hoshiarpur,2018-19_to_2021-22_cum,crm_machines_rmb_plough,273,machines,https://ppcb.punjab.gov.in/media/documents/FINAL_Action_Plan_Stubble_Burning_29May2022.pdf,"PPCB Action Plan for Control of Stubble Burning 2022, p.27: 'District Wise CRM Machinery provided under Subsidy 2018-19 to 2021-22' (cumulative achievement, machines provided under subsidy)"
Punjab,Hoshiarpur,2018-19_to_2021-22_cum,crm_machines_zero_till_drill,200,machines,https://ppcb.punjab.gov.in/media/documents/FINAL_Action_Plan_Stubble_Burning_29May2022.pdf,"PPCB Action Plan for Control of Stubble Burning 2022, p.27: 'District Wise CRM Machinery provided under Subsidy 2018-19 to 2021-22' (cumulative achievement, machines provided under subsidy)"
Punjab,Hoshiarpur,2018-19_to_2021-22_cum,crm_machines_super_sms,64,machines,https://ppcb.punjab.gov.in/media/documents/FINAL_Action_Plan_Stubble_Burning_29May2022.pdf,"PPCB Action Plan for Control of Stubble Burning 2022, p.27: 'District Wise CRM Machinery provided under Subsidy 2018-19 to 2021-22' (cumulative achievement, machines provided under subsidy)"
Punjab,Hoshiarpur,2018-19_to_2021-22_cum,crm_machines_rotary_slasher,28,machines,https://ppcb.punjab.gov.in/media/documents/FINAL_Action_Plan_Stubble_Burning_29May2022.pdf,"PPCB Action Plan for Control of Stubble Burning 2022, p.27: 'District Wise CRM Machinery provided under Subsidy 2018-19 to 2021-22' (cumulative achievement, machines provided under subsidy)"
Punjab,Hoshiarpur,2018-19_to_2021-22_cum,crm_machines_shrub_master,0,machines,https://ppcb.punjab.gov.in/media/documents/FINAL_Action_Plan_Stubble_Burning_29May2022.pdf,"PPCB Action Plan for Control of Stubble Burning 2022, p.27: 'District Wise CRM Machinery provided under Subsidy 2018-19 to 2021-22' (cumulative achievement, machines provided under subsidy)"
Punjab,Hoshiarpur,2018-19_to_2021-22_cum,crm_machines_cutter_cum_spreader,15,machines,https://ppcb.punjab.gov.in/media/documents/FINAL_Action_Plan_Stubble_Burning_29May2022.pdf,"PPCB Action Plan for Control of Stubble Burning 2022, p.27: 'District Wise CRM Machinery provided under Subsidy 2018-19 to 2021-22' (cumulative achievement, machines provided under subsidy)"
Punjab,Hoshiarpur,2018-19_to_2021-22_cum,crm_machines_rotavator,137,machines,https://ppcb.punjab.gov.in/media/documents/FINAL_Action_Plan_Stubble_Burning_29May2022.pdf,"PPCB Action Plan for Control of Stubble Burning 2022, p.27: 'District Wise CRM Machinery provided under Subsidy 2018-19 to 2021-22' (cumulative achievement, machines provided under subsidy)"
Punjab,Hoshiarpur,2018-19_to_2021-22_cum,crm_machines_baler,8,machines,https://ppcb.punjab.gov.in/media/documents/FINAL_Action_Plan_Stubble_Burning_29May2022.pdf,"PPCB Action Plan for Control of Stubble Burning 2022, p.27: 'District Wise CRM Machinery provided under Subsidy 2018-19 to 2021-22' (cumulative achievement, machines provided under subsidy)"
Punjab,Hoshiarpur,2018-19_to_2021-22_cum,crm_machines_rake,8,machines,https://ppcb.punjab.gov.in/media/documents/FINAL_Action_Plan_Stubble_Burning_29May2022.pdf,"PPCB Action Plan for Control of Stubble Burning 2022, p.27: 'District Wise CRM Machinery provided under Subsidy 2018-19 to 2021-22' (cumulative achievement, machines provided under subsidy)"
Punjab,Hoshiarpur,2018-19_to_2021-22_cum,crm_machines_crop_reaper_reaper_binder,0,machines,https://ppcb.punjab.gov.in/media/documents/FINAL_Action_Plan_Stubble_Burning_29May2022.pdf,"PPCB Action Plan for Control of Stubble Burning 2022, p.27: 'District Wise CRM Machinery provided under Subsidy 2018-19 to 2021-22' (cumulative achievement, machines provided under subsidy)"
Punjab,Hoshiarpur,2018-19_to_2021-22_cum,crm_machines_total,1572,machines,https://ppcb.punjab.gov.in/media/documents/FINAL_Action_Plan_Stubble_Burning_29May2022.pdf,"PPCB Action Plan for Control of Stubble Burning 2022, p.27: 'District Wise CRM Machinery provided under Subsidy 2018-19 to 2021-22' (cumulative achievement, machines provided under subsidy)"
Punjab,Jalandhar,2018-19_to_2021-22_cum,crm_machines_happy_seeder,405,machines,https://ppcb.punjab.gov.in/media/documents/FINAL_Action_Plan_Stubble_Burning_29May2022.pdf,"PPCB Action Plan for Control of Stubble Burning 2022, p.27: 'District Wise CRM Machinery provided under Subsidy 2018-19 to 2021-22' (cumulative achievement, machines provided under subsidy)"
Punjab,Jalandhar,2018-19_to_2021-22_cum,crm_machines_super_seeder,1238,machines,https://ppcb.punjab.gov.in/media/documents/FINAL_Action_Plan_Stubble_Burning_29May2022.pdf,"PPCB Action Plan for Control of Stubble Burning 2022, p.27: 'District Wise CRM Machinery provided under Subsidy 2018-19 to 2021-22' (cumulative achievement, machines provided under subsidy)"
Punjab,Jalandhar,2018-19_to_2021-22_cum,crm_machines_paddy_straw_chopper,165,machines,https://ppcb.punjab.gov.in/media/documents/FINAL_Action_Plan_Stubble_Burning_29May2022.pdf,"PPCB Action Plan for Control of Stubble Burning 2022, p.27: 'District Wise CRM Machinery provided under Subsidy 2018-19 to 2021-22' (cumulative achievement, machines provided under subsidy)"
Punjab,Jalandhar,2018-19_to_2021-22_cum,crm_machines_mulcher,1180,machines,https://ppcb.punjab.gov.in/media/documents/FINAL_Action_Plan_Stubble_Burning_29May2022.pdf,"PPCB Action Plan for Control of Stubble Burning 2022, p.27: 'District Wise CRM Machinery provided under Subsidy 2018-19 to 2021-22' (cumulative achievement, machines provided under subsidy)"
Punjab,Jalandhar,2018-19_to_2021-22_cum,crm_machines_rmb_plough,1134,machines,https://ppcb.punjab.gov.in/media/documents/FINAL_Action_Plan_Stubble_Burning_29May2022.pdf,"PPCB Action Plan for Control of Stubble Burning 2022, p.27: 'District Wise CRM Machinery provided under Subsidy 2018-19 to 2021-22' (cumulative achievement, machines provided under subsidy)"
Punjab,Jalandhar,2018-19_to_2021-22_cum,crm_machines_zero_till_drill,350,machines,https://ppcb.punjab.gov.in/media/documents/FINAL_Action_Plan_Stubble_Burning_29May2022.pdf,"PPCB Action Plan for Control of Stubble Burning 2022, p.27: 'District Wise CRM Machinery provided under Subsidy 2018-19 to 2021-22' (cumulative achievement, machines provided under subsidy)"
Punjab,Jalandhar,2018-19_to_2021-22_cum,crm_machines_super_sms,380,machines,https://ppcb.punjab.gov.in/media/documents/FINAL_Action_Plan_Stubble_Burning_29May2022.pdf,"PPCB Action Plan for Control of Stubble Burning 2022, p.27: 'District Wise CRM Machinery provided under Subsidy 2018-19 to 2021-22' (cumulative achievement, machines provided under subsidy)"
Punjab,Jalandhar,2018-19_to_2021-22_cum,crm_machines_rotary_slasher,74,machines,https://ppcb.punjab.gov.in/media/documents/FINAL_Action_Plan_Stubble_Burning_29May2022.pdf,"PPCB Action Plan for Control of Stubble Burning 2022, p.27: 'District Wise CRM Machinery provided under Subsidy 2018-19 to 2021-22' (cumulative achievement, machines provided under subsidy)"
Punjab,Jalandhar,2018-19_to_2021-22_cum,crm_machines_shrub_master,0,machines,https://ppcb.punjab.gov.in/media/documents/FINAL_Action_Plan_Stubble_Burning_29May2022.pdf,"PPCB Action Plan for Control of Stubble Burning 2022, p.27: 'District Wise CRM Machinery provided under Subsidy 2018-19 to 2021-22' (cumulative achievement, machines provided under subsidy)"
Punjab,Jalandhar,2018-19_to_2021-22_cum,crm_machines_cutter_cum_spreader,14,machines,https://ppcb.punjab.gov.in/media/documents/FINAL_Action_Plan_Stubble_Burning_29May2022.pdf,"PPCB Action Plan for Control of Stubble Burning 2022, p.27: 'District Wise CRM Machinery provided under Subsidy 2018-19 to 2021-22' (cumulative achievement, machines provided under subsidy)"
Punjab,Jalandhar,2018-19_to_2021-22_cum,crm_machines_rotavator,238,machines,https://ppcb.punjab.gov.in/media/documents/FINAL_Action_Plan_Stubble_Burning_29May2022.pdf,"PPCB Action Plan for Control of Stubble Burning 2022, p.27: 'District Wise CRM Machinery provided under Subsidy 2018-19 to 2021-22' (cumulative achievement, machines provided under subsidy)"
Punjab,Jalandhar,2018-19_to_2021-22_cum,crm_machines_baler,26,machines,https://ppcb.punjab.gov.in/media/documents/FINAL_Action_Plan_Stubble_Burning_29May2022.pdf,"PPCB Action Plan for Control of Stubble Burning 2022, p.27: 'District Wise CRM Machinery provided under Subsidy 2018-19 to 2021-22' (cumulative achievement, machines provided under subsidy)"
Punjab,Jalandhar,2018-19_to_2021-22_cum,crm_machines_rake,25,machines,https://ppcb.punjab.gov.in/media/documents/FINAL_Action_Plan_Stubble_Burning_29May2022.pdf,"PPCB Action Plan for Control of Stubble Burning 2022, p.27: 'District Wise CRM Machinery provided under Subsidy 2018-19 to 2021-22' (cumulative achievement, machines provided under subsidy)"
Punjab,Jalandhar,2018-19_to_2021-22_cum,crm_machines_crop_reaper_reaper_binder,1,machines,https://ppcb.punjab.gov.in/media/documents/FINAL_Action_Plan_Stubble_Burning_29May2022.pdf,"PPCB Action Plan for Control of Stubble Burning 2022, p.27: 'District Wise CRM Machinery provided under Subsidy 2018-19 to 2021-22' (cumulative achievement, machines provided under subsidy)"
Punjab,Jalandhar,2018-19_to_2021-22_cum,crm_machines_total,5230,machines,https://ppcb.punjab.gov.in/media/documents/FINAL_Action_Plan_Stubble_Burning_29May2022.pdf,"PPCB Action Plan for Control of Stubble Burning 2022, p.27: 'District Wise CRM Machinery provided under Subsidy 2018-19 to 2021-22' (cumulative achievement, machines provided under subsidy)"
Punjab,Kapurthala,2018-19_to_2021-22_cum,crm_machines_happy_seeder,624,machines,https://ppcb.punjab.gov.in/media/documents/FINAL_Action_Plan_Stubble_Burning_29May2022.pdf,"PPCB Action Plan for Control of Stubble Burning 2022, p.27: 'District Wise CRM Machinery provided under Subsidy 2018-19 to 2021-22' (cumulative achievement, machines provided under subsidy)"
Punjab,Kapurthala,2018-19_to_2021-22_cum,crm_machines_super_seeder,770,machines,https://ppcb.punjab.gov.in/media/documents/FINAL_Action_Plan_Stubble_Burning_29May2022.pdf,"PPCB Action Plan for Control of Stubble Burning 2022, p.27: 'District Wise CRM Machinery provided under Subsidy 2018-19 to 2021-22' (cumulative achievement, machines provided under subsidy)"
Punjab,Kapurthala,2018-19_to_2021-22_cum,crm_machines_paddy_straw_chopper,89,machines,https://ppcb.punjab.gov.in/media/documents/FINAL_Action_Plan_Stubble_Burning_29May2022.pdf,"PPCB Action Plan for Control of Stubble Burning 2022, p.27: 'District Wise CRM Machinery provided under Subsidy 2018-19 to 2021-22' (cumulative achievement, machines provided under subsidy)"
Punjab,Kapurthala,2018-19_to_2021-22_cum,crm_machines_mulcher,1000,machines,https://ppcb.punjab.gov.in/media/documents/FINAL_Action_Plan_Stubble_Burning_29May2022.pdf,"PPCB Action Plan for Control of Stubble Burning 2022, p.27: 'District Wise CRM Machinery provided under Subsidy 2018-19 to 2021-22' (cumulative achievement, machines provided under subsidy)"
Punjab,Kapurthala,2018-19_to_2021-22_cum,crm_machines_rmb_plough,695,machines,https://ppcb.punjab.gov.in/media/documents/FINAL_Action_Plan_Stubble_Burning_29May2022.pdf,"PPCB Action Plan for Control of Stubble Burning 2022, p.27: 'District Wise CRM Machinery provided under Subsidy 2018-19 to 2021-22' (cumulative achievement, machines provided under subsidy)"
Punjab,Kapurthala,2018-19_to_2021-22_cum,crm_machines_zero_till_drill,292,machines,https://ppcb.punjab.gov.in/media/documents/FINAL_Action_Plan_Stubble_Burning_29May2022.pdf,"PPCB Action Plan for Control of Stubble Burning 2022, p.27: 'District Wise CRM Machinery provided under Subsidy 2018-19 to 2021-22' (cumulative achievement, machines provided under subsidy)"
Punjab,Kapurthala,2018-19_to_2021-22_cum,crm_machines_super_sms,197,machines,https://ppcb.punjab.gov.in/media/documents/FINAL_Action_Plan_Stubble_Burning_29May2022.pdf,"PPCB Action Plan for Control of Stubble Burning 2022, p.27: 'District Wise CRM Machinery provided under Subsidy 2018-19 to 2021-22' (cumulative achievement, machines provided under subsidy)"
Punjab,Kapurthala,2018-19_to_2021-22_cum,crm_machines_rotary_slasher,79,machines,https://ppcb.punjab.gov.in/media/documents/FINAL_Action_Plan_Stubble_Burning_29May2022.pdf,"PPCB Action Plan for Control of Stubble Burning 2022, p.27: 'District Wise CRM Machinery provided under Subsidy 2018-19 to 2021-22' (cumulative achievement, machines provided under subsidy)"
Punjab,Kapurthala,2018-19_to_2021-22_cum,crm_machines_shrub_master,0,machines,https://ppcb.punjab.gov.in/media/documents/FINAL_Action_Plan_Stubble_Burning_29May2022.pdf,"PPCB Action Plan for Control of Stubble Burning 2022, p.27: 'District Wise CRM Machinery provided under Subsidy 2018-19 to 2021-22' (cumulative achievement, machines provided under subsidy)"
Punjab,Kapurthala,2018-19_to_2021-22_cum,crm_machines_cutter_cum_spreader,21,machines,https://ppcb.punjab.gov.in/media/documents/FINAL_Action_Plan_Stubble_Burning_29May2022.pdf,"PPCB Action Plan for Control of Stubble Burning 2022, p.27: 'District Wise CRM Machinery provided under Subsidy 2018-19 to 2021-22' (cumulative achievement, machines provided under subsidy)"
Punjab,Kapurthala,2018-19_to_2021-22_cum,crm_machines_rotavator,144,machines,https://ppcb.punjab.gov.in/media/documents/FINAL_Action_Plan_Stubble_Burning_29May2022.pdf,"PPCB Action Plan for Control of Stubble Burning 2022, p.27: 'District Wise CRM Machinery provided under Subsidy 2018-19 to 2021-22' (cumulative achievement, machines provided under subsidy)"
Punjab,Kapurthala,2018-19_to_2021-22_cum,crm_machines_baler,13,machines,https://ppcb.punjab.gov.in/media/documents/FINAL_Action_Plan_Stubble_Burning_29May2022.pdf,"PPCB Action Plan for Control of Stubble Burning 2022, p.27: 'District Wise CRM Machinery provided under Subsidy 2018-19 to 2021-22' (cumulative achievement, machines provided under subsidy)"
Punjab,Kapurthala,2018-19_to_2021-22_cum,crm_machines_rake,12,machines,https://ppcb.punjab.gov.in/media/documents/FINAL_Action_Plan_Stubble_Burning_29May2022.pdf,"PPCB Action Plan for Control of Stubble Burning 2022, p.27: 'District Wise CRM Machinery provided under Subsidy 2018-19 to 2021-22' (cumulative achievement, machines provided under subsidy)"
Punjab,Kapurthala,2018-19_to_2021-22_cum,crm_machines_crop_reaper_reaper_binder,0,machines,https://ppcb.punjab.gov.in/media/documents/FINAL_Action_Plan_Stubble_Burning_29May2022.pdf,"PPCB Action Plan for Control of Stubble Burning 2022, p.27: 'District Wise CRM Machinery provided under Subsidy 2018-19 to 2021-22' (cumulative achievement, machines provided under subsidy)"
Punjab,Kapurthala,2018-19_to_2021-22_cum,crm_machines_total,3936,machines,https://ppcb.punjab.gov.in/media/documents/FINAL_Action_Plan_Stubble_Burning_29May2022.pdf,"PPCB Action Plan for Control of Stubble Burning 2022, p.27: 'District Wise CRM Machinery provided under Subsidy 2018-19 to 2021-22' (cumulative achievement, machines provided under subsidy)"
Punjab,Ludhiana,2018-19_to_2021-22_cum,crm_machines_happy_seeder,1126,machines,https://ppcb.punjab.gov.in/media/documents/FINAL_Action_Plan_Stubble_Burning_29May2022.pdf,"PPCB Action Plan for Control of Stubble Burning 2022, p.27: 'District Wise CRM Machinery provided under Subsidy 2018-19 to 2021-22' (cumulative achievement, machines provided under subsidy)"
Punjab,Ludhiana,2018-19_to_2021-22_cum,crm_machines_super_seeder,1150,machines,https://ppcb.punjab.gov.in/media/documents/FINAL_Action_Plan_Stubble_Burning_29May2022.pdf,"PPCB Action Plan for Control of Stubble Burning 2022, p.27: 'District Wise CRM Machinery provided under Subsidy 2018-19 to 2021-22' (cumulative achievement, machines provided under subsidy)"
Punjab,Ludhiana,2018-19_to_2021-22_cum,crm_machines_paddy_straw_chopper,218,machines,https://ppcb.punjab.gov.in/media/documents/FINAL_Action_Plan_Stubble_Burning_29May2022.pdf,"PPCB Action Plan for Control of Stubble Burning 2022, p.27: 'District Wise CRM Machinery provided under Subsidy 2018-19 to 2021-22' (cumulative achievement, machines provided under subsidy)"
Punjab,Ludhiana,2018-19_to_2021-22_cum,crm_machines_mulcher,793,machines,https://ppcb.punjab.gov.in/media/documents/FINAL_Action_Plan_Stubble_Burning_29May2022.pdf,"PPCB Action Plan for Control of Stubble Burning 2022, p.27: 'District Wise CRM Machinery provided under Subsidy 2018-19 to 2021-22' (cumulative achievement, machines provided under subsidy)"
Punjab,Ludhiana,2018-19_to_2021-22_cum,crm_machines_rmb_plough,808,machines,https://ppcb.punjab.gov.in/media/documents/FINAL_Action_Plan_Stubble_Burning_29May2022.pdf,"PPCB Action Plan for Control of Stubble Burning 2022, p.27: 'District Wise CRM Machinery provided under Subsidy 2018-19 to 2021-22' (cumulative achievement, machines provided under subsidy)"
Punjab,Ludhiana,2018-19_to_2021-22_cum,crm_machines_zero_till_drill,271,machines,https://ppcb.punjab.gov.in/media/documents/FINAL_Action_Plan_Stubble_Burning_29May2022.pdf,"PPCB Action Plan for Control of Stubble Burning 2022, p.27: 'District Wise CRM Machinery provided under Subsidy 2018-19 to 2021-22' (cumulative achievement, machines provided under subsidy)"
Punjab,Ludhiana,2018-19_to_2021-22_cum,crm_machines_super_sms,599,machines,https://ppcb.punjab.gov.in/media/documents/FINAL_Action_Plan_Stubble_Burning_29May2022.pdf,"PPCB Action Plan for Control of Stubble Burning 2022, p.27: 'District Wise CRM Machinery provided under Subsidy 2018-19 to 2021-22' (cumulative achievement, machines provided under subsidy)"
Punjab,Ludhiana,2018-19_to_2021-22_cum,crm_machines_rotary_slasher,21,machines,https://ppcb.punjab.gov.in/media/documents/FINAL_Action_Plan_Stubble_Burning_29May2022.pdf,"PPCB Action Plan for Control of Stubble Burning 2022, p.27: 'District Wise CRM Machinery provided under Subsidy 2018-19 to 2021-22' (cumulative achievement, machines provided under subsidy)"
Punjab,Ludhiana,2018-19_to_2021-22_cum,crm_machines_shrub_master,0,machines,https://ppcb.punjab.gov.in/media/documents/FINAL_Action_Plan_Stubble_Burning_29May2022.pdf,"PPCB Action Plan for Control of Stubble Burning 2022, p.27: 'District Wise CRM Machinery provided under Subsidy 2018-19 to 2021-22' (cumulative achievement, machines provided under subsidy)"
Punjab,Ludhiana,2018-19_to_2021-22_cum,crm_machines_cutter_cum_spreader,0,machines,https://ppcb.punjab.gov.in/media/documents/FINAL_Action_Plan_Stubble_Burning_29May2022.pdf,"PPCB Action Plan for Control of Stubble Burning 2022, p.27: 'District Wise CRM Machinery provided under Subsidy 2018-19 to 2021-22' (cumulative achievement, machines provided under subsidy)"
Punjab,Ludhiana,2018-19_to_2021-22_cum,crm_machines_rotavator,460,machines,https://ppcb.punjab.gov.in/media/documents/FINAL_Action_Plan_Stubble_Burning_29May2022.pdf,"PPCB Action Plan for Control of Stubble Burning 2022, p.27: 'District Wise CRM Machinery provided under Subsidy 2018-19 to 2021-22' (cumulative achievement, machines provided under subsidy)"
Punjab,Ludhiana,2018-19_to_2021-22_cum,crm_machines_baler,27,machines,https://ppcb.punjab.gov.in/media/documents/FINAL_Action_Plan_Stubble_Burning_29May2022.pdf,"PPCB Action Plan for Control of Stubble Burning 2022, p.27: 'District Wise CRM Machinery provided under Subsidy 2018-19 to 2021-22' (cumulative achievement, machines provided under subsidy)"
Punjab,Ludhiana,2018-19_to_2021-22_cum,crm_machines_rake,24,machines,https://ppcb.punjab.gov.in/media/documents/FINAL_Action_Plan_Stubble_Burning_29May2022.pdf,"PPCB Action Plan for Control of Stubble Burning 2022, p.27: 'District Wise CRM Machinery provided under Subsidy 2018-19 to 2021-22' (cumulative achievement, machines provided under subsidy)"
Punjab,Ludhiana,2018-19_to_2021-22_cum,crm_machines_crop_reaper_reaper_binder,0,machines,https://ppcb.punjab.gov.in/media/documents/FINAL_Action_Plan_Stubble_Burning_29May2022.pdf,"PPCB Action Plan for Control of Stubble Burning 2022, p.27: 'District Wise CRM Machinery provided under Subsidy 2018-19 to 2021-22' (cumulative achievement, machines provided under subsidy)"
Punjab,Ludhiana,2018-19_to_2021-22_cum,crm_machines_total,5497,machines,https://ppcb.punjab.gov.in/media/documents/FINAL_Action_Plan_Stubble_Burning_29May2022.pdf,"PPCB Action Plan for Control of Stubble Burning 2022, p.27: 'District Wise CRM Machinery provided under Subsidy 2018-19 to 2021-22' (cumulative achievement, machines provided under subsidy)"
Punjab,Mansa,2018-19_to_2021-22_cum,crm_machines_happy_seeder,1278,machines,https://ppcb.punjab.gov.in/media/documents/FINAL_Action_Plan_Stubble_Burning_29May2022.pdf,"PPCB Action Plan for Control of Stubble Burning 2022, p.27: 'District Wise CRM Machinery provided under Subsidy 2018-19 to 2021-22' (cumulative achievement, machines provided under subsidy)"
Punjab,Mansa,2018-19_to_2021-22_cum,crm_machines_super_seeder,1407,machines,https://ppcb.punjab.gov.in/media/documents/FINAL_Action_Plan_Stubble_Burning_29May2022.pdf,"PPCB Action Plan for Control of Stubble Burning 2022, p.27: 'District Wise CRM Machinery provided under Subsidy 2018-19 to 2021-22' (cumulative achievement, machines provided under subsidy)"
Punjab,Mansa,2018-19_to_2021-22_cum,crm_machines_paddy_straw_chopper,719,machines,https://ppcb.punjab.gov.in/media/documents/FINAL_Action_Plan_Stubble_Burning_29May2022.pdf,"PPCB Action Plan for Control of Stubble Burning 2022, p.27: 'District Wise CRM Machinery provided under Subsidy 2018-19 to 2021-22' (cumulative achievement, machines provided under subsidy)"
Punjab,Mansa,2018-19_to_2021-22_cum,crm_machines_mulcher,57,machines,https://ppcb.punjab.gov.in/media/documents/FINAL_Action_Plan_Stubble_Burning_29May2022.pdf,"PPCB Action Plan for Control of Stubble Burning 2022, p.27: 'District Wise CRM Machinery provided under Subsidy 2018-19 to 2021-22' (cumulative achievement, machines provided under subsidy)"
Punjab,Mansa,2018-19_to_2021-22_cum,crm_machines_rmb_plough,223,machines,https://ppcb.punjab.gov.in/media/documents/FINAL_Action_Plan_Stubble_Burning_29May2022.pdf,"PPCB Action Plan for Control of Stubble Burning 2022, p.27: 'District Wise CRM Machinery provided under Subsidy 2018-19 to 2021-22' (cumulative achievement, machines provided under subsidy)"
Punjab,Mansa,2018-19_to_2021-22_cum,crm_machines_zero_till_drill,1515,machines,https://ppcb.punjab.gov.in/media/documents/FINAL_Action_Plan_Stubble_Burning_29May2022.pdf,"PPCB Action Plan for Control of Stubble Burning 2022, p.27: 'District Wise CRM Machinery provided under Subsidy 2018-19 to 2021-22' (cumulative achievement, machines provided under subsidy)"
Punjab,Mansa,2018-19_to_2021-22_cum,crm_machines_super_sms,211,machines,https://ppcb.punjab.gov.in/media/documents/FINAL_Action_Plan_Stubble_Burning_29May2022.pdf,"PPCB Action Plan for Control of Stubble Burning 2022, p.27: 'District Wise CRM Machinery provided under Subsidy 2018-19 to 2021-22' (cumulative achievement, machines provided under subsidy)"
Punjab,Mansa,2018-19_to_2021-22_cum,crm_machines_rotary_slasher,3,machines,https://ppcb.punjab.gov.in/media/documents/FINAL_Action_Plan_Stubble_Burning_29May2022.pdf,"PPCB Action Plan for Control of Stubble Burning 2022, p.27: 'District Wise CRM Machinery provided under Subsidy 2018-19 to 2021-22' (cumulative achievement, machines provided under subsidy)"
Punjab,Mansa,2018-19_to_2021-22_cum,crm_machines_shrub_master,0,machines,https://ppcb.punjab.gov.in/media/documents/FINAL_Action_Plan_Stubble_Burning_29May2022.pdf,"PPCB Action Plan for Control of Stubble Burning 2022, p.27: 'District Wise CRM Machinery provided under Subsidy 2018-19 to 2021-22' (cumulative achievement, machines provided under subsidy)"
Punjab,Mansa,2018-19_to_2021-22_cum,crm_machines_cutter_cum_spreader,0,machines,https://ppcb.punjab.gov.in/media/documents/FINAL_Action_Plan_Stubble_Burning_29May2022.pdf,"PPCB Action Plan for Control of Stubble Burning 2022, p.27: 'District Wise CRM Machinery provided under Subsidy 2018-19 to 2021-22' (cumulative achievement, machines provided under subsidy)"
Punjab,Mansa,2018-19_to_2021-22_cum,crm_machines_rotavator,103,machines,https://ppcb.punjab.gov.in/media/documents/FINAL_Action_Plan_Stubble_Burning_29May2022.pdf,"PPCB Action Plan for Control of Stubble Burning 2022, p.27: 'District Wise CRM Machinery provided under Subsidy 2018-19 to 2021-22' (cumulative achievement, machines provided under subsidy)"
Punjab,Mansa,2018-19_to_2021-22_cum,crm_machines_baler,6,machines,https://ppcb.punjab.gov.in/media/documents/FINAL_Action_Plan_Stubble_Burning_29May2022.pdf,"PPCB Action Plan for Control of Stubble Burning 2022, p.27: 'District Wise CRM Machinery provided under Subsidy 2018-19 to 2021-22' (cumulative achievement, machines provided under subsidy)"
Punjab,Mansa,2018-19_to_2021-22_cum,crm_machines_rake,5,machines,https://ppcb.punjab.gov.in/media/documents/FINAL_Action_Plan_Stubble_Burning_29May2022.pdf,"PPCB Action Plan for Control of Stubble Burning 2022, p.27: 'District Wise CRM Machinery provided under Subsidy 2018-19 to 2021-22' (cumulative achievement, machines provided under subsidy)"
Punjab,Mansa,2018-19_to_2021-22_cum,crm_machines_crop_reaper_reaper_binder,0,machines,https://ppcb.punjab.gov.in/media/documents/FINAL_Action_Plan_Stubble_Burning_29May2022.pdf,"PPCB Action Plan for Control of Stubble Burning 2022, p.27: 'District Wise CRM Machinery provided under Subsidy 2018-19 to 2021-22' (cumulative achievement, machines provided under subsidy)"
Punjab,Mansa,2018-19_to_2021-22_cum,crm_machines_total,5527,machines,https://ppcb.punjab.gov.in/media/documents/FINAL_Action_Plan_Stubble_Burning_29May2022.pdf,"PPCB Action Plan for Control of Stubble Burning 2022, p.27: 'District Wise CRM Machinery provided under Subsidy 2018-19 to 2021-22' (cumulative achievement, machines provided under subsidy)"
Punjab,Moga,2018-19_to_2021-22_cum,crm_machines_happy_seeder,888,machines,https://ppcb.punjab.gov.in/media/documents/FINAL_Action_Plan_Stubble_Burning_29May2022.pdf,"PPCB Action Plan for Control of Stubble Burning 2022, p.27: 'District Wise CRM Machinery provided under Subsidy 2018-19 to 2021-22' (cumulative achievement, machines provided under subsidy)"
Punjab,Moga,2018-19_to_2021-22_cum,crm_machines_super_seeder,1290,machines,https://ppcb.punjab.gov.in/media/documents/FINAL_Action_Plan_Stubble_Burning_29May2022.pdf,"PPCB Action Plan for Control of Stubble Burning 2022, p.27: 'District Wise CRM Machinery provided under Subsidy 2018-19 to 2021-22' (cumulative achievement, machines provided under subsidy)"
Punjab,Moga,2018-19_to_2021-22_cum,crm_machines_paddy_straw_chopper,276,machines,https://ppcb.punjab.gov.in/media/documents/FINAL_Action_Plan_Stubble_Burning_29May2022.pdf,"PPCB Action Plan for Control of Stubble Burning 2022, p.27: 'District Wise CRM Machinery provided under Subsidy 2018-19 to 2021-22' (cumulative achievement, machines provided under subsidy)"
Punjab,Moga,2018-19_to_2021-22_cum,crm_machines_mulcher,300,machines,https://ppcb.punjab.gov.in/media/documents/FINAL_Action_Plan_Stubble_Burning_29May2022.pdf,"PPCB Action Plan for Control of Stubble Burning 2022, p.27: 'District Wise CRM Machinery provided under Subsidy 2018-19 to 2021-22' (cumulative achievement, machines provided under subsidy)"
Punjab,Moga,2018-19_to_2021-22_cum,crm_machines_rmb_plough,400,machines,https://ppcb.punjab.gov.in/media/documents/FINAL_Action_Plan_Stubble_Burning_29May2022.pdf,"PPCB Action Plan for Control of Stubble Burning 2022, p.27: 'District Wise CRM Machinery provided under Subsidy 2018-19 to 2021-22' (cumulative achievement, machines provided under subsidy)"
Punjab,Moga,2018-19_to_2021-22_cum,crm_machines_zero_till_drill,632,machines,https://ppcb.punjab.gov.in/media/documents/FINAL_Action_Plan_Stubble_Burning_29May2022.pdf,"PPCB Action Plan for Control of Stubble Burning 2022, p.27: 'District Wise CRM Machinery provided under Subsidy 2018-19 to 2021-22' (cumulative achievement, machines provided under subsidy)"
Punjab,Moga,2018-19_to_2021-22_cum,crm_machines_super_sms,537,machines,https://ppcb.punjab.gov.in/media/documents/FINAL_Action_Plan_Stubble_Burning_29May2022.pdf,"PPCB Action Plan for Control of Stubble Burning 2022, p.27: 'District Wise CRM Machinery provided under Subsidy 2018-19 to 2021-22' (cumulative achievement, machines provided under subsidy)"
Punjab,Moga,2018-19_to_2021-22_cum,crm_machines_rotary_slasher,13,machines,https://ppcb.punjab.gov.in/media/documents/FINAL_Action_Plan_Stubble_Burning_29May2022.pdf,"PPCB Action Plan for Control of Stubble Burning 2022, p.27: 'District Wise CRM Machinery provided under Subsidy 2018-19 to 2021-22' (cumulative achievement, machines provided under subsidy)"
Punjab,Moga,2018-19_to_2021-22_cum,crm_machines_shrub_master,0,machines,https://ppcb.punjab.gov.in/media/documents/FINAL_Action_Plan_Stubble_Burning_29May2022.pdf,"PPCB Action Plan for Control of Stubble Burning 2022, p.27: 'District Wise CRM Machinery provided under Subsidy 2018-19 to 2021-22' (cumulative achievement, machines provided under subsidy)"
Punjab,Moga,2018-19_to_2021-22_cum,crm_machines_cutter_cum_spreader,6,machines,https://ppcb.punjab.gov.in/media/documents/FINAL_Action_Plan_Stubble_Burning_29May2022.pdf,"PPCB Action Plan for Control of Stubble Burning 2022, p.27: 'District Wise CRM Machinery provided under Subsidy 2018-19 to 2021-22' (cumulative achievement, machines provided under subsidy)"
Punjab,Moga,2018-19_to_2021-22_cum,crm_machines_rotavator,152,machines,https://ppcb.punjab.gov.in/media/documents/FINAL_Action_Plan_Stubble_Burning_29May2022.pdf,"PPCB Action Plan for Control of Stubble Burning 2022, p.27: 'District Wise CRM Machinery provided under Subsidy 2018-19 to 2021-22' (cumulative achievement, machines provided under subsidy)"
Punjab,Moga,2018-19_to_2021-22_cum,crm_machines_baler,23,machines,https://ppcb.punjab.gov.in/media/documents/FINAL_Action_Plan_Stubble_Burning_29May2022.pdf,"PPCB Action Plan for Control of Stubble Burning 2022, p.27: 'District Wise CRM Machinery provided under Subsidy 2018-19 to 2021-22' (cumulative achievement, machines provided under subsidy)"
Punjab,Moga,2018-19_to_2021-22_cum,crm_machines_rake,16,machines,https://ppcb.punjab.gov.in/media/documents/FINAL_Action_Plan_Stubble_Burning_29May2022.pdf,"PPCB Action Plan for Control of Stubble Burning 2022, p.27: 'District Wise CRM Machinery provided under Subsidy 2018-19 to 2021-22' (cumulative achievement, machines provided under subsidy)"
Punjab,Moga,2018-19_to_2021-22_cum,crm_machines_crop_reaper_reaper_binder,0,machines,https://ppcb.punjab.gov.in/media/documents/FINAL_Action_Plan_Stubble_Burning_29May2022.pdf,"PPCB Action Plan for Control of Stubble Burning 2022, p.27: 'District Wise CRM Machinery provided under Subsidy 2018-19 to 2021-22' (cumulative achievement, machines provided under subsidy)"
Punjab,Moga,2018-19_to_2021-22_cum,crm_machines_total,4533,machines,https://ppcb.punjab.gov.in/media/documents/FINAL_Action_Plan_Stubble_Burning_29May2022.pdf,"PPCB Action Plan for Control of Stubble Burning 2022, p.27: 'District Wise CRM Machinery provided under Subsidy 2018-19 to 2021-22' (cumulative achievement, machines provided under subsidy)"
Punjab,Sri Muktsar Sahib,2018-19_to_2021-22_cum,crm_machines_happy_seeder,757,machines,https://ppcb.punjab.gov.in/media/documents/FINAL_Action_Plan_Stubble_Burning_29May2022.pdf,"PPCB Action Plan for Control of Stubble Burning 2022, p.27: 'District Wise CRM Machinery provided under Subsidy 2018-19 to 2021-22' (cumulative achievement, machines provided under subsidy)"
Punjab,Sri Muktsar Sahib,2018-19_to_2021-22_cum,crm_machines_super_seeder,2214,machines,https://ppcb.punjab.gov.in/media/documents/FINAL_Action_Plan_Stubble_Burning_29May2022.pdf,"PPCB Action Plan for Control of Stubble Burning 2022, p.27: 'District Wise CRM Machinery provided under Subsidy 2018-19 to 2021-22' (cumulative achievement, machines provided under subsidy)"
Punjab,Sri Muktsar Sahib,2018-19_to_2021-22_cum,crm_machines_paddy_straw_chopper,1084,machines,https://ppcb.punjab.gov.in/media/documents/FINAL_Action_Plan_Stubble_Burning_29May2022.pdf,"PPCB Action Plan for Control of Stubble Burning 2022, p.27: 'District Wise CRM Machinery provided under Subsidy 2018-19 to 2021-22' (cumulative achievement, machines provided under subsidy)"
Punjab,Sri Muktsar Sahib,2018-19_to_2021-22_cum,crm_machines_mulcher,129,machines,https://ppcb.punjab.gov.in/media/documents/FINAL_Action_Plan_Stubble_Burning_29May2022.pdf,"PPCB Action Plan for Control of Stubble Burning 2022, p.27: 'District Wise CRM Machinery provided under Subsidy 2018-19 to 2021-22' (cumulative achievement, machines provided under subsidy)"
Punjab,Sri Muktsar Sahib,2018-19_to_2021-22_cum,crm_machines_rmb_plough,662,machines,https://ppcb.punjab.gov.in/media/documents/FINAL_Action_Plan_Stubble_Burning_29May2022.pdf,"PPCB Action Plan for Control of Stubble Burning 2022, p.27: 'District Wise CRM Machinery provided under Subsidy 2018-19 to 2021-22' (cumulative achievement, machines provided under subsidy)"
Punjab,Sri Muktsar Sahib,2018-19_to_2021-22_cum,crm_machines_zero_till_drill,2252,machines,https://ppcb.punjab.gov.in/media/documents/FINAL_Action_Plan_Stubble_Burning_29May2022.pdf,"PPCB Action Plan for Control of Stubble Burning 2022, p.27: 'District Wise CRM Machinery provided under Subsidy 2018-19 to 2021-22' (cumulative achievement, machines provided under subsidy)"
Punjab,Sri Muktsar Sahib,2018-19_to_2021-22_cum,crm_machines_super_sms,80,machines,https://ppcb.punjab.gov.in/media/documents/FINAL_Action_Plan_Stubble_Burning_29May2022.pdf,"PPCB Action Plan for Control of Stubble Burning 2022, p.27: 'District Wise CRM Machinery provided under Subsidy 2018-19 to 2021-22' (cumulative achievement, machines provided under subsidy)"
Punjab,Sri Muktsar Sahib,2018-19_to_2021-22_cum,crm_machines_rotary_slasher,92,machines,https://ppcb.punjab.gov.in/media/documents/FINAL_Action_Plan_Stubble_Burning_29May2022.pdf,"PPCB Action Plan for Control of Stubble Burning 2022, p.27: 'District Wise CRM Machinery provided under Subsidy 2018-19 to 2021-22' (cumulative achievement, machines provided under subsidy)"
Punjab,Sri Muktsar Sahib,2018-19_to_2021-22_cum,crm_machines_shrub_master,26,machines,https://ppcb.punjab.gov.in/media/documents/FINAL_Action_Plan_Stubble_Burning_29May2022.pdf,"PPCB Action Plan for Control of Stubble Burning 2022, p.27: 'District Wise CRM Machinery provided under Subsidy 2018-19 to 2021-22' (cumulative achievement, machines provided under subsidy)"
Punjab,Sri Muktsar Sahib,2018-19_to_2021-22_cum,crm_machines_cutter_cum_spreader,491,machines,https://ppcb.punjab.gov.in/media/documents/FINAL_Action_Plan_Stubble_Burning_29May2022.pdf,"PPCB Action Plan for Control of Stubble Burning 2022, p.27: 'District Wise CRM Machinery provided under Subsidy 2018-19 to 2021-22' (cumulative achievement, machines provided under subsidy)"
Punjab,Sri Muktsar Sahib,2018-19_to_2021-22_cum,crm_machines_rotavator,180,machines,https://ppcb.punjab.gov.in/media/documents/FINAL_Action_Plan_Stubble_Burning_29May2022.pdf,"PPCB Action Plan for Control of Stubble Burning 2022, p.27: 'District Wise CRM Machinery provided under Subsidy 2018-19 to 2021-22' (cumulative achievement, machines provided under subsidy)"
Punjab,Sri Muktsar Sahib,2018-19_to_2021-22_cum,crm_machines_baler,19,machines,https://ppcb.punjab.gov.in/media/documents/FINAL_Action_Plan_Stubble_Burning_29May2022.pdf,"PPCB Action Plan for Control of Stubble Burning 2022, p.27: 'District Wise CRM Machinery provided under Subsidy 2018-19 to 2021-22' (cumulative achievement, machines provided under subsidy)"
Punjab,Sri Muktsar Sahib,2018-19_to_2021-22_cum,crm_machines_rake,16,machines,https://ppcb.punjab.gov.in/media/documents/FINAL_Action_Plan_Stubble_Burning_29May2022.pdf,"PPCB Action Plan for Control of Stubble Burning 2022, p.27: 'District Wise CRM Machinery provided under Subsidy 2018-19 to 2021-22' (cumulative achievement, machines provided under subsidy)"
Punjab,Sri Muktsar Sahib,2018-19_to_2021-22_cum,crm_machines_crop_reaper_reaper_binder,0,machines,https://ppcb.punjab.gov.in/media/documents/FINAL_Action_Plan_Stubble_Burning_29May2022.pdf,"PPCB Action Plan for Control of Stubble Burning 2022, p.27: 'District Wise CRM Machinery provided under Subsidy 2018-19 to 2021-22' (cumulative achievement, machines provided under subsidy)"
Punjab,Sri Muktsar Sahib,2018-19_to_2021-22_cum,crm_machines_total,8002,machines,https://ppcb.punjab.gov.in/media/documents/FINAL_Action_Plan_Stubble_Burning_29May2022.pdf,"PPCB Action Plan for Control of Stubble Burning 2022, p.27: 'District Wise CRM Machinery provided under Subsidy 2018-19 to 2021-22' (cumulative achievement, machines provided under subsidy)"
Punjab,Pathankot,2018-19_to_2021-22_cum,crm_machines_happy_seeder,5,machines,https://ppcb.punjab.gov.in/media/documents/FINAL_Action_Plan_Stubble_Burning_29May2022.pdf,"PPCB Action Plan for Control of Stubble Burning 2022, p.27: 'District Wise CRM Machinery provided under Subsidy 2018-19 to 2021-22' (cumulative achievement, machines provided under subsidy)"
Punjab,Pathankot,2018-19_to_2021-22_cum,crm_machines_super_seeder,34,machines,https://ppcb.punjab.gov.in/media/documents/FINAL_Action_Plan_Stubble_Burning_29May2022.pdf,"PPCB Action Plan for Control of Stubble Burning 2022, p.27: 'District Wise CRM Machinery provided under Subsidy 2018-19 to 2021-22' (cumulative achievement, machines provided under subsidy)"
Punjab,Pathankot,2018-19_to_2021-22_cum,crm_machines_paddy_straw_chopper,11,machines,https://ppcb.punjab.gov.in/media/documents/FINAL_Action_Plan_Stubble_Burning_29May2022.pdf,"PPCB Action Plan for Control of Stubble Burning 2022, p.27: 'District Wise CRM Machinery provided under Subsidy 2018-19 to 2021-22' (cumulative achievement, machines provided under subsidy)"
Punjab,Pathankot,2018-19_to_2021-22_cum,crm_machines_mulcher,11,machines,https://ppcb.punjab.gov.in/media/documents/FINAL_Action_Plan_Stubble_Burning_29May2022.pdf,"PPCB Action Plan for Control of Stubble Burning 2022, p.27: 'District Wise CRM Machinery provided under Subsidy 2018-19 to 2021-22' (cumulative achievement, machines provided under subsidy)"
Punjab,Pathankot,2018-19_to_2021-22_cum,crm_machines_rmb_plough,11,machines,https://ppcb.punjab.gov.in/media/documents/FINAL_Action_Plan_Stubble_Burning_29May2022.pdf,"PPCB Action Plan for Control of Stubble Burning 2022, p.27: 'District Wise CRM Machinery provided under Subsidy 2018-19 to 2021-22' (cumulative achievement, machines provided under subsidy)"
Punjab,Pathankot,2018-19_to_2021-22_cum,crm_machines_zero_till_drill,31,machines,https://ppcb.punjab.gov.in/media/documents/FINAL_Action_Plan_Stubble_Burning_29May2022.pdf,"PPCB Action Plan for Control of Stubble Burning 2022, p.27: 'District Wise CRM Machinery provided under Subsidy 2018-19 to 2021-22' (cumulative achievement, machines provided under subsidy)"
Punjab,Pathankot,2018-19_to_2021-22_cum,crm_machines_super_sms,1,machines,https://ppcb.punjab.gov.in/media/documents/FINAL_Action_Plan_Stubble_Burning_29May2022.pdf,"PPCB Action Plan for Control of Stubble Burning 2022, p.27: 'District Wise CRM Machinery provided under Subsidy 2018-19 to 2021-22' (cumulative achievement, machines provided under subsidy)"
Punjab,Pathankot,2018-19_to_2021-22_cum,crm_machines_rotary_slasher,2,machines,https://ppcb.punjab.gov.in/media/documents/FINAL_Action_Plan_Stubble_Burning_29May2022.pdf,"PPCB Action Plan for Control of Stubble Burning 2022, p.27: 'District Wise CRM Machinery provided under Subsidy 2018-19 to 2021-22' (cumulative achievement, machines provided under subsidy)"
Punjab,Pathankot,2018-19_to_2021-22_cum,crm_machines_shrub_master,0,machines,https://ppcb.punjab.gov.in/media/documents/FINAL_Action_Plan_Stubble_Burning_29May2022.pdf,"PPCB Action Plan for Control of Stubble Burning 2022, p.27: 'District Wise CRM Machinery provided under Subsidy 2018-19 to 2021-22' (cumulative achievement, machines provided under subsidy)"
Punjab,Pathankot,2018-19_to_2021-22_cum,crm_machines_cutter_cum_spreader,0,machines,https://ppcb.punjab.gov.in/media/documents/FINAL_Action_Plan_Stubble_Burning_29May2022.pdf,"PPCB Action Plan for Control of Stubble Burning 2022, p.27: 'District Wise CRM Machinery provided under Subsidy 2018-19 to 2021-22' (cumulative achievement, machines provided under subsidy)"
Punjab,Pathankot,2018-19_to_2021-22_cum,crm_machines_rotavator,23,machines,https://ppcb.punjab.gov.in/media/documents/FINAL_Action_Plan_Stubble_Burning_29May2022.pdf,"PPCB Action Plan for Control of Stubble Burning 2022, p.27: 'District Wise CRM Machinery provided under Subsidy 2018-19 to 2021-22' (cumulative achievement, machines provided under subsidy)"
Punjab,Pathankot,2018-19_to_2021-22_cum,crm_machines_baler,0,machines,https://ppcb.punjab.gov.in/media/documents/FINAL_Action_Plan_Stubble_Burning_29May2022.pdf,"PPCB Action Plan for Control of Stubble Burning 2022, p.27: 'District Wise CRM Machinery provided under Subsidy 2018-19 to 2021-22' (cumulative achievement, machines provided under subsidy)"
Punjab,Pathankot,2018-19_to_2021-22_cum,crm_machines_rake,0,machines,https://ppcb.punjab.gov.in/media/documents/FINAL_Action_Plan_Stubble_Burning_29May2022.pdf,"PPCB Action Plan for Control of Stubble Burning 2022, p.27: 'District Wise CRM Machinery provided under Subsidy 2018-19 to 2021-22' (cumulative achievement, machines provided under subsidy)"
Punjab,Pathankot,2018-19_to_2021-22_cum,crm_machines_crop_reaper_reaper_binder,2,machines,https://ppcb.punjab.gov.in/media/documents/FINAL_Action_Plan_Stubble_Burning_29May2022.pdf,"PPCB Action Plan for Control of Stubble Burning 2022, p.27: 'District Wise CRM Machinery provided under Subsidy 2018-19 to 2021-22' (cumulative achievement, machines provided under subsidy)"
Punjab,Pathankot,2018-19_to_2021-22_cum,crm_machines_total,131,machines,https://ppcb.punjab.gov.in/media/documents/FINAL_Action_Plan_Stubble_Burning_29May2022.pdf,"PPCB Action Plan for Control of Stubble Burning 2022, p.27: 'District Wise CRM Machinery provided under Subsidy 2018-19 to 2021-22' (cumulative achievement, machines provided under subsidy)"
Punjab,Patiala,2018-19_to_2021-22_cum,crm_machines_happy_seeder,697,machines,https://ppcb.punjab.gov.in/media/documents/FINAL_Action_Plan_Stubble_Burning_29May2022.pdf,"PPCB Action Plan for Control of Stubble Burning 2022, p.27: 'District Wise CRM Machinery provided under Subsidy 2018-19 to 2021-22' (cumulative achievement, machines provided under subsidy)"
Punjab,Patiala,2018-19_to_2021-22_cum,crm_machines_super_seeder,1695,machines,https://ppcb.punjab.gov.in/media/documents/FINAL_Action_Plan_Stubble_Burning_29May2022.pdf,"PPCB Action Plan for Control of Stubble Burning 2022, p.27: 'District Wise CRM Machinery provided under Subsidy 2018-19 to 2021-22' (cumulative achievement, machines provided under subsidy)"
Punjab,Patiala,2018-19_to_2021-22_cum,crm_machines_paddy_straw_chopper,347,machines,https://ppcb.punjab.gov.in/media/documents/FINAL_Action_Plan_Stubble_Burning_29May2022.pdf,"PPCB Action Plan for Control of Stubble Burning 2022, p.27: 'District Wise CRM Machinery provided under Subsidy 2018-19 to 2021-22' (cumulative achievement, machines provided under subsidy)"
Punjab,Patiala,2018-19_to_2021-22_cum,crm_machines_mulcher,248,machines,https://ppcb.punjab.gov.in/media/documents/FINAL_Action_Plan_Stubble_Burning_29May2022.pdf,"PPCB Action Plan for Control of Stubble Burning 2022, p.27: 'District Wise CRM Machinery provided under Subsidy 2018-19 to 2021-22' (cumulative achievement, machines provided under subsidy)"
Punjab,Patiala,2018-19_to_2021-22_cum,crm_machines_rmb_plough,370,machines,https://ppcb.punjab.gov.in/media/documents/FINAL_Action_Plan_Stubble_Burning_29May2022.pdf,"PPCB Action Plan for Control of Stubble Burning 2022, p.27: 'District Wise CRM Machinery provided under Subsidy 2018-19 to 2021-22' (cumulative achievement, machines provided under subsidy)"
Punjab,Patiala,2018-19_to_2021-22_cum,crm_machines_zero_till_drill,720,machines,https://ppcb.punjab.gov.in/media/documents/FINAL_Action_Plan_Stubble_Burning_29May2022.pdf,"PPCB Action Plan for Control of Stubble Burning 2022, p.27: 'District Wise CRM Machinery provided under Subsidy 2018-19 to 2021-22' (cumulative achievement, machines provided under subsidy)"
Punjab,Patiala,2018-19_to_2021-22_cum,crm_machines_super_sms,583,machines,https://ppcb.punjab.gov.in/media/documents/FINAL_Action_Plan_Stubble_Burning_29May2022.pdf,"PPCB Action Plan for Control of Stubble Burning 2022, p.27: 'District Wise CRM Machinery provided under Subsidy 2018-19 to 2021-22' (cumulative achievement, machines provided under subsidy)"
Punjab,Patiala,2018-19_to_2021-22_cum,crm_machines_rotary_slasher,38,machines,https://ppcb.punjab.gov.in/media/documents/FINAL_Action_Plan_Stubble_Burning_29May2022.pdf,"PPCB Action Plan for Control of Stubble Burning 2022, p.27: 'District Wise CRM Machinery provided under Subsidy 2018-19 to 2021-22' (cumulative achievement, machines provided under subsidy)"
Punjab,Patiala,2018-19_to_2021-22_cum,crm_machines_shrub_master,3,machines,https://ppcb.punjab.gov.in/media/documents/FINAL_Action_Plan_Stubble_Burning_29May2022.pdf,"PPCB Action Plan for Control of Stubble Burning 2022, p.27: 'District Wise CRM Machinery provided under Subsidy 2018-19 to 2021-22' (cumulative achievement, machines provided under subsidy)"
Punjab,Patiala,2018-19_to_2021-22_cum,crm_machines_cutter_cum_spreader,0,machines,https://ppcb.punjab.gov.in/media/documents/FINAL_Action_Plan_Stubble_Burning_29May2022.pdf,"PPCB Action Plan for Control of Stubble Burning 2022, p.27: 'District Wise CRM Machinery provided under Subsidy 2018-19 to 2021-22' (cumulative achievement, machines provided under subsidy)"
Punjab,Patiala,2018-19_to_2021-22_cum,crm_machines_rotavator,233,machines,https://ppcb.punjab.gov.in/media/documents/FINAL_Action_Plan_Stubble_Burning_29May2022.pdf,"PPCB Action Plan for Control of Stubble Burning 2022, p.27: 'District Wise CRM Machinery provided under Subsidy 2018-19 to 2021-22' (cumulative achievement, machines provided under subsidy)"
Punjab,Patiala,2018-19_to_2021-22_cum,crm_machines_baler,18,machines,https://ppcb.punjab.gov.in/media/documents/FINAL_Action_Plan_Stubble_Burning_29May2022.pdf,"PPCB Action Plan for Control of Stubble Burning 2022, p.27: 'District Wise CRM Machinery provided under Subsidy 2018-19 to 2021-22' (cumulative achievement, machines provided under subsidy)"
Punjab,Patiala,2018-19_to_2021-22_cum,crm_machines_rake,14,machines,https://ppcb.punjab.gov.in/media/documents/FINAL_Action_Plan_Stubble_Burning_29May2022.pdf,"PPCB Action Plan for Control of Stubble Burning 2022, p.27: 'District Wise CRM Machinery provided under Subsidy 2018-19 to 2021-22' (cumulative achievement, machines provided under subsidy)"
Punjab,Patiala,2018-19_to_2021-22_cum,crm_machines_crop_reaper_reaper_binder,0,machines,https://ppcb.punjab.gov.in/media/documents/FINAL_Action_Plan_Stubble_Burning_29May2022.pdf,"PPCB Action Plan for Control of Stubble Burning 2022, p.27: 'District Wise CRM Machinery provided under Subsidy 2018-19 to 2021-22' (cumulative achievement, machines provided under subsidy)"
Punjab,Patiala,2018-19_to_2021-22_cum,crm_machines_total,4966,machines,https://ppcb.punjab.gov.in/media/documents/FINAL_Action_Plan_Stubble_Burning_29May2022.pdf,"PPCB Action Plan for Control of Stubble Burning 2022, p.27: 'District Wise CRM Machinery provided under Subsidy 2018-19 to 2021-22' (cumulative achievement, machines provided under subsidy)"
Punjab,Ropar,2018-19_to_2021-22_cum,crm_machines_happy_seeder,134,machines,https://ppcb.punjab.gov.in/media/documents/FINAL_Action_Plan_Stubble_Burning_29May2022.pdf,"PPCB Action Plan for Control of Stubble Burning 2022, p.27: 'District Wise CRM Machinery provided under Subsidy 2018-19 to 2021-22' (cumulative achievement, machines provided under subsidy)"
Punjab,Ropar,2018-19_to_2021-22_cum,crm_machines_super_seeder,286,machines,https://ppcb.punjab.gov.in/media/documents/FINAL_Action_Plan_Stubble_Burning_29May2022.pdf,"PPCB Action Plan for Control of Stubble Burning 2022, p.27: 'District Wise CRM Machinery provided under Subsidy 2018-19 to 2021-22' (cumulative achievement, machines provided under subsidy)"
Punjab,Ropar,2018-19_to_2021-22_cum,crm_machines_paddy_straw_chopper,75,machines,https://ppcb.punjab.gov.in/media/documents/FINAL_Action_Plan_Stubble_Burning_29May2022.pdf,"PPCB Action Plan for Control of Stubble Burning 2022, p.27: 'District Wise CRM Machinery provided under Subsidy 2018-19 to 2021-22' (cumulative achievement, machines provided under subsidy)"
Punjab,Ropar,2018-19_to_2021-22_cum,crm_machines_mulcher,38,machines,https://ppcb.punjab.gov.in/media/documents/FINAL_Action_Plan_Stubble_Burning_29May2022.pdf,"PPCB Action Plan for Control of Stubble Burning 2022, p.27: 'District Wise CRM Machinery provided under Subsidy 2018-19 to 2021-22' (cumulative achievement, machines provided under subsidy)"
Punjab,Ropar,2018-19_to_2021-22_cum,crm_machines_rmb_plough,86,machines,https://ppcb.punjab.gov.in/media/documents/FINAL_Action_Plan_Stubble_Burning_29May2022.pdf,"PPCB Action Plan for Control of Stubble Burning 2022, p.27: 'District Wise CRM Machinery provided under Subsidy 2018-19 to 2021-22' (cumulative achievement, machines provided under subsidy)"
Punjab,Ropar,2018-19_to_2021-22_cum,crm_machines_zero_till_drill,122,machines,https://ppcb.punjab.gov.in/media/documents/FINAL_Action_Plan_Stubble_Burning_29May2022.pdf,"PPCB Action Plan for Control of Stubble Burning 2022, p.27: 'District Wise CRM Machinery provided under Subsidy 2018-19 to 2021-22' (cumulative achievement, machines provided under subsidy)"
Punjab,Ropar,2018-19_to_2021-22_cum,crm_machines_super_sms,65,machines,https://ppcb.punjab.gov.in/media/documents/FINAL_Action_Plan_Stubble_Burning_29May2022.pdf,"PPCB Action Plan for Control of Stubble Burning 2022, p.27: 'District Wise CRM Machinery provided under Subsidy 2018-19 to 2021-22' (cumulative achievement, machines provided under subsidy)"
Punjab,Ropar,2018-19_to_2021-22_cum,crm_machines_rotary_slasher,5,machines,https://ppcb.punjab.gov.in/media/documents/FINAL_Action_Plan_Stubble_Burning_29May2022.pdf,"PPCB Action Plan for Control of Stubble Burning 2022, p.27: 'District Wise CRM Machinery provided under Subsidy 2018-19 to 2021-22' (cumulative achievement, machines provided under subsidy)"
Punjab,Ropar,2018-19_to_2021-22_cum,crm_machines_shrub_master,3,machines,https://ppcb.punjab.gov.in/media/documents/FINAL_Action_Plan_Stubble_Burning_29May2022.pdf,"PPCB Action Plan for Control of Stubble Burning 2022, p.27: 'District Wise CRM Machinery provided under Subsidy 2018-19 to 2021-22' (cumulative achievement, machines provided under subsidy)"
Punjab,Ropar,2018-19_to_2021-22_cum,crm_machines_cutter_cum_spreader,0,machines,https://ppcb.punjab.gov.in/media/documents/FINAL_Action_Plan_Stubble_Burning_29May2022.pdf,"PPCB Action Plan for Control of Stubble Burning 2022, p.27: 'District Wise CRM Machinery provided under Subsidy 2018-19 to 2021-22' (cumulative achievement, machines provided under subsidy)"
Punjab,Ropar,2018-19_to_2021-22_cum,crm_machines_rotavator,83,machines,https://ppcb.punjab.gov.in/media/documents/FINAL_Action_Plan_Stubble_Burning_29May2022.pdf,"PPCB Action Plan for Control of Stubble Burning 2022, p.27: 'District Wise CRM Machinery provided under Subsidy 2018-19 to 2021-22' (cumulative achievement, machines provided under subsidy)"
Punjab,Ropar,2018-19_to_2021-22_cum,crm_machines_baler,3,machines,https://ppcb.punjab.gov.in/media/documents/FINAL_Action_Plan_Stubble_Burning_29May2022.pdf,"PPCB Action Plan for Control of Stubble Burning 2022, p.27: 'District Wise CRM Machinery provided under Subsidy 2018-19 to 2021-22' (cumulative achievement, machines provided under subsidy)"
Punjab,Ropar,2018-19_to_2021-22_cum,crm_machines_rake,3,machines,https://ppcb.punjab.gov.in/media/documents/FINAL_Action_Plan_Stubble_Burning_29May2022.pdf,"PPCB Action Plan for Control of Stubble Burning 2022, p.27: 'District Wise CRM Machinery provided under Subsidy 2018-19 to 2021-22' (cumulative achievement, machines provided under subsidy)"
Punjab,Ropar,2018-19_to_2021-22_cum,crm_machines_crop_reaper_reaper_binder,1,machines,https://ppcb.punjab.gov.in/media/documents/FINAL_Action_Plan_Stubble_Burning_29May2022.pdf,"PPCB Action Plan for Control of Stubble Burning 2022, p.27: 'District Wise CRM Machinery provided under Subsidy 2018-19 to 2021-22' (cumulative achievement, machines provided under subsidy)"
Punjab,Ropar,2018-19_to_2021-22_cum,crm_machines_total,904,machines,https://ppcb.punjab.gov.in/media/documents/FINAL_Action_Plan_Stubble_Burning_29May2022.pdf,"PPCB Action Plan for Control of Stubble Burning 2022, p.27: 'District Wise CRM Machinery provided under Subsidy 2018-19 to 2021-22' (cumulative achievement, machines provided under subsidy)"
Punjab,Sangrur,2018-19_to_2021-22_cum,crm_machines_happy_seeder,1496,machines,https://ppcb.punjab.gov.in/media/documents/FINAL_Action_Plan_Stubble_Burning_29May2022.pdf,"PPCB Action Plan for Control of Stubble Burning 2022, p.27: 'District Wise CRM Machinery provided under Subsidy 2018-19 to 2021-22' (cumulative achievement, machines provided under subsidy)"
Punjab,Sangrur,2018-19_to_2021-22_cum,crm_machines_super_seeder,2579,machines,https://ppcb.punjab.gov.in/media/documents/FINAL_Action_Plan_Stubble_Burning_29May2022.pdf,"PPCB Action Plan for Control of Stubble Burning 2022, p.27: 'District Wise CRM Machinery provided under Subsidy 2018-19 to 2021-22' (cumulative achievement, machines provided under subsidy)"
Punjab,Sangrur,2018-19_to_2021-22_cum,crm_machines_paddy_straw_chopper,572,machines,https://ppcb.punjab.gov.in/media/documents/FINAL_Action_Plan_Stubble_Burning_29May2022.pdf,"PPCB Action Plan for Control of Stubble Burning 2022, p.27: 'District Wise CRM Machinery provided under Subsidy 2018-19 to 2021-22' (cumulative achievement, machines provided under subsidy)"
Punjab,Sangrur,2018-19_to_2021-22_cum,crm_machines_mulcher,220,machines,https://ppcb.punjab.gov.in/media/documents/FINAL_Action_Plan_Stubble_Burning_29May2022.pdf,"PPCB Action Plan for Control of Stubble Burning 2022, p.27: 'District Wise CRM Machinery provided under Subsidy 2018-19 to 2021-22' (cumulative achievement, machines provided under subsidy)"
Punjab,Sangrur,2018-19_to_2021-22_cum,crm_machines_rmb_plough,286,machines,https://ppcb.punjab.gov.in/media/documents/FINAL_Action_Plan_Stubble_Burning_29May2022.pdf,"PPCB Action Plan for Control of Stubble Burning 2022, p.27: 'District Wise CRM Machinery provided under Subsidy 2018-19 to 2021-22' (cumulative achievement, machines provided under subsidy)"
Punjab,Sangrur,2018-19_to_2021-22_cum,crm_machines_zero_till_drill,1296,machines,https://ppcb.punjab.gov.in/media/documents/FINAL_Action_Plan_Stubble_Burning_29May2022.pdf,"PPCB Action Plan for Control of Stubble Burning 2022, p.27: 'District Wise CRM Machinery provided under Subsidy 2018-19 to 2021-22' (cumulative achievement, machines provided under subsidy)"
Punjab,Sangrur,2018-19_to_2021-22_cum,crm_machines_super_sms,773,machines,https://ppcb.punjab.gov.in/media/documents/FINAL_Action_Plan_Stubble_Burning_29May2022.pdf,"PPCB Action Plan for Control of Stubble Burning 2022, p.27: 'District Wise CRM Machinery provided under Subsidy 2018-19 to 2021-22' (cumulative achievement, machines provided under subsidy)"
Punjab,Sangrur,2018-19_to_2021-22_cum,crm_machines_rotary_slasher,27,machines,https://ppcb.punjab.gov.in/media/documents/FINAL_Action_Plan_Stubble_Burning_29May2022.pdf,"PPCB Action Plan for Control of Stubble Burning 2022, p.27: 'District Wise CRM Machinery provided under Subsidy 2018-19 to 2021-22' (cumulative achievement, machines provided under subsidy)"
Punjab,Sangrur,2018-19_to_2021-22_cum,crm_machines_shrub_master,0,machines,https://ppcb.punjab.gov.in/media/documents/FINAL_Action_Plan_Stubble_Burning_29May2022.pdf,"PPCB Action Plan for Control of Stubble Burning 2022, p.27: 'District Wise CRM Machinery provided under Subsidy 2018-19 to 2021-22' (cumulative achievement, machines provided under subsidy)"
Punjab,Sangrur,2018-19_to_2021-22_cum,crm_machines_cutter_cum_spreader,1,machines,https://ppcb.punjab.gov.in/media/documents/FINAL_Action_Plan_Stubble_Burning_29May2022.pdf,"PPCB Action Plan for Control of Stubble Burning 2022, p.27: 'District Wise CRM Machinery provided under Subsidy 2018-19 to 2021-22' (cumulative achievement, machines provided under subsidy)"
Punjab,Sangrur,2018-19_to_2021-22_cum,crm_machines_rotavator,279,machines,https://ppcb.punjab.gov.in/media/documents/FINAL_Action_Plan_Stubble_Burning_29May2022.pdf,"PPCB Action Plan for Control of Stubble Burning 2022, p.27: 'District Wise CRM Machinery provided under Subsidy 2018-19 to 2021-22' (cumulative achievement, machines provided under subsidy)"
Punjab,Sangrur,2018-19_to_2021-22_cum,crm_machines_baler,5,machines,https://ppcb.punjab.gov.in/media/documents/FINAL_Action_Plan_Stubble_Burning_29May2022.pdf,"PPCB Action Plan for Control of Stubble Burning 2022, p.27: 'District Wise CRM Machinery provided under Subsidy 2018-19 to 2021-22' (cumulative achievement, machines provided under subsidy)"
Punjab,Sangrur,2018-19_to_2021-22_cum,crm_machines_rake,4,machines,https://ppcb.punjab.gov.in/media/documents/FINAL_Action_Plan_Stubble_Burning_29May2022.pdf,"PPCB Action Plan for Control of Stubble Burning 2022, p.27: 'District Wise CRM Machinery provided under Subsidy 2018-19 to 2021-22' (cumulative achievement, machines provided under subsidy)"
Punjab,Sangrur,2018-19_to_2021-22_cum,crm_machines_crop_reaper_reaper_binder,0,machines,https://ppcb.punjab.gov.in/media/documents/FINAL_Action_Plan_Stubble_Burning_29May2022.pdf,"PPCB Action Plan for Control of Stubble Burning 2022, p.27: 'District Wise CRM Machinery provided under Subsidy 2018-19 to 2021-22' (cumulative achievement, machines provided under subsidy)"
Punjab,Sangrur,2018-19_to_2021-22_cum,crm_machines_total,7538,machines,https://ppcb.punjab.gov.in/media/documents/FINAL_Action_Plan_Stubble_Burning_29May2022.pdf,"PPCB Action Plan for Control of Stubble Burning 2022, p.27: 'District Wise CRM Machinery provided under Subsidy 2018-19 to 2021-22' (cumulative achievement, machines provided under subsidy)"
Punjab,Sas Nagar,2018-19_to_2021-22_cum,crm_machines_happy_seeder,38,machines,https://ppcb.punjab.gov.in/media/documents/FINAL_Action_Plan_Stubble_Burning_29May2022.pdf,"PPCB Action Plan for Control of Stubble Burning 2022, p.27: 'District Wise CRM Machinery provided under Subsidy 2018-19 to 2021-22' (cumulative achievement, machines provided under subsidy)"
Punjab,Sas Nagar,2018-19_to_2021-22_cum,crm_machines_super_seeder,132,machines,https://ppcb.punjab.gov.in/media/documents/FINAL_Action_Plan_Stubble_Burning_29May2022.pdf,"PPCB Action Plan for Control of Stubble Burning 2022, p.27: 'District Wise CRM Machinery provided under Subsidy 2018-19 to 2021-22' (cumulative achievement, machines provided under subsidy)"
Punjab,Sas Nagar,2018-19_to_2021-22_cum,crm_machines_paddy_straw_chopper,38,machines,https://ppcb.punjab.gov.in/media/documents/FINAL_Action_Plan_Stubble_Burning_29May2022.pdf,"PPCB Action Plan for Control of Stubble Burning 2022, p.27: 'District Wise CRM Machinery provided under Subsidy 2018-19 to 2021-22' (cumulative achievement, machines provided under subsidy)"
Punjab,Sas Nagar,2018-19_to_2021-22_cum,crm_machines_mulcher,34,machines,https://ppcb.punjab.gov.in/media/documents/FINAL_Action_Plan_Stubble_Burning_29May2022.pdf,"PPCB Action Plan for Control of Stubble Burning 2022, p.27: 'District Wise CRM Machinery provided under Subsidy 2018-19 to 2021-22' (cumulative achievement, machines provided under subsidy)"
Punjab,Sas Nagar,2018-19_to_2021-22_cum,crm_machines_rmb_plough,57,machines,https://ppcb.punjab.gov.in/media/documents/FINAL_Action_Plan_Stubble_Burning_29May2022.pdf,"PPCB Action Plan for Control of Stubble Burning 2022, p.27: 'District Wise CRM Machinery provided under Subsidy 2018-19 to 2021-22' (cumulative achievement, machines provided under subsidy)"
Punjab,Sas Nagar,2018-19_to_2021-22_cum,crm_machines_zero_till_drill,110,machines,https://ppcb.punjab.gov.in/media/documents/FINAL_Action_Plan_Stubble_Burning_29May2022.pdf,"PPCB Action Plan for Control of Stubble Burning 2022, p.27: 'District Wise CRM Machinery provided under Subsidy 2018-19 to 2021-22' (cumulative achievement, machines provided under subsidy)"
Punjab,Sas Nagar,2018-19_to_2021-22_cum,crm_machines_super_sms,65,machines,https://ppcb.punjab.gov.in/media/documents/FINAL_Action_Plan_Stubble_Burning_29May2022.pdf,"PPCB Action Plan for Control of Stubble Burning 2022, p.27: 'District Wise CRM Machinery provided under Subsidy 2018-19 to 2021-22' (cumulative achievement, machines provided under subsidy)"
Punjab,Sas Nagar,2018-19_to_2021-22_cum,crm_machines_rotary_slasher,29,machines,https://ppcb.punjab.gov.in/media/documents/FINAL_Action_Plan_Stubble_Burning_29May2022.pdf,"PPCB Action Plan for Control of Stubble Burning 2022, p.27: 'District Wise CRM Machinery provided under Subsidy 2018-19 to 2021-22' (cumulative achievement, machines provided under subsidy)"
Punjab,Sas Nagar,2018-19_to_2021-22_cum,crm_machines_shrub_master,3,machines,https://ppcb.punjab.gov.in/media/documents/FINAL_Action_Plan_Stubble_Burning_29May2022.pdf,"PPCB Action Plan for Control of Stubble Burning 2022, p.27: 'District Wise CRM Machinery provided under Subsidy 2018-19 to 2021-22' (cumulative achievement, machines provided under subsidy)"
Punjab,Sas Nagar,2018-19_to_2021-22_cum,crm_machines_cutter_cum_spreader,1,machines,https://ppcb.punjab.gov.in/media/documents/FINAL_Action_Plan_Stubble_Burning_29May2022.pdf,"PPCB Action Plan for Control of Stubble Burning 2022, p.27: 'District Wise CRM Machinery provided under Subsidy 2018-19 to 2021-22' (cumulative achievement, machines provided under subsidy)"
Punjab,Sas Nagar,2018-19_to_2021-22_cum,crm_machines_rotavator,127,machines,https://ppcb.punjab.gov.in/media/documents/FINAL_Action_Plan_Stubble_Burning_29May2022.pdf,"PPCB Action Plan for Control of Stubble Burning 2022, p.27: 'District Wise CRM Machinery provided under Subsidy 2018-19 to 2021-22' (cumulative achievement, machines provided under subsidy)"
Punjab,Sas Nagar,2018-19_to_2021-22_cum,crm_machines_baler,4,machines,https://ppcb.punjab.gov.in/media/documents/FINAL_Action_Plan_Stubble_Burning_29May2022.pdf,"PPCB Action Plan for Control of Stubble Burning 2022, p.27: 'District Wise CRM Machinery provided under Subsidy 2018-19 to 2021-22' (cumulative achievement, machines provided under subsidy)"
Punjab,Sas Nagar,2018-19_to_2021-22_cum,crm_machines_rake,4,machines,https://ppcb.punjab.gov.in/media/documents/FINAL_Action_Plan_Stubble_Burning_29May2022.pdf,"PPCB Action Plan for Control of Stubble Burning 2022, p.27: 'District Wise CRM Machinery provided under Subsidy 2018-19 to 2021-22' (cumulative achievement, machines provided under subsidy)"
Punjab,Sas Nagar,2018-19_to_2021-22_cum,crm_machines_crop_reaper_reaper_binder,0,machines,https://ppcb.punjab.gov.in/media/documents/FINAL_Action_Plan_Stubble_Burning_29May2022.pdf,"PPCB Action Plan for Control of Stubble Burning 2022, p.27: 'District Wise CRM Machinery provided under Subsidy 2018-19 to 2021-22' (cumulative achievement, machines provided under subsidy)"
Punjab,Sas Nagar,2018-19_to_2021-22_cum,crm_machines_total,642,machines,https://ppcb.punjab.gov.in/media/documents/FINAL_Action_Plan_Stubble_Burning_29May2022.pdf,"PPCB Action Plan for Control of Stubble Burning 2022, p.27: 'District Wise CRM Machinery provided under Subsidy 2018-19 to 2021-22' (cumulative achievement, machines provided under subsidy)"
Punjab,Sbs Nagar,2018-19_to_2021-22_cum,crm_machines_happy_seeder,123,machines,https://ppcb.punjab.gov.in/media/documents/FINAL_Action_Plan_Stubble_Burning_29May2022.pdf,"PPCB Action Plan for Control of Stubble Burning 2022, p.27: 'District Wise CRM Machinery provided under Subsidy 2018-19 to 2021-22' (cumulative achievement, machines provided under subsidy)"
Punjab,Sbs Nagar,2018-19_to_2021-22_cum,crm_machines_super_seeder,473,machines,https://ppcb.punjab.gov.in/media/documents/FINAL_Action_Plan_Stubble_Burning_29May2022.pdf,"PPCB Action Plan for Control of Stubble Burning 2022, p.27: 'District Wise CRM Machinery provided under Subsidy 2018-19 to 2021-22' (cumulative achievement, machines provided under subsidy)"
Punjab,Sbs Nagar,2018-19_to_2021-22_cum,crm_machines_paddy_straw_chopper,36,machines,https://ppcb.punjab.gov.in/media/documents/FINAL_Action_Plan_Stubble_Burning_29May2022.pdf,"PPCB Action Plan for Control of Stubble Burning 2022, p.27: 'District Wise CRM Machinery provided under Subsidy 2018-19 to 2021-22' (cumulative achievement, machines provided under subsidy)"
Punjab,Sbs Nagar,2018-19_to_2021-22_cum,crm_machines_mulcher,76,machines,https://ppcb.punjab.gov.in/media/documents/FINAL_Action_Plan_Stubble_Burning_29May2022.pdf,"PPCB Action Plan for Control of Stubble Burning 2022, p.27: 'District Wise CRM Machinery provided under Subsidy 2018-19 to 2021-22' (cumulative achievement, machines provided under subsidy)"
Punjab,Sbs Nagar,2018-19_to_2021-22_cum,crm_machines_rmb_plough,93,machines,https://ppcb.punjab.gov.in/media/documents/FINAL_Action_Plan_Stubble_Burning_29May2022.pdf,"PPCB Action Plan for Control of Stubble Burning 2022, p.27: 'District Wise CRM Machinery provided under Subsidy 2018-19 to 2021-22' (cumulative achievement, machines provided under subsidy)"
Punjab,Sbs Nagar,2018-19_to_2021-22_cum,crm_machines_zero_till_drill,96,machines,https://ppcb.punjab.gov.in/media/documents/FINAL_Action_Plan_Stubble_Burning_29May2022.pdf,"PPCB Action Plan for Control of Stubble Burning 2022, p.27: 'District Wise CRM Machinery provided under Subsidy 2018-19 to 2021-22' (cumulative achievement, machines provided under subsidy)"
Punjab,Sbs Nagar,2018-19_to_2021-22_cum,crm_machines_super_sms,169,machines,https://ppcb.punjab.gov.in/media/documents/FINAL_Action_Plan_Stubble_Burning_29May2022.pdf,"PPCB Action Plan for Control of Stubble Burning 2022, p.27: 'District Wise CRM Machinery provided under Subsidy 2018-19 to 2021-22' (cumulative achievement, machines provided under subsidy)"
Punjab,Sbs Nagar,2018-19_to_2021-22_cum,crm_machines_rotary_slasher,21,machines,https://ppcb.punjab.gov.in/media/documents/FINAL_Action_Plan_Stubble_Burning_29May2022.pdf,"PPCB Action Plan for Control of Stubble Burning 2022, p.27: 'District Wise CRM Machinery provided under Subsidy 2018-19 to 2021-22' (cumulative achievement, machines provided under subsidy)"
Punjab,Sbs Nagar,2018-19_to_2021-22_cum,crm_machines_shrub_master,0,machines,https://ppcb.punjab.gov.in/media/documents/FINAL_Action_Plan_Stubble_Burning_29May2022.pdf,"PPCB Action Plan for Control of Stubble Burning 2022, p.27: 'District Wise CRM Machinery provided under Subsidy 2018-19 to 2021-22' (cumulative achievement, machines provided under subsidy)"
Punjab,Sbs Nagar,2018-19_to_2021-22_cum,crm_machines_cutter_cum_spreader,0,machines,https://ppcb.punjab.gov.in/media/documents/FINAL_Action_Plan_Stubble_Burning_29May2022.pdf,"PPCB Action Plan for Control of Stubble Burning 2022, p.27: 'District Wise CRM Machinery provided under Subsidy 2018-19 to 2021-22' (cumulative achievement, machines provided under subsidy)"
Punjab,Sbs Nagar,2018-19_to_2021-22_cum,crm_machines_rotavator,105,machines,https://ppcb.punjab.gov.in/media/documents/FINAL_Action_Plan_Stubble_Burning_29May2022.pdf,"PPCB Action Plan for Control of Stubble Burning 2022, p.27: 'District Wise CRM Machinery provided under Subsidy 2018-19 to 2021-22' (cumulative achievement, machines provided under subsidy)"
Punjab,Sbs Nagar,2018-19_to_2021-22_cum,crm_machines_baler,11,machines,https://ppcb.punjab.gov.in/media/documents/FINAL_Action_Plan_Stubble_Burning_29May2022.pdf,"PPCB Action Plan for Control of Stubble Burning 2022, p.27: 'District Wise CRM Machinery provided under Subsidy 2018-19 to 2021-22' (cumulative achievement, machines provided under subsidy)"
Punjab,Sbs Nagar,2018-19_to_2021-22_cum,crm_machines_rake,10,machines,https://ppcb.punjab.gov.in/media/documents/FINAL_Action_Plan_Stubble_Burning_29May2022.pdf,"PPCB Action Plan for Control of Stubble Burning 2022, p.27: 'District Wise CRM Machinery provided under Subsidy 2018-19 to 2021-22' (cumulative achievement, machines provided under subsidy)"
Punjab,Sbs Nagar,2018-19_to_2021-22_cum,crm_machines_crop_reaper_reaper_binder,0,machines,https://ppcb.punjab.gov.in/media/documents/FINAL_Action_Plan_Stubble_Burning_29May2022.pdf,"PPCB Action Plan for Control of Stubble Burning 2022, p.27: 'District Wise CRM Machinery provided under Subsidy 2018-19 to 2021-22' (cumulative achievement, machines provided under subsidy)"
Punjab,Sbs Nagar,2018-19_to_2021-22_cum,crm_machines_total,1213,machines,https://ppcb.punjab.gov.in/media/documents/FINAL_Action_Plan_Stubble_Burning_29May2022.pdf,"PPCB Action Plan for Control of Stubble Burning 2022, p.27: 'District Wise CRM Machinery provided under Subsidy 2018-19 to 2021-22' (cumulative achievement, machines provided under subsidy)"
Punjab,Tarn Taran,2018-19_to_2021-22_cum,crm_machines_happy_seeder,665,machines,https://ppcb.punjab.gov.in/media/documents/FINAL_Action_Plan_Stubble_Burning_29May2022.pdf,"PPCB Action Plan for Control of Stubble Burning 2022, p.27: 'District Wise CRM Machinery provided under Subsidy 2018-19 to 2021-22' (cumulative achievement, machines provided under subsidy)"
Punjab,Tarn Taran,2018-19_to_2021-22_cum,crm_machines_super_seeder,1807,machines,https://ppcb.punjab.gov.in/media/documents/FINAL_Action_Plan_Stubble_Burning_29May2022.pdf,"PPCB Action Plan for Control of Stubble Burning 2022, p.27: 'District Wise CRM Machinery provided under Subsidy 2018-19 to 2021-22' (cumulative achievement, machines provided under subsidy)"
Punjab,Tarn Taran,2018-19_to_2021-22_cum,crm_machines_paddy_straw_chopper,434,machines,https://ppcb.punjab.gov.in/media/documents/FINAL_Action_Plan_Stubble_Burning_29May2022.pdf,"PPCB Action Plan for Control of Stubble Burning 2022, p.27: 'District Wise CRM Machinery provided under Subsidy 2018-19 to 2021-22' (cumulative achievement, machines provided under subsidy)"
Punjab,Tarn Taran,2018-19_to_2021-22_cum,crm_machines_mulcher,355,machines,https://ppcb.punjab.gov.in/media/documents/FINAL_Action_Plan_Stubble_Burning_29May2022.pdf,"PPCB Action Plan for Control of Stubble Burning 2022, p.27: 'District Wise CRM Machinery provided under Subsidy 2018-19 to 2021-22' (cumulative achievement, machines provided under subsidy)"
Punjab,Tarn Taran,2018-19_to_2021-22_cum,crm_machines_rmb_plough,365,machines,https://ppcb.punjab.gov.in/media/documents/FINAL_Action_Plan_Stubble_Burning_29May2022.pdf,"PPCB Action Plan for Control of Stubble Burning 2022, p.27: 'District Wise CRM Machinery provided under Subsidy 2018-19 to 2021-22' (cumulative achievement, machines provided under subsidy)"
Punjab,Tarn Taran,2018-19_to_2021-22_cum,crm_machines_zero_till_drill,725,machines,https://ppcb.punjab.gov.in/media/documents/FINAL_Action_Plan_Stubble_Burning_29May2022.pdf,"PPCB Action Plan for Control of Stubble Burning 2022, p.27: 'District Wise CRM Machinery provided under Subsidy 2018-19 to 2021-22' (cumulative achievement, machines provided under subsidy)"
Punjab,Tarn Taran,2018-19_to_2021-22_cum,crm_machines_super_sms,179,machines,https://ppcb.punjab.gov.in/media/documents/FINAL_Action_Plan_Stubble_Burning_29May2022.pdf,"PPCB Action Plan for Control of Stubble Burning 2022, p.27: 'District Wise CRM Machinery provided under Subsidy 2018-19 to 2021-22' (cumulative achievement, machines provided under subsidy)"
Punjab,Tarn Taran,2018-19_to_2021-22_cum,crm_machines_rotary_slasher,8,machines,https://ppcb.punjab.gov.in/media/documents/FINAL_Action_Plan_Stubble_Burning_29May2022.pdf,"PPCB Action Plan for Control of Stubble Burning 2022, p.27: 'District Wise CRM Machinery provided under Subsidy 2018-19 to 2021-22' (cumulative achievement, machines provided under subsidy)"
Punjab,Tarn Taran,2018-19_to_2021-22_cum,crm_machines_shrub_master,2,machines,https://ppcb.punjab.gov.in/media/documents/FINAL_Action_Plan_Stubble_Burning_29May2022.pdf,"PPCB Action Plan for Control of Stubble Burning 2022, p.27: 'District Wise CRM Machinery provided under Subsidy 2018-19 to 2021-22' (cumulative achievement, machines provided under subsidy)"
Punjab,Tarn Taran,2018-19_to_2021-22_cum,crm_machines_cutter_cum_spreader,11,machines,https://ppcb.punjab.gov.in/media/documents/FINAL_Action_Plan_Stubble_Burning_29May2022.pdf,"PPCB Action Plan for Control of Stubble Burning 2022, p.27: 'District Wise CRM Machinery provided under Subsidy 2018-19 to 2021-22' (cumulative achievement, machines provided under subsidy)"
Punjab,Tarn Taran,2018-19_to_2021-22_cum,crm_machines_rotavator,206,machines,https://ppcb.punjab.gov.in/media/documents/FINAL_Action_Plan_Stubble_Burning_29May2022.pdf,"PPCB Action Plan for Control of Stubble Burning 2022, p.27: 'District Wise CRM Machinery provided under Subsidy 2018-19 to 2021-22' (cumulative achievement, machines provided under subsidy)"
Punjab,Tarn Taran,2018-19_to_2021-22_cum,crm_machines_baler,15,machines,https://ppcb.punjab.gov.in/media/documents/FINAL_Action_Plan_Stubble_Burning_29May2022.pdf,"PPCB Action Plan for Control of Stubble Burning 2022, p.27: 'District Wise CRM Machinery provided under Subsidy 2018-19 to 2021-22' (cumulative achievement, machines provided under subsidy)"
Punjab,Tarn Taran,2018-19_to_2021-22_cum,crm_machines_rake,15,machines,https://ppcb.punjab.gov.in/media/documents/FINAL_Action_Plan_Stubble_Burning_29May2022.pdf,"PPCB Action Plan for Control of Stubble Burning 2022, p.27: 'District Wise CRM Machinery provided under Subsidy 2018-19 to 2021-22' (cumulative achievement, machines provided under subsidy)"
Punjab,Tarn Taran,2018-19_to_2021-22_cum,crm_machines_crop_reaper_reaper_binder,1,machines,https://ppcb.punjab.gov.in/media/documents/FINAL_Action_Plan_Stubble_Burning_29May2022.pdf,"PPCB Action Plan for Control of Stubble Burning 2022, p.27: 'District Wise CRM Machinery provided under Subsidy 2018-19 to 2021-22' (cumulative achievement, machines provided under subsidy)"
Punjab,Tarn Taran,2018-19_to_2021-22_cum,crm_machines_total,4788,machines,https://ppcb.punjab.gov.in/media/documents/FINAL_Action_Plan_Stubble_Burning_29May2022.pdf,"PPCB Action Plan for Control of Stubble Burning 2022, p.27: 'District Wise CRM Machinery provided under Subsidy 2018-19 to 2021-22' (cumulative achievement, machines provided under subsidy)"
